id,table,column,json_path,source_pointer,resolved_pointer,source_line,resolved_line,required_in_parent,variant,condition,storage,constraints
F0001,STR_REPORT,report_type_code,$.reportDetails.reportTypeCode,#/components/schemas/STRReport/properties/reportDetails/properties/reportTypeCode,#/components/schemas/reportTypeCode,1321,5616,True,,,colonne,"{""type"": ""integer"", ""enum"": [14, 102, 106, 113, 145]}"
F0002,STR_REPORT,submit_type_code,$.reportDetails.submitTypeCode,#/components/schemas/STRReport/properties/reportDetails/properties/submitTypeCode,#/components/schemas/submitTypeCode,1323,5630,True,,,colonne,"{""type"": ""integer"", ""enum"": [1, 2, 5]}"
F0003,STR_REPORT,activity_sector_code,$.reportDetails.activitySectorCode,#/components/schemas/STRReport/properties/reportDetails/properties/activitySectorCode,#/components/schemas/activitySectorCode,1325,5643,False,,,colonne,"{""type"": ""integer"", ""enum"": [1, 2, 3, 4, 5, 6, 9, 10, 11, 12, 13, 14, 15, 16, 17, 18, 19, 20, 21, 22, 24, 25, 26, 27, 28]}"
F0004,STR_REPORT,reporting_entity_number,$.reportDetails.reportingEntityNumber,#/components/schemas/STRReport/properties/reportDetails/properties/reportingEntityNumber,#/components/schemas/STRReport/properties/reportDetails/properties/reportingEntityNumber,1327,1327,True,,,colonne,"{""type"": ""number""}"
F0005,STR_REPORT,submitting_re_number,$.reportDetails.submittingReportingEntityNumber,#/components/schemas/STRReport/properties/reportDetails/properties/submittingReportingEntityNumber,#/components/schemas/STRReport/properties/reportDetails/properties/submittingReportingEntityNumber,1329,1329,True,,,colonne,"{""type"": ""number""}"
F0006,STR_REPORT,re_report_reference,$.reportDetails.reportingEntityReportReference,#/components/schemas/STRReport/properties/reportDetails/properties/reportingEntityReportReference,#/components/schemas/externalReportReference,1331,5637,True,,,colonne,"{""type"": ""string"", ""pattern"": ""^[A-Za-z0-9-_]{1,100}$""}"
F0007,STR_REPORT,re_contact_id,$.reportDetails.reportingEntityContactId,#/components/schemas/STRReport/properties/reportDetails/properties/reportingEntityContactId,#/components/schemas/STRReport/properties/reportDetails/properties/reportingEntityContactId,1333,1333,True,,,colonne,"{""type"": ""number""}"
F0008,STR_REPORT,ministerial_directive_code,$.reportDetails.ministerialDirectiveCode,#/components/schemas/STRReport/properties/reportDetails/properties/ministerialDirectiveCode,#/components/schemas/ministerialDirectiveCode,1335,5766,False,,,colonne,"{""type"": ""string"", ""enum"": [""IR2020""]}"
F0009,STR_REPORT,suspicious_activity_desc,$.detailsOfSuspicion.descriptionOfSuspiciousActivity,#/components/schemas/STRReport/properties/detailsOfSuspicion/properties/descriptionOfSuspiciousActivity,#/components/schemas/STRReport/properties/detailsOfSuspicion/properties/descriptionOfSuspiciousActivity,1348,1348,False,,,colonne,"{""type"": ""string""}"
F0010,STR_REPORT,suspicion_type_code,$.detailsOfSuspicion.suspicionTypeCode,#/components/schemas/STRReport/properties/detailsOfSuspicion/properties/suspicionTypeCode,#/components/schemas/STRReport/properties/detailsOfSuspicion/properties/suspicionTypeCode,1350,1350,False,,,colonne,"{""type"": ""integer"", ""enum"": [1, 2, 3, 4, 5, 6, 7]}"
F0011,STR_PPP_PROJECT,project_name_code,$.detailsOfSuspicion.publicPrivatePartnershipProjectNameCodes[],#/components/schemas/STRReport/properties/detailsOfSuspicion/properties/publicPrivatePartnershipProjectNameCodes/items,#/components/schemas/STRReport/properties/detailsOfSuspicion/properties/publicPrivatePartnershipProjectNameCodes/items,1370,1370,True,,,colonne,"{""type"": ""integer"", ""enum"": [1, 2, 3, 5, 6, 7, 8]}"
F0012,STR_REPORT,pep_included_indicator,$.detailsOfSuspicion.politicallyExposedPersonIncludedIndicator,#/components/schemas/STRReport/properties/detailsOfSuspicion/properties/politicallyExposedPersonIncludedIndicator,#/components/schemas/STRReport/properties/detailsOfSuspicion/properties/politicallyExposedPersonIncludedIndicator,1388,1388,False,,,colonne,"{""type"": ""boolean""}"
F0013,STR_RELATED_REPORT,re_report_reference,$.relatedReports[].reportingEntityReportReference,#/components/schemas/STRReport/properties/relatedReports/items/properties/reportingEntityReportReference,#/components/schemas/externalReportReference,1398,5637,True,,,colonne,"{""type"": ""string"", ""pattern"": ""^[A-Za-z0-9-_]{1,100}$""}"
F0014,STR_RELATED_REPORT_TXN_REF,txn_reference,$.relatedReports[].reportingEntityTransactionReferences[],#/components/schemas/STRReport/properties/relatedReports/items/properties/reportingEntityTransactionReferences/items,#/components/schemas/externalTransactionReference,1402,5640,True,,,colonne,"{""type"": ""string"", ""pattern"": ""^[A-Za-z0-9-_]{1,200}$""}"
F0015,STR_REPORT,action_taken_desc,$.actionTaken.description,#/components/schemas/STRReport/properties/actionTaken/properties/description,#/components/schemas/STRReport/properties/actionTaken/properties/description,1411,1411,False,,,colonne,"{""type"": ""string""}"
F0016,STR_DEFINITION,type_code,$.definitions[].typeCode,#/components/schemas/PersonName/properties/typeCode,#/components/schemas/PersonName/properties/typeCode,5280,5280,True,PersonName,typeCode de définition = 1,colonne,"{""type"": ""integer"", ""enum"": [1]}"
F0017,STR_DEFINITION,ref_id,$.definitions[].refId,#/components/schemas/PersonName/properties/refId,#/components/schemas/refId,5284,6309,True,PersonName,typeCode de définition = 1,colonne,"{""type"": ""string"", ""pattern"": ""^[A-Za-z0-9-_]{1,50}$""}"
F0018,STR_PERSON,given_name,$.definitions[].givenName,#/components/schemas/PersonName/properties/givenName,#/components/schemas/string100,5286,6269,False,PersonName,typeCode de définition = 1,colonne,"{""type"": ""string"", ""minLength"": 0, ""maxLength"": 100}"
F0019,STR_PERSON,surname,$.definitions[].surname,#/components/schemas/PersonName/properties/surname,#/components/schemas/string100,5288,6269,False,PersonName,typeCode de définition = 1,colonne,"{""type"": ""string"", ""minLength"": 0, ""maxLength"": 100}"
F0020,STR_PERSON,other_name_initial,$.definitions[].otherNameInitial,#/components/schemas/PersonName/properties/otherNameInitial,#/components/schemas/string100,5290,6269,False,PersonName,typeCode de définition = 1,colonne,"{""type"": ""string"", ""minLength"": 0, ""maxLength"": 100}"
F0021,STR_DEFINITION,type_code,$.definitions[].typeCode,#/components/schemas/EntityName/properties/typeCode,#/components/schemas/EntityName/properties/typeCode,5298,5298,True,EntityName,typeCode de définition = 2,colonne,"{""type"": ""integer"", ""enum"": [2]}"
F0022,STR_DEFINITION,ref_id,$.definitions[].refId,#/components/schemas/EntityName/properties/refId,#/components/schemas/refId,5302,6309,True,EntityName,typeCode de définition = 2,colonne,"{""type"": ""string"", ""pattern"": ""^[A-Za-z0-9-_]{1,50}$""}"
F0023,STR_ENTITY,name_of_entity,$.definitions[].nameOfEntity,#/components/schemas/EntityName/properties/nameOfEntity,#/components/schemas/string100,5304,6269,False,EntityName,typeCode de définition = 2,colonne,"{""type"": ""string"", ""minLength"": 0, ""maxLength"": 100}"
F0024,STR_DEFINITION,type_code,$.definitions[].typeCode,#/components/schemas/PersonDetails/properties/typeCode,#/components/schemas/PersonDetails/properties/typeCode,5313,5313,True,PersonDetails,typeCode de définition = 3,colonne,"{""type"": ""integer"", ""enum"": [3]}"
F0025,STR_DEFINITION,ref_id,$.definitions[].refId,#/components/schemas/PersonDetails/properties/refId,#/components/schemas/refId,5317,6309,True,PersonDetails,typeCode de définition = 3,colonne,"{""type"": ""string"", ""pattern"": ""^[A-Za-z0-9-_]{1,50}$""}"
F0026,STR_PERSON,given_name,$.definitions[].givenName,#/components/schemas/PersonDetails/properties/givenName,#/components/schemas/string100,5319,6269,False,PersonDetails,typeCode de définition = 3,colonne,"{""type"": ""string"", ""minLength"": 0, ""maxLength"": 100}"
F0027,STR_PERSON,surname,$.definitions[].surname,#/components/schemas/PersonDetails/properties/surname,#/components/schemas/string100,5321,6269,False,PersonDetails,typeCode de définition = 3,colonne,"{""type"": ""string"", ""minLength"": 0, ""maxLength"": 100}"
F0028,STR_PERSON,other_name_initial,$.definitions[].otherNameInitial,#/components/schemas/PersonDetails/properties/otherNameInitial,#/components/schemas/string100,5323,6269,False,PersonDetails,typeCode de définition = 3,colonne,"{""type"": ""string"", ""minLength"": 0, ""maxLength"": 100}"
F0029,STR_PERSON,alias,$.definitions[].alias,#/components/schemas/PersonDetails/properties/alias,#/components/schemas/string100,5325,6269,False,PersonDetails,typeCode de définition = 3,colonne,"{""type"": ""string"", ""minLength"": 0, ""maxLength"": 100}"
F0030,STR_PERSON,telephone_number,$.definitions[].telephoneNumber,#/components/schemas/PersonDetails/properties/telephoneNumber,#/components/schemas/string20,5327,6257,False,PersonDetails,typeCode de définition = 3,colonne,"{""type"": ""string"", ""minLength"": 0, ""maxLength"": 20}"
F0031,STR_PERSON,extension_number,$.definitions[].extensionNumber,#/components/schemas/PersonDetails/properties/extensionNumber,#/components/schemas/string10,5329,6253,False,PersonDetails,typeCode de définition = 3,colonne,"{""type"": ""string"", ""minLength"": 0, ""maxLength"": 10}"
F0032,STR_PERSON,date_of_birth,$.definitions[].dateOfBirth,#/components/schemas/PersonDetails/properties/dateOfBirth,#/components/schemas/localDate,5331,6303,False,PersonDetails,typeCode de définition = 3,colonne,"{""type"": ""string"", ""pattern"": ""^[0-9]{4}-[0-9]{2}-[0-9]{2}$""}"
F0033,STR_PERSON,country_of_residence_code,$.definitions[].countryOfResidenceCode,#/components/schemas/PersonDetails/properties/countryOfResidenceCode,#/components/schemas/CountryCode,5333,4583,False,PersonDetails,typeCode de définition = 3,colonne,"{""type"": ""string"", ""enum"": [""CA"", ""US"", ""AD"", ""AE"", ""AF"", ""AG"", ""AI"", ""AL"", ""AM"", ""AN"", ""AO"", ""AQ"", ""AR"", ""AS"", ""AT"", ""AU"", ""AW"", ""AX"", ""AZ"", ""BA"", ""BB"", ""BD"", ""BE"", ""BF"", ""BG"", ""BH"", ""BI"", ""BJ"", ""BL"", ""BM"", ""BN"", ""BO"", ""BQ"", ""BR"", ""BS"", ""BT"", ""BV"", ""BW"", ""BY"", ""BZ"", ""CC"", ""CD"", ""CF"", ""CG"", ""CH"", ""CI"", ""CK"", ""CL"", ""CM"", ""CN"", ""CO"", ""CR"", ""CS"", ""CU"", ""CV"", ""CW"", ""CX"", ""CY"", ""CZ"", ""DE"", ""DJ"", ""DK"", ""DM"", ""DO"", ""DZ"", ""EC"", ""EE"", ""EG"", ""EH"", ""ER"", ""ES"", ""ET"", ""FI"", ""FJ"", ""FK"", ""FM"", ""FO"", ""FR"", ""FX"", ""GA"", ""GB"", ""GD"", ""GE"", ""GF"", ""GG"", ""GH"", ""GI"", ""GL"", ""GM"", ""GN"", ""GP"", ""GQ"", ""GR"", ""GS"", ""GT"", ""GU"", ""GW"", ""GY"", ""HK"", ""HM"", ""HN"", ""HR"", ""HT"", ""HU"", ""ID"", ""IE"", ""IL"", ""IM"", ""IN"", ""IO"", ""IQ"", ""IR"", ""IS"", ""IT"", ""JE"", ""JM"", ""JO"", ""JP"", ""KE"", ""KG"", ""KH"", ""KI"", ""KM"", ""KN"", ""KP"", ""KR"", ""KW"", ""KY"", ""KZ"", ""LA"", ""LB"", ""LC"", ""LI"", ""LK"", ""LR"", ""LS"", ""LT"", ""LU"", ""LV"", ""LY"", ""MA"", ""MC"", ""MD"", ""ME"", ""MF"", ""MG"", ""MH"", ""MK"", ""ML"", ""MM"", ""MN"", ""MO"", ""MP"", ""MQ"", ""MR"", ""MS"", ""MT"", ""MU"", ""MV"", ""MW"", ""MX"", ""MY"", ""MZ"", ""NA"", ""NC"", ""NE"", ""NF"", ""NG"", ""NI"", ""NL"", ""NO"", ""NP"", ""NR"", ""NU"", ""NZ"", ""OM"", ""PA"", ""PE"", ""PF"", ""PG"", ""PH"", ""PK"", ""PL"", ""PM"", ""PN"", ""PR"", ""PS"", ""PT"", ""PW"", ""PY"", ""QA"", ""RE"", ""RO"", ""RS"", ""RU"", ""RW"", ""SA"", ""SB"", ""SC"", ""SD"", ""SE"", ""SG"", ""SH"", ""SI"", ""SJ"", ""SK"", ""SL"", ""SM"", ""SN"", ""SO"", ""SR"", ""SS"", ""ST"", ""SV"", ""SX"", ""SY"", ""SZ"", ""TC"", ""TD"", ""TF"", ""TG"", ""TH"", ""TJ"", ""TK"", ""TL"", ""TM"", ""TN"", ""TO"", ""TR"", ""TT"", ""TV"", ""TW"", ""TZ"", ""UA"", ""UG"", ""UM"", ""UY"", ""UZ"", ""VA"", ""VC"", ""VE"", ""VG"", ""VI"", ""VN"", ""VU"", ""WF"", ""WS"", ""YE"", ""YT"", ""ZA"", ""ZM"", ""ZW"", ""ZZ""]}"
F0034,STR_PERSON,occupation,$.definitions[].occupation,#/components/schemas/PersonDetails/properties/occupation,#/components/schemas/string200,5335,6273,False,PersonDetails,typeCode de définition = 3,colonne,"{""type"": ""string"", ""minLength"": 0, ""maxLength"": 200}"
F0035,STR_PERSON,name_of_employer,$.definitions[].nameOfEmployer,#/components/schemas/PersonDetails/properties/nameOfEmployer,#/components/schemas/string100,5337,6269,False,PersonDetails,typeCode de définition = 3,colonne,"{""type"": ""string"", ""minLength"": 0, ""maxLength"": 100}"
F0036,STR_PERSON,address_type_code,$.definitions[].addressTypeCode,#/components/schemas/PersonDetails/properties/addressTypeCode,#/components/schemas/addressTypeCode,5339,6504,False,PersonDetails,typeCode de définition = 3,colonne,"{""type"": ""integer"", ""enum"": [1, 2]}"
F0037,STR_ADDRESS,type_code,$.definitions[].address.typeCode,#/components/schemas/StructuredAddress/properties/typeCode,#/components/schemas/StructuredAddress/properties/typeCode,5520,5520,True,PersonDetails; StructuredAddress,typeCode de définition = 3; propriétaire STR_PERSON,colonne,"{""type"": ""integer"", ""enum"": [1]}"
F0038,STR_ADDRESS,unit_number,$.definitions[].address.unitNumber,#/components/schemas/StructuredAddress/properties/unitNumber,#/components/schemas/string10,5525,6253,False,PersonDetails; StructuredAddress,typeCode de définition = 3; propriétaire STR_PERSON,colonne,"{""type"": ""string"", ""minLength"": 0, ""maxLength"": 10}"
F0039,STR_ADDRESS,building_number,$.definitions[].address.buildingNumber,#/components/schemas/StructuredAddress/properties/buildingNumber,#/components/schemas/string10,5527,6253,False,PersonDetails; StructuredAddress,typeCode de définition = 3; propriétaire STR_PERSON,colonne,"{""type"": ""string"", ""minLength"": 0, ""maxLength"": 10}"
F0040,STR_ADDRESS,street_address,$.definitions[].address.streetAddress,#/components/schemas/StructuredAddress/properties/streetAddress,#/components/schemas/string100,5529,6269,False,PersonDetails; StructuredAddress,typeCode de définition = 3; propriétaire STR_PERSON,colonne,"{""type"": ""string"", ""minLength"": 0, ""maxLength"": 100}"
F0041,STR_ADDRESS,city,$.definitions[].address.city,#/components/schemas/StructuredAddress/properties/city,#/components/schemas/string100,5531,6269,False,PersonDetails; StructuredAddress,typeCode de définition = 3; propriétaire STR_PERSON,colonne,"{""type"": ""string"", ""minLength"": 0, ""maxLength"": 100}"
F0042,STR_ADDRESS,district,$.definitions[].address.district,#/components/schemas/StructuredAddress/properties/district,#/components/schemas/string100,5533,6269,False,PersonDetails; StructuredAddress,typeCode de définition = 3; propriétaire STR_PERSON,colonne,"{""type"": ""string"", ""minLength"": 0, ""maxLength"": 100}"
F0043,STR_ADDRESS,province_state_code,$.definitions[].address.provinceStateCode,#/components/schemas/StructuredAddress/properties/provinceStateCode,#/components/schemas/ProvinceStateCode/oneOf/0,5535,2776,False,PersonDetails; StructuredAddress; ProvinceStateCode/oneOf/0,typeCode de définition = 3; propriétaire STR_PERSON,colonne,"{""type"": ""string"", ""enum"": [""AB"", ""BC"", ""MB"", ""NB"", ""NL"", ""NT"", ""NS"", ""NU"", ""ON"", ""PE"", ""QC"", ""SK"", ""YT""]}"
F0044,STR_ADDRESS,province_state_code,$.definitions[].address.provinceStateCode,#/components/schemas/StructuredAddress/properties/provinceStateCode,#/components/schemas/ProvinceStateCode/oneOf/1,5535,2805,False,PersonDetails; StructuredAddress; ProvinceStateCode/oneOf/1,typeCode de définition = 3; propriétaire STR_PERSON,colonne,"{""type"": ""string"", ""enum"": [""AL"", ""AK"", ""AZ"", ""AR"", ""CA"", ""CO"", ""CT"", ""DE"", ""DC"", ""FL"", ""GA"", ""HI"", ""ID"", ""IL"", ""IN"", ""IA"", ""KS"", ""KY"", ""LA"", ""ME"", ""MD"", ""MA"", ""MI"", ""MN"", ""MS"", ""MO"", ""MT"", ""NE"", ""NV"", ""NH"", ""NJ"", ""NM"", ""NY"", ""NC"", ""ND"", ""OH"", ""OK"", ""OR"", ""PA"", ""RI"", ""SC"", ""SD"", ""TN"", ""TX"", ""UT"", ""VT"", ""VA"", ""WA"", ""WV"", ""WI"", ""WY""]}"
F0045,STR_ADDRESS,province_state_code,$.definitions[].address.provinceStateCode,#/components/schemas/StructuredAddress/properties/provinceStateCode,#/components/schemas/ProvinceStateCode/oneOf/2,5535,2910,False,PersonDetails; StructuredAddress; ProvinceStateCode/oneOf/2,typeCode de définition = 3; propriétaire STR_PERSON,colonne,"{""type"": ""string"", ""enum"": [""AG"", ""BA"", ""BJ"", ""CE"", ""CI"", ""CH"", ""CU"", ""CL"", ""DF"", ""DO"", ""GU"", ""GR"", ""HL"", ""JL"", ""MX"", ""MC"", ""MR"", ""NA"", ""NL"", ""OA"", ""PB"", ""QU"", ""QR"", ""SL"", ""SI"", ""SO"", ""TB"", ""TA"", ""TL"", ""VC"", ""YU"", ""ZA""]}"
F0046,STR_ADDRESS,province_state_code,$.definitions[].address.provinceStateCode,#/components/schemas/StructuredAddress/properties/provinceStateCode,#/components/schemas/ProvinceStateCode/oneOf/3,5535,2977,False,PersonDetails; StructuredAddress; ProvinceStateCode/oneOf/3,typeCode de définition = 3; propriétaire STR_PERSON,colonne,"{""type"": ""string"", ""minLength"": 2, ""maxLength"": 2}"
F0047,STR_ADDRESS,province_state_name,$.definitions[].address.provinceStateName,#/components/schemas/StructuredAddress/properties/provinceStateName,#/components/schemas/string100,5537,6269,False,PersonDetails; StructuredAddress,typeCode de définition = 3; propriétaire STR_PERSON,colonne,"{""type"": ""string"", ""minLength"": 0, ""maxLength"": 100}"
F0048,STR_ADDRESS,sub_province_sub_locality,$.definitions[].address.subProvinceSubLocality,#/components/schemas/StructuredAddress/properties/subProvinceSubLocality,#/components/schemas/StructuredAddress/properties/subProvinceSubLocality,5539,5539,False,PersonDetails; StructuredAddress,typeCode de définition = 3; propriétaire STR_PERSON,colonne,"{""type"": ""string"", ""maxLength"": 100}"
F0049,STR_ADDRESS,postal_zip_code,$.definitions[].address.postalZipCode,#/components/schemas/StructuredAddress/properties/postalZipCode,#/components/schemas/StructuredAddress/properties/postalZipCode,5542,5542,False,PersonDetails; StructuredAddress,typeCode de définition = 3; propriétaire STR_PERSON,colonne,"{""type"": ""string"", ""maxLength"": 20}"
F0050,STR_ADDRESS,country_code,$.definitions[].address.countryCode,#/components/schemas/StructuredAddress/properties/countryCode,#/components/schemas/CountryCode,5545,4583,False,PersonDetails; StructuredAddress,typeCode de définition = 3; propriétaire STR_PERSON,colonne,"{""type"": ""string"", ""enum"": [""CA"", ""US"", ""AD"", ""AE"", ""AF"", ""AG"", ""AI"", ""AL"", ""AM"", ""AN"", ""AO"", ""AQ"", ""AR"", ""AS"", ""AT"", ""AU"", ""AW"", ""AX"", ""AZ"", ""BA"", ""BB"", ""BD"", ""BE"", ""BF"", ""BG"", ""BH"", ""BI"", ""BJ"", ""BL"", ""BM"", ""BN"", ""BO"", ""BQ"", ""BR"", ""BS"", ""BT"", ""BV"", ""BW"", ""BY"", ""BZ"", ""CC"", ""CD"", ""CF"", ""CG"", ""CH"", ""CI"", ""CK"", ""CL"", ""CM"", ""CN"", ""CO"", ""CR"", ""CS"", ""CU"", ""CV"", ""CW"", ""CX"", ""CY"", ""CZ"", ""DE"", ""DJ"", ""DK"", ""DM"", ""DO"", ""DZ"", ""EC"", ""EE"", ""EG"", ""EH"", ""ER"", ""ES"", ""ET"", ""FI"", ""FJ"", ""FK"", ""FM"", ""FO"", ""FR"", ""FX"", ""GA"", ""GB"", ""GD"", ""GE"", ""GF"", ""GG"", ""GH"", ""GI"", ""GL"", ""GM"", ""GN"", ""GP"", ""GQ"", ""GR"", ""GS"", ""GT"", ""GU"", ""GW"", ""GY"", ""HK"", ""HM"", ""HN"", ""HR"", ""HT"", ""HU"", ""ID"", ""IE"", ""IL"", ""IM"", ""IN"", ""IO"", ""IQ"", ""IR"", ""IS"", ""IT"", ""JE"", ""JM"", ""JO"", ""JP"", ""KE"", ""KG"", ""KH"", ""KI"", ""KM"", ""KN"", ""KP"", ""KR"", ""KW"", ""KY"", ""KZ"", ""LA"", ""LB"", ""LC"", ""LI"", ""LK"", ""LR"", ""LS"", ""LT"", ""LU"", ""LV"", ""LY"", ""MA"", ""MC"", ""MD"", ""ME"", ""MF"", ""MG"", ""MH"", ""MK"", ""ML"", ""MM"", ""MN"", ""MO"", ""MP"", ""MQ"", ""MR"", ""MS"", ""MT"", ""MU"", ""MV"", ""MW"", ""MX"", ""MY"", ""MZ"", ""NA"", ""NC"", ""NE"", ""NF"", ""NG"", ""NI"", ""NL"", ""NO"", ""NP"", ""NR"", ""NU"", ""NZ"", ""OM"", ""PA"", ""PE"", ""PF"", ""PG"", ""PH"", ""PK"", ""PL"", ""PM"", ""PN"", ""PR"", ""PS"", ""PT"", ""PW"", ""PY"", ""QA"", ""RE"", ""RO"", ""RS"", ""RU"", ""RW"", ""SA"", ""SB"", ""SC"", ""SD"", ""SE"", ""SG"", ""SH"", ""SI"", ""SJ"", ""SK"", ""SL"", ""SM"", ""SN"", ""SO"", ""SR"", ""SS"", ""ST"", ""SV"", ""SX"", ""SY"", ""SZ"", ""TC"", ""TD"", ""TF"", ""TG"", ""TH"", ""TJ"", ""TK"", ""TL"", ""TM"", ""TN"", ""TO"", ""TR"", ""TT"", ""TV"", ""TW"", ""TZ"", ""UA"", ""UG"", ""UM"", ""UY"", ""UZ"", ""VA"", ""VC"", ""VE"", ""VG"", ""VI"", ""VN"", ""VU"", ""WF"", ""WS"", ""YE"", ""YT"", ""ZA"", ""ZM"", ""ZW"", ""ZZ""]}"
F0051,STR_ADDRESS,type_code,$.definitions[].address.typeCode,#/components/schemas/UnstructuredAddress/properties/typeCode,#/components/schemas/UnstructuredAddress/properties/typeCode,5553,5553,True,PersonDetails; UnstructuredAddress,typeCode de définition = 3; propriétaire STR_PERSON,colonne,"{""type"": ""integer"", ""enum"": [2]}"
F0052,STR_ADDRESS,country_code,$.definitions[].address.countryCode,#/components/schemas/UnstructuredAddress/properties/countryCode,#/components/schemas/CountryCode,5558,4583,False,PersonDetails; UnstructuredAddress,typeCode de définition = 3; propriétaire STR_PERSON,colonne,"{""type"": ""string"", ""enum"": [""CA"", ""US"", ""AD"", ""AE"", ""AF"", ""AG"", ""AI"", ""AL"", ""AM"", ""AN"", ""AO"", ""AQ"", ""AR"", ""AS"", ""AT"", ""AU"", ""AW"", ""AX"", ""AZ"", ""BA"", ""BB"", ""BD"", ""BE"", ""BF"", ""BG"", ""BH"", ""BI"", ""BJ"", ""BL"", ""BM"", ""BN"", ""BO"", ""BQ"", ""BR"", ""BS"", ""BT"", ""BV"", ""BW"", ""BY"", ""BZ"", ""CC"", ""CD"", ""CF"", ""CG"", ""CH"", ""CI"", ""CK"", ""CL"", ""CM"", ""CN"", ""CO"", ""CR"", ""CS"", ""CU"", ""CV"", ""CW"", ""CX"", ""CY"", ""CZ"", ""DE"", ""DJ"", ""DK"", ""DM"", ""DO"", ""DZ"", ""EC"", ""EE"", ""EG"", ""EH"", ""ER"", ""ES"", ""ET"", ""FI"", ""FJ"", ""FK"", ""FM"", ""FO"", ""FR"", ""FX"", ""GA"", ""GB"", ""GD"", ""GE"", ""GF"", ""GG"", ""GH"", ""GI"", ""GL"", ""GM"", ""GN"", ""GP"", ""GQ"", ""GR"", ""GS"", ""GT"", ""GU"", ""GW"", ""GY"", ""HK"", ""HM"", ""HN"", ""HR"", ""HT"", ""HU"", ""ID"", ""IE"", ""IL"", ""IM"", ""IN"", ""IO"", ""IQ"", ""IR"", ""IS"", ""IT"", ""JE"", ""JM"", ""JO"", ""JP"", ""KE"", ""KG"", ""KH"", ""KI"", ""KM"", ""KN"", ""KP"", ""KR"", ""KW"", ""KY"", ""KZ"", ""LA"", ""LB"", ""LC"", ""LI"", ""LK"", ""LR"", ""LS"", ""LT"", ""LU"", ""LV"", ""LY"", ""MA"", ""MC"", ""MD"", ""ME"", ""MF"", ""MG"", ""MH"", ""MK"", ""ML"", ""MM"", ""MN"", ""MO"", ""MP"", ""MQ"", ""MR"", ""MS"", ""MT"", ""MU"", ""MV"", ""MW"", ""MX"", ""MY"", ""MZ"", ""NA"", ""NC"", ""NE"", ""NF"", ""NG"", ""NI"", ""NL"", ""NO"", ""NP"", ""NR"", ""NU"", ""NZ"", ""OM"", ""PA"", ""PE"", ""PF"", ""PG"", ""PH"", ""PK"", ""PL"", ""PM"", ""PN"", ""PR"", ""PS"", ""PT"", ""PW"", ""PY"", ""QA"", ""RE"", ""RO"", ""RS"", ""RU"", ""RW"", ""SA"", ""SB"", ""SC"", ""SD"", ""SE"", ""SG"", ""SH"", ""SI"", ""SJ"", ""SK"", ""SL"", ""SM"", ""SN"", ""SO"", ""SR"", ""SS"", ""ST"", ""SV"", ""SX"", ""SY"", ""SZ"", ""TC"", ""TD"", ""TF"", ""TG"", ""TH"", ""TJ"", ""TK"", ""TL"", ""TM"", ""TN"", ""TO"", ""TR"", ""TT"", ""TV"", ""TW"", ""TZ"", ""UA"", ""UG"", ""UM"", ""UY"", ""UZ"", ""VA"", ""VC"", ""VE"", ""VG"", ""VI"", ""VN"", ""VU"", ""WF"", ""WS"", ""YE"", ""YT"", ""ZA"", ""ZM"", ""ZW"", ""ZZ""]}"
F0053,STR_ADDRESS,unstructured,$.definitions[].address.unstructured,#/components/schemas/UnstructuredAddress/properties/unstructured,#/components/schemas/string500,5560,6277,True,PersonDetails; UnstructuredAddress,typeCode de définition = 3; propriétaire STR_PERSON,colonne,"{""type"": ""string"", ""minLength"": 0, ""maxLength"": 500}"
F0054,STR_IDENTIFICATION,identifier_type_code,$.definitions[].identifications[].identifierTypeCode,#/components/schemas/personIdentificationWithJurisdiction/properties/identifierTypeCode,#/components/schemas/personIdentificationWithJurisdiction/properties/identifierTypeCode,6315,6315,False,PersonDetails,typeCode de définition = 3,colonne,"{""type"": ""integer"", ""enum"": [1, 2, 3, 4, 5, 14, 15, 27, 32, 33, 34, 35, 36, 37, 38, 39, 40]}"
F0055,STR_IDENTIFICATION,identifier_type_other,$.definitions[].identifications[].identifierTypeOther,#/components/schemas/personIdentificationWithJurisdiction/properties/identifierTypeOther,#/components/schemas/string200,6354,6273,False,PersonDetails,typeCode de définition = 3,colonne,"{""type"": ""string"", ""minLength"": 0, ""maxLength"": 200}"
F0056,STR_IDENTIFICATION,number,$.definitions[].identifications[].number,#/components/schemas/personIdentificationWithJurisdiction/properties/number,#/components/schemas/string100,6356,6269,False,PersonDetails,typeCode de définition = 3,colonne,"{""type"": ""string"", ""minLength"": 0, ""maxLength"": 100}"
F0057,STR_IDENTIFICATION,jurisdiction_country_code,$.definitions[].identifications[].jurisdictionOfIssueCountryCode,#/components/schemas/personIdentificationWithJurisdiction/properties/jurisdictionOfIssueCountryCode,#/components/schemas/CountryCode,6358,4583,False,PersonDetails,typeCode de définition = 3,colonne,"{""type"": ""string"", ""enum"": [""CA"", ""US"", ""AD"", ""AE"", ""AF"", ""AG"", ""AI"", ""AL"", ""AM"", ""AN"", ""AO"", ""AQ"", ""AR"", ""AS"", ""AT"", ""AU"", ""AW"", ""AX"", ""AZ"", ""BA"", ""BB"", ""BD"", ""BE"", ""BF"", ""BG"", ""BH"", ""BI"", ""BJ"", ""BL"", ""BM"", ""BN"", ""BO"", ""BQ"", ""BR"", ""BS"", ""BT"", ""BV"", ""BW"", ""BY"", ""BZ"", ""CC"", ""CD"", ""CF"", ""CG"", ""CH"", ""CI"", ""CK"", ""CL"", ""CM"", ""CN"", ""CO"", ""CR"", ""CS"", ""CU"", ""CV"", ""CW"", ""CX"", ""CY"", ""CZ"", ""DE"", ""DJ"", ""DK"", ""DM"", ""DO"", ""DZ"", ""EC"", ""EE"", ""EG"", ""EH"", ""ER"", ""ES"", ""ET"", ""FI"", ""FJ"", ""FK"", ""FM"", ""FO"", ""FR"", ""FX"", ""GA"", ""GB"", ""GD"", ""GE"", ""GF"", ""GG"", ""GH"", ""GI"", ""GL"", ""GM"", ""GN"", ""GP"", ""GQ"", ""GR"", ""GS"", ""GT"", ""GU"", ""GW"", ""GY"", ""HK"", ""HM"", ""HN"", ""HR"", ""HT"", ""HU"", ""ID"", ""IE"", ""IL"", ""IM"", ""IN"", ""IO"", ""IQ"", ""IR"", ""IS"", ""IT"", ""JE"", ""JM"", ""JO"", ""JP"", ""KE"", ""KG"", ""KH"", ""KI"", ""KM"", ""KN"", ""KP"", ""KR"", ""KW"", ""KY"", ""KZ"", ""LA"", ""LB"", ""LC"", ""LI"", ""LK"", ""LR"", ""LS"", ""LT"", ""LU"", ""LV"", ""LY"", ""MA"", ""MC"", ""MD"", ""ME"", ""MF"", ""MG"", ""MH"", ""MK"", ""ML"", ""MM"", ""MN"", ""MO"", ""MP"", ""MQ"", ""MR"", ""MS"", ""MT"", ""MU"", ""MV"", ""MW"", ""MX"", ""MY"", ""MZ"", ""NA"", ""NC"", ""NE"", ""NF"", ""NG"", ""NI"", ""NL"", ""NO"", ""NP"", ""NR"", ""NU"", ""NZ"", ""OM"", ""PA"", ""PE"", ""PF"", ""PG"", ""PH"", ""PK"", ""PL"", ""PM"", ""PN"", ""PR"", ""PS"", ""PT"", ""PW"", ""PY"", ""QA"", ""RE"", ""RO"", ""RS"", ""RU"", ""RW"", ""SA"", ""SB"", ""SC"", ""SD"", ""SE"", ""SG"", ""SH"", ""SI"", ""SJ"", ""SK"", ""SL"", ""SM"", ""SN"", ""SO"", ""SR"", ""SS"", ""ST"", ""SV"", ""SX"", ""SY"", ""SZ"", ""TC"", ""TD"", ""TF"", ""TG"", ""TH"", ""TJ"", ""TK"", ""TL"", ""TM"", ""TN"", ""TO"", ""TR"", ""TT"", ""TV"", ""TW"", ""TZ"", ""UA"", ""UG"", ""UM"", ""UY"", ""UZ"", ""VA"", ""VC"", ""VE"", ""VG"", ""VI"", ""VN"", ""VU"", ""WF"", ""WS"", ""YE"", ""YT"", ""ZA"", ""ZM"", ""ZW"", ""ZZ""]}"
F0058,STR_IDENTIFICATION,jurisdiction_province_state_code,$.definitions[].identifications[].jurisdictionOfIssueProvinceStateCode,#/components/schemas/personIdentificationWithJurisdiction/properties/jurisdictionOfIssueProvinceStateCode,#/components/schemas/ProvinceStateCode/oneOf/0,6360,2776,False,PersonDetails; ProvinceStateCode/oneOf/0,typeCode de définition = 3,colonne,"{""type"": ""string"", ""enum"": [""AB"", ""BC"", ""MB"", ""NB"", ""NL"", ""NT"", ""NS"", ""NU"", ""ON"", ""PE"", ""QC"", ""SK"", ""YT""]}"
F0059,STR_IDENTIFICATION,jurisdiction_province_state_code,$.definitions[].identifications[].jurisdictionOfIssueProvinceStateCode,#/components/schemas/personIdentificationWithJurisdiction/properties/jurisdictionOfIssueProvinceStateCode,#/components/schemas/ProvinceStateCode/oneOf/1,6360,2805,False,PersonDetails; ProvinceStateCode/oneOf/1,typeCode de définition = 3,colonne,"{""type"": ""string"", ""enum"": [""AL"", ""AK"", ""AZ"", ""AR"", ""CA"", ""CO"", ""CT"", ""DE"", ""DC"", ""FL"", ""GA"", ""HI"", ""ID"", ""IL"", ""IN"", ""IA"", ""KS"", ""KY"", ""LA"", ""ME"", ""MD"", ""MA"", ""MI"", ""MN"", ""MS"", ""MO"", ""MT"", ""NE"", ""NV"", ""NH"", ""NJ"", ""NM"", ""NY"", ""NC"", ""ND"", ""OH"", ""OK"", ""OR"", ""PA"", ""RI"", ""SC"", ""SD"", ""TN"", ""TX"", ""UT"", ""VT"", ""VA"", ""WA"", ""WV"", ""WI"", ""WY""]}"
F0060,STR_IDENTIFICATION,jurisdiction_province_state_code,$.definitions[].identifications[].jurisdictionOfIssueProvinceStateCode,#/components/schemas/personIdentificationWithJurisdiction/properties/jurisdictionOfIssueProvinceStateCode,#/components/schemas/ProvinceStateCode/oneOf/2,6360,2910,False,PersonDetails; ProvinceStateCode/oneOf/2,typeCode de définition = 3,colonne,"{""type"": ""string"", ""enum"": [""AG"", ""BA"", ""BJ"", ""CE"", ""CI"", ""CH"", ""CU"", ""CL"", ""DF"", ""DO"", ""GU"", ""GR"", ""HL"", ""JL"", ""MX"", ""MC"", ""MR"", ""NA"", ""NL"", ""OA"", ""PB"", ""QU"", ""QR"", ""SL"", ""SI"", ""SO"", ""TB"", ""TA"", ""TL"", ""VC"", ""YU"", ""ZA""]}"
F0061,STR_IDENTIFICATION,jurisdiction_province_state_code,$.definitions[].identifications[].jurisdictionOfIssueProvinceStateCode,#/components/schemas/personIdentificationWithJurisdiction/properties/jurisdictionOfIssueProvinceStateCode,#/components/schemas/ProvinceStateCode/oneOf/3,6360,2977,False,PersonDetails; ProvinceStateCode/oneOf/3,typeCode de définition = 3,colonne,"{""type"": ""string"", ""minLength"": 2, ""maxLength"": 2}"
F0062,STR_IDENTIFICATION,jurisdiction_province_state_name,$.definitions[].identifications[].jurisdictionOfIssueProvinceStateName,#/components/schemas/personIdentificationWithJurisdiction/properties/jurisdictionOfIssueProvinceStateName,#/components/schemas/string100,6362,6269,False,PersonDetails,typeCode de définition = 3,colonne,"{""type"": ""string"", ""minLength"": 0, ""maxLength"": 100}"
F0063,STR_DEFINITION,type_code,$.definitions[].typeCode,#/components/schemas/EntityDetails/properties/typeCode,#/components/schemas/EntityDetails/properties/typeCode,5358,5358,True,EntityDetails,typeCode de définition = 4,colonne,"{""type"": ""integer"", ""enum"": [4]}"
F0064,STR_DEFINITION,ref_id,$.definitions[].refId,#/components/schemas/EntityDetails/properties/refId,#/components/schemas/refId,5363,6309,True,EntityDetails,typeCode de définition = 4,colonne,"{""type"": ""string"", ""pattern"": ""^[A-Za-z0-9-_]{1,50}$""}"
F0065,STR_ENTITY,name_of_entity,$.definitions[].nameOfEntity,#/components/schemas/EntityDetails/properties/nameOfEntity,#/components/schemas/string100,5365,6269,False,EntityDetails,typeCode de définition = 4,colonne,"{""type"": ""string"", ""minLength"": 0, ""maxLength"": 100}"
F0066,STR_ENTITY,telephone_number,$.definitions[].telephoneNumber,#/components/schemas/EntityDetails/properties/telephoneNumber,#/components/schemas/string20,5367,6257,False,EntityDetails,typeCode de définition = 4,colonne,"{""type"": ""string"", ""minLength"": 0, ""maxLength"": 20}"
F0067,STR_ENTITY,extension_number,$.definitions[].extensionNumber,#/components/schemas/EntityDetails/properties/extensionNumber,#/components/schemas/string10,5369,6253,False,EntityDetails,typeCode de définition = 4,colonne,"{""type"": ""string"", ""minLength"": 0, ""maxLength"": 10}"
F0068,STR_ENTITY,nature_of_principal_business,$.definitions[].natureOfPrincipalBusiness,#/components/schemas/EntityDetails/properties/natureOfPrincipalBusiness,#/components/schemas/string200,5371,6273,False,EntityDetails,typeCode de définition = 4,colonne,"{""type"": ""string"", ""minLength"": 0, ""maxLength"": 200}"
F0069,STR_ENTITY,address_type_code,$.definitions[].addressTypeCode,#/components/schemas/EntityDetails/properties/addressTypeCode,#/components/schemas/addressTypeCode,5373,6504,False,EntityDetails,typeCode de définition = 4,colonne,"{""type"": ""integer"", ""enum"": [1, 2]}"
F0070,STR_ADDRESS,type_code,$.definitions[].address.typeCode,#/components/schemas/StructuredAddress/properties/typeCode,#/components/schemas/StructuredAddress/properties/typeCode,5520,5520,True,EntityDetails; StructuredAddress,typeCode de définition = 4; propriétaire STR_ENTITY,colonne,"{""type"": ""integer"", ""enum"": [1]}"
F0071,STR_ADDRESS,unit_number,$.definitions[].address.unitNumber,#/components/schemas/StructuredAddress/properties/unitNumber,#/components/schemas/string10,5525,6253,False,EntityDetails; StructuredAddress,typeCode de définition = 4; propriétaire STR_ENTITY,colonne,"{""type"": ""string"", ""minLength"": 0, ""maxLength"": 10}"
F0072,STR_ADDRESS,building_number,$.definitions[].address.buildingNumber,#/components/schemas/StructuredAddress/properties/buildingNumber,#/components/schemas/string10,5527,6253,False,EntityDetails; StructuredAddress,typeCode de définition = 4; propriétaire STR_ENTITY,colonne,"{""type"": ""string"", ""minLength"": 0, ""maxLength"": 10}"
F0073,STR_ADDRESS,street_address,$.definitions[].address.streetAddress,#/components/schemas/StructuredAddress/properties/streetAddress,#/components/schemas/string100,5529,6269,False,EntityDetails; StructuredAddress,typeCode de définition = 4; propriétaire STR_ENTITY,colonne,"{""type"": ""string"", ""minLength"": 0, ""maxLength"": 100}"
F0074,STR_ADDRESS,city,$.definitions[].address.city,#/components/schemas/StructuredAddress/properties/city,#/components/schemas/string100,5531,6269,False,EntityDetails; StructuredAddress,typeCode de définition = 4; propriétaire STR_ENTITY,colonne,"{""type"": ""string"", ""minLength"": 0, ""maxLength"": 100}"
F0075,STR_ADDRESS,district,$.definitions[].address.district,#/components/schemas/StructuredAddress/properties/district,#/components/schemas/string100,5533,6269,False,EntityDetails; StructuredAddress,typeCode de définition = 4; propriétaire STR_ENTITY,colonne,"{""type"": ""string"", ""minLength"": 0, ""maxLength"": 100}"
F0076,STR_ADDRESS,province_state_code,$.definitions[].address.provinceStateCode,#/components/schemas/StructuredAddress/properties/provinceStateCode,#/components/schemas/ProvinceStateCode/oneOf/0,5535,2776,False,EntityDetails; StructuredAddress; ProvinceStateCode/oneOf/0,typeCode de définition = 4; propriétaire STR_ENTITY,colonne,"{""type"": ""string"", ""enum"": [""AB"", ""BC"", ""MB"", ""NB"", ""NL"", ""NT"", ""NS"", ""NU"", ""ON"", ""PE"", ""QC"", ""SK"", ""YT""]}"
F0077,STR_ADDRESS,province_state_code,$.definitions[].address.provinceStateCode,#/components/schemas/StructuredAddress/properties/provinceStateCode,#/components/schemas/ProvinceStateCode/oneOf/1,5535,2805,False,EntityDetails; StructuredAddress; ProvinceStateCode/oneOf/1,typeCode de définition = 4; propriétaire STR_ENTITY,colonne,"{""type"": ""string"", ""enum"": [""AL"", ""AK"", ""AZ"", ""AR"", ""CA"", ""CO"", ""CT"", ""DE"", ""DC"", ""FL"", ""GA"", ""HI"", ""ID"", ""IL"", ""IN"", ""IA"", ""KS"", ""KY"", ""LA"", ""ME"", ""MD"", ""MA"", ""MI"", ""MN"", ""MS"", ""MO"", ""MT"", ""NE"", ""NV"", ""NH"", ""NJ"", ""NM"", ""NY"", ""NC"", ""ND"", ""OH"", ""OK"", ""OR"", ""PA"", ""RI"", ""SC"", ""SD"", ""TN"", ""TX"", ""UT"", ""VT"", ""VA"", ""WA"", ""WV"", ""WI"", ""WY""]}"
F0078,STR_ADDRESS,province_state_code,$.definitions[].address.provinceStateCode,#/components/schemas/StructuredAddress/properties/provinceStateCode,#/components/schemas/ProvinceStateCode/oneOf/2,5535,2910,False,EntityDetails; StructuredAddress; ProvinceStateCode/oneOf/2,typeCode de définition = 4; propriétaire STR_ENTITY,colonne,"{""type"": ""string"", ""enum"": [""AG"", ""BA"", ""BJ"", ""CE"", ""CI"", ""CH"", ""CU"", ""CL"", ""DF"", ""DO"", ""GU"", ""GR"", ""HL"", ""JL"", ""MX"", ""MC"", ""MR"", ""NA"", ""NL"", ""OA"", ""PB"", ""QU"", ""QR"", ""SL"", ""SI"", ""SO"", ""TB"", ""TA"", ""TL"", ""VC"", ""YU"", ""ZA""]}"
F0079,STR_ADDRESS,province_state_code,$.definitions[].address.provinceStateCode,#/components/schemas/StructuredAddress/properties/provinceStateCode,#/components/schemas/ProvinceStateCode/oneOf/3,5535,2977,False,EntityDetails; StructuredAddress; ProvinceStateCode/oneOf/3,typeCode de définition = 4; propriétaire STR_ENTITY,colonne,"{""type"": ""string"", ""minLength"": 2, ""maxLength"": 2}"
F0080,STR_ADDRESS,province_state_name,$.definitions[].address.provinceStateName,#/components/schemas/StructuredAddress/properties/provinceStateName,#/components/schemas/string100,5537,6269,False,EntityDetails; StructuredAddress,typeCode de définition = 4; propriétaire STR_ENTITY,colonne,"{""type"": ""string"", ""minLength"": 0, ""maxLength"": 100}"
F0081,STR_ADDRESS,sub_province_sub_locality,$.definitions[].address.subProvinceSubLocality,#/components/schemas/StructuredAddress/properties/subProvinceSubLocality,#/components/schemas/StructuredAddress/properties/subProvinceSubLocality,5539,5539,False,EntityDetails; StructuredAddress,typeCode de définition = 4; propriétaire STR_ENTITY,colonne,"{""type"": ""string"", ""maxLength"": 100}"
F0082,STR_ADDRESS,postal_zip_code,$.definitions[].address.postalZipCode,#/components/schemas/StructuredAddress/properties/postalZipCode,#/components/schemas/StructuredAddress/properties/postalZipCode,5542,5542,False,EntityDetails; StructuredAddress,typeCode de définition = 4; propriétaire STR_ENTITY,colonne,"{""type"": ""string"", ""maxLength"": 20}"
F0083,STR_ADDRESS,country_code,$.definitions[].address.countryCode,#/components/schemas/StructuredAddress/properties/countryCode,#/components/schemas/CountryCode,5545,4583,False,EntityDetails; StructuredAddress,typeCode de définition = 4; propriétaire STR_ENTITY,colonne,"{""type"": ""string"", ""enum"": [""CA"", ""US"", ""AD"", ""AE"", ""AF"", ""AG"", ""AI"", ""AL"", ""AM"", ""AN"", ""AO"", ""AQ"", ""AR"", ""AS"", ""AT"", ""AU"", ""AW"", ""AX"", ""AZ"", ""BA"", ""BB"", ""BD"", ""BE"", ""BF"", ""BG"", ""BH"", ""BI"", ""BJ"", ""BL"", ""BM"", ""BN"", ""BO"", ""BQ"", ""BR"", ""BS"", ""BT"", ""BV"", ""BW"", ""BY"", ""BZ"", ""CC"", ""CD"", ""CF"", ""CG"", ""CH"", ""CI"", ""CK"", ""CL"", ""CM"", ""CN"", ""CO"", ""CR"", ""CS"", ""CU"", ""CV"", ""CW"", ""CX"", ""CY"", ""CZ"", ""DE"", ""DJ"", ""DK"", ""DM"", ""DO"", ""DZ"", ""EC"", ""EE"", ""EG"", ""EH"", ""ER"", ""ES"", ""ET"", ""FI"", ""FJ"", ""FK"", ""FM"", ""FO"", ""FR"", ""FX"", ""GA"", ""GB"", ""GD"", ""GE"", ""GF"", ""GG"", ""GH"", ""GI"", ""GL"", ""GM"", ""GN"", ""GP"", ""GQ"", ""GR"", ""GS"", ""GT"", ""GU"", ""GW"", ""GY"", ""HK"", ""HM"", ""HN"", ""HR"", ""HT"", ""HU"", ""ID"", ""IE"", ""IL"", ""IM"", ""IN"", ""IO"", ""IQ"", ""IR"", ""IS"", ""IT"", ""JE"", ""JM"", ""JO"", ""JP"", ""KE"", ""KG"", ""KH"", ""KI"", ""KM"", ""KN"", ""KP"", ""KR"", ""KW"", ""KY"", ""KZ"", ""LA"", ""LB"", ""LC"", ""LI"", ""LK"", ""LR"", ""LS"", ""LT"", ""LU"", ""LV"", ""LY"", ""MA"", ""MC"", ""MD"", ""ME"", ""MF"", ""MG"", ""MH"", ""MK"", ""ML"", ""MM"", ""MN"", ""MO"", ""MP"", ""MQ"", ""MR"", ""MS"", ""MT"", ""MU"", ""MV"", ""MW"", ""MX"", ""MY"", ""MZ"", ""NA"", ""NC"", ""NE"", ""NF"", ""NG"", ""NI"", ""NL"", ""NO"", ""NP"", ""NR"", ""NU"", ""NZ"", ""OM"", ""PA"", ""PE"", ""PF"", ""PG"", ""PH"", ""PK"", ""PL"", ""PM"", ""PN"", ""PR"", ""PS"", ""PT"", ""PW"", ""PY"", ""QA"", ""RE"", ""RO"", ""RS"", ""RU"", ""RW"", ""SA"", ""SB"", ""SC"", ""SD"", ""SE"", ""SG"", ""SH"", ""SI"", ""SJ"", ""SK"", ""SL"", ""SM"", ""SN"", ""SO"", ""SR"", ""SS"", ""ST"", ""SV"", ""SX"", ""SY"", ""SZ"", ""TC"", ""TD"", ""TF"", ""TG"", ""TH"", ""TJ"", ""TK"", ""TL"", ""TM"", ""TN"", ""TO"", ""TR"", ""TT"", ""TV"", ""TW"", ""TZ"", ""UA"", ""UG"", ""UM"", ""UY"", ""UZ"", ""VA"", ""VC"", ""VE"", ""VG"", ""VI"", ""VN"", ""VU"", ""WF"", ""WS"", ""YE"", ""YT"", ""ZA"", ""ZM"", ""ZW"", ""ZZ""]}"
F0084,STR_ADDRESS,type_code,$.definitions[].address.typeCode,#/components/schemas/UnstructuredAddress/properties/typeCode,#/components/schemas/UnstructuredAddress/properties/typeCode,5553,5553,True,EntityDetails; UnstructuredAddress,typeCode de définition = 4; propriétaire STR_ENTITY,colonne,"{""type"": ""integer"", ""enum"": [2]}"
F0085,STR_ADDRESS,country_code,$.definitions[].address.countryCode,#/components/schemas/UnstructuredAddress/properties/countryCode,#/components/schemas/CountryCode,5558,4583,False,EntityDetails; UnstructuredAddress,typeCode de définition = 4; propriétaire STR_ENTITY,colonne,"{""type"": ""string"", ""enum"": [""CA"", ""US"", ""AD"", ""AE"", ""AF"", ""AG"", ""AI"", ""AL"", ""AM"", ""AN"", ""AO"", ""AQ"", ""AR"", ""AS"", ""AT"", ""AU"", ""AW"", ""AX"", ""AZ"", ""BA"", ""BB"", ""BD"", ""BE"", ""BF"", ""BG"", ""BH"", ""BI"", ""BJ"", ""BL"", ""BM"", ""BN"", ""BO"", ""BQ"", ""BR"", ""BS"", ""BT"", ""BV"", ""BW"", ""BY"", ""BZ"", ""CC"", ""CD"", ""CF"", ""CG"", ""CH"", ""CI"", ""CK"", ""CL"", ""CM"", ""CN"", ""CO"", ""CR"", ""CS"", ""CU"", ""CV"", ""CW"", ""CX"", ""CY"", ""CZ"", ""DE"", ""DJ"", ""DK"", ""DM"", ""DO"", ""DZ"", ""EC"", ""EE"", ""EG"", ""EH"", ""ER"", ""ES"", ""ET"", ""FI"", ""FJ"", ""FK"", ""FM"", ""FO"", ""FR"", ""FX"", ""GA"", ""GB"", ""GD"", ""GE"", ""GF"", ""GG"", ""GH"", ""GI"", ""GL"", ""GM"", ""GN"", ""GP"", ""GQ"", ""GR"", ""GS"", ""GT"", ""GU"", ""GW"", ""GY"", ""HK"", ""HM"", ""HN"", ""HR"", ""HT"", ""HU"", ""ID"", ""IE"", ""IL"", ""IM"", ""IN"", ""IO"", ""IQ"", ""IR"", ""IS"", ""IT"", ""JE"", ""JM"", ""JO"", ""JP"", ""KE"", ""KG"", ""KH"", ""KI"", ""KM"", ""KN"", ""KP"", ""KR"", ""KW"", ""KY"", ""KZ"", ""LA"", ""LB"", ""LC"", ""LI"", ""LK"", ""LR"", ""LS"", ""LT"", ""LU"", ""LV"", ""LY"", ""MA"", ""MC"", ""MD"", ""ME"", ""MF"", ""MG"", ""MH"", ""MK"", ""ML"", ""MM"", ""MN"", ""MO"", ""MP"", ""MQ"", ""MR"", ""MS"", ""MT"", ""MU"", ""MV"", ""MW"", ""MX"", ""MY"", ""MZ"", ""NA"", ""NC"", ""NE"", ""NF"", ""NG"", ""NI"", ""NL"", ""NO"", ""NP"", ""NR"", ""NU"", ""NZ"", ""OM"", ""PA"", ""PE"", ""PF"", ""PG"", ""PH"", ""PK"", ""PL"", ""PM"", ""PN"", ""PR"", ""PS"", ""PT"", ""PW"", ""PY"", ""QA"", ""RE"", ""RO"", ""RS"", ""RU"", ""RW"", ""SA"", ""SB"", ""SC"", ""SD"", ""SE"", ""SG"", ""SH"", ""SI"", ""SJ"", ""SK"", ""SL"", ""SM"", ""SN"", ""SO"", ""SR"", ""SS"", ""ST"", ""SV"", ""SX"", ""SY"", ""SZ"", ""TC"", ""TD"", ""TF"", ""TG"", ""TH"", ""TJ"", ""TK"", ""TL"", ""TM"", ""TN"", ""TO"", ""TR"", ""TT"", ""TV"", ""TW"", ""TZ"", ""UA"", ""UG"", ""UM"", ""UY"", ""UZ"", ""VA"", ""VC"", ""VE"", ""VG"", ""VI"", ""VN"", ""VU"", ""WF"", ""WS"", ""YE"", ""YT"", ""ZA"", ""ZM"", ""ZW"", ""ZZ""]}"
F0086,STR_ADDRESS,unstructured,$.definitions[].address.unstructured,#/components/schemas/UnstructuredAddress/properties/unstructured,#/components/schemas/string500,5560,6277,True,EntityDetails; UnstructuredAddress,typeCode de définition = 4; propriétaire STR_ENTITY,colonne,"{""type"": ""string"", ""minLength"": 0, ""maxLength"": 500}"
F0087,STR_IDENTIFICATION,identifier_type_code,$.definitions[].identifications[].identifierTypeCode,#/components/schemas/entityIdentificationWithJurisdiction/properties/identifierTypeCode,#/components/schemas/entityIdentificationWithJurisdiction/properties/identifierTypeCode,6413,6413,False,EntityDetails,typeCode de définition = 4,colonne,"{""type"": ""integer"", ""enum"": [1, 2, 3, 4, 5, 6, 7]}"
F0088,STR_IDENTIFICATION,identifier_type_other,$.definitions[].identifications[].identifierTypeOther,#/components/schemas/entityIdentificationWithJurisdiction/properties/identifierTypeOther,#/components/schemas/string200,6431,6273,False,EntityDetails,typeCode de définition = 4,colonne,"{""type"": ""string"", ""minLength"": 0, ""maxLength"": 200}"
F0089,STR_IDENTIFICATION,number,$.definitions[].identifications[].number,#/components/schemas/entityIdentificationWithJurisdiction/properties/number,#/components/schemas/string100,6433,6269,False,EntityDetails,typeCode de définition = 4,colonne,"{""type"": ""string"", ""minLength"": 0, ""maxLength"": 100}"
F0090,STR_IDENTIFICATION,jurisdiction_country_code,$.definitions[].identifications[].jurisdictionOfIssueCountryCode,#/components/schemas/entityIdentificationWithJurisdiction/properties/jurisdictionOfIssueCountryCode,#/components/schemas/CountryCode,6435,4583,False,EntityDetails,typeCode de définition = 4,colonne,"{""type"": ""string"", ""enum"": [""CA"", ""US"", ""AD"", ""AE"", ""AF"", ""AG"", ""AI"", ""AL"", ""AM"", ""AN"", ""AO"", ""AQ"", ""AR"", ""AS"", ""AT"", ""AU"", ""AW"", ""AX"", ""AZ"", ""BA"", ""BB"", ""BD"", ""BE"", ""BF"", ""BG"", ""BH"", ""BI"", ""BJ"", ""BL"", ""BM"", ""BN"", ""BO"", ""BQ"", ""BR"", ""BS"", ""BT"", ""BV"", ""BW"", ""BY"", ""BZ"", ""CC"", ""CD"", ""CF"", ""CG"", ""CH"", ""CI"", ""CK"", ""CL"", ""CM"", ""CN"", ""CO"", ""CR"", ""CS"", ""CU"", ""CV"", ""CW"", ""CX"", ""CY"", ""CZ"", ""DE"", ""DJ"", ""DK"", ""DM"", ""DO"", ""DZ"", ""EC"", ""EE"", ""EG"", ""EH"", ""ER"", ""ES"", ""ET"", ""FI"", ""FJ"", ""FK"", ""FM"", ""FO"", ""FR"", ""FX"", ""GA"", ""GB"", ""GD"", ""GE"", ""GF"", ""GG"", ""GH"", ""GI"", ""GL"", ""GM"", ""GN"", ""GP"", ""GQ"", ""GR"", ""GS"", ""GT"", ""GU"", ""GW"", ""GY"", ""HK"", ""HM"", ""HN"", ""HR"", ""HT"", ""HU"", ""ID"", ""IE"", ""IL"", ""IM"", ""IN"", ""IO"", ""IQ"", ""IR"", ""IS"", ""IT"", ""JE"", ""JM"", ""JO"", ""JP"", ""KE"", ""KG"", ""KH"", ""KI"", ""KM"", ""KN"", ""KP"", ""KR"", ""KW"", ""KY"", ""KZ"", ""LA"", ""LB"", ""LC"", ""LI"", ""LK"", ""LR"", ""LS"", ""LT"", ""LU"", ""LV"", ""LY"", ""MA"", ""MC"", ""MD"", ""ME"", ""MF"", ""MG"", ""MH"", ""MK"", ""ML"", ""MM"", ""MN"", ""MO"", ""MP"", ""MQ"", ""MR"", ""MS"", ""MT"", ""MU"", ""MV"", ""MW"", ""MX"", ""MY"", ""MZ"", ""NA"", ""NC"", ""NE"", ""NF"", ""NG"", ""NI"", ""NL"", ""NO"", ""NP"", ""NR"", ""NU"", ""NZ"", ""OM"", ""PA"", ""PE"", ""PF"", ""PG"", ""PH"", ""PK"", ""PL"", ""PM"", ""PN"", ""PR"", ""PS"", ""PT"", ""PW"", ""PY"", ""QA"", ""RE"", ""RO"", ""RS"", ""RU"", ""RW"", ""SA"", ""SB"", ""SC"", ""SD"", ""SE"", ""SG"", ""SH"", ""SI"", ""SJ"", ""SK"", ""SL"", ""SM"", ""SN"", ""SO"", ""SR"", ""SS"", ""ST"", ""SV"", ""SX"", ""SY"", ""SZ"", ""TC"", ""TD"", ""TF"", ""TG"", ""TH"", ""TJ"", ""TK"", ""TL"", ""TM"", ""TN"", ""TO"", ""TR"", ""TT"", ""TV"", ""TW"", ""TZ"", ""UA"", ""UG"", ""UM"", ""UY"", ""UZ"", ""VA"", ""VC"", ""VE"", ""VG"", ""VI"", ""VN"", ""VU"", ""WF"", ""WS"", ""YE"", ""YT"", ""ZA"", ""ZM"", ""ZW"", ""ZZ""]}"
F0091,STR_IDENTIFICATION,jurisdiction_province_state_code,$.definitions[].identifications[].jurisdictionOfIssueProvinceStateCode,#/components/schemas/entityIdentificationWithJurisdiction/properties/jurisdictionOfIssueProvinceStateCode,#/components/schemas/ProvinceStateCode/oneOf/0,6437,2776,False,EntityDetails; ProvinceStateCode/oneOf/0,typeCode de définition = 4,colonne,"{""type"": ""string"", ""enum"": [""AB"", ""BC"", ""MB"", ""NB"", ""NL"", ""NT"", ""NS"", ""NU"", ""ON"", ""PE"", ""QC"", ""SK"", ""YT""]}"
F0092,STR_IDENTIFICATION,jurisdiction_province_state_code,$.definitions[].identifications[].jurisdictionOfIssueProvinceStateCode,#/components/schemas/entityIdentificationWithJurisdiction/properties/jurisdictionOfIssueProvinceStateCode,#/components/schemas/ProvinceStateCode/oneOf/1,6437,2805,False,EntityDetails; ProvinceStateCode/oneOf/1,typeCode de définition = 4,colonne,"{""type"": ""string"", ""enum"": [""AL"", ""AK"", ""AZ"", ""AR"", ""CA"", ""CO"", ""CT"", ""DE"", ""DC"", ""FL"", ""GA"", ""HI"", ""ID"", ""IL"", ""IN"", ""IA"", ""KS"", ""KY"", ""LA"", ""ME"", ""MD"", ""MA"", ""MI"", ""MN"", ""MS"", ""MO"", ""MT"", ""NE"", ""NV"", ""NH"", ""NJ"", ""NM"", ""NY"", ""NC"", ""ND"", ""OH"", ""OK"", ""OR"", ""PA"", ""RI"", ""SC"", ""SD"", ""TN"", ""TX"", ""UT"", ""VT"", ""VA"", ""WA"", ""WV"", ""WI"", ""WY""]}"
F0093,STR_IDENTIFICATION,jurisdiction_province_state_code,$.definitions[].identifications[].jurisdictionOfIssueProvinceStateCode,#/components/schemas/entityIdentificationWithJurisdiction/properties/jurisdictionOfIssueProvinceStateCode,#/components/schemas/ProvinceStateCode/oneOf/2,6437,2910,False,EntityDetails; ProvinceStateCode/oneOf/2,typeCode de définition = 4,colonne,"{""type"": ""string"", ""enum"": [""AG"", ""BA"", ""BJ"", ""CE"", ""CI"", ""CH"", ""CU"", ""CL"", ""DF"", ""DO"", ""GU"", ""GR"", ""HL"", ""JL"", ""MX"", ""MC"", ""MR"", ""NA"", ""NL"", ""OA"", ""PB"", ""QU"", ""QR"", ""SL"", ""SI"", ""SO"", ""TB"", ""TA"", ""TL"", ""VC"", ""YU"", ""ZA""]}"
F0094,STR_IDENTIFICATION,jurisdiction_province_state_code,$.definitions[].identifications[].jurisdictionOfIssueProvinceStateCode,#/components/schemas/entityIdentificationWithJurisdiction/properties/jurisdictionOfIssueProvinceStateCode,#/components/schemas/ProvinceStateCode/oneOf/3,6437,2977,False,EntityDetails; ProvinceStateCode/oneOf/3,typeCode de définition = 4,colonne,"{""type"": ""string"", ""minLength"": 2, ""maxLength"": 2}"
F0095,STR_IDENTIFICATION,jurisdiction_province_state_name,$.definitions[].identifications[].jurisdictionOfIssueProvinceStateName,#/components/schemas/entityIdentificationWithJurisdiction/properties/jurisdictionOfIssueProvinceStateName,#/components/schemas/string100,6439,6269,False,EntityDetails,typeCode de définition = 4,colonne,"{""type"": ""string"", ""minLength"": 0, ""maxLength"": 100}"
F0096,STR_AUTHORIZED_PERSON,surname,$.definitions[].authorizedPersons[].surname,#/components/schemas/EntityDetails/properties/authorizedPersons/items/properties/surname,#/components/schemas/string100,5388,6269,False,EntityDetails,typeCode de définition = 4,colonne,"{""type"": ""string"", ""minLength"": 0, ""maxLength"": 100}"
F0097,STR_AUTHORIZED_PERSON,given_name,$.definitions[].authorizedPersons[].givenName,#/components/schemas/EntityDetails/properties/authorizedPersons/items/properties/givenName,#/components/schemas/string100,5390,6269,False,EntityDetails,typeCode de définition = 4,colonne,"{""type"": ""string"", ""minLength"": 0, ""maxLength"": 100}"
F0098,STR_AUTHORIZED_PERSON,other_name_initial,$.definitions[].authorizedPersons[].otherNameInitial,#/components/schemas/EntityDetails/properties/authorizedPersons/items/properties/otherNameInitial,#/components/schemas/string100,5392,6269,False,EntityDetails,typeCode de définition = 4,colonne,"{""type"": ""string"", ""minLength"": 0, ""maxLength"": 100}"
F0099,STR_ENTITY,registration_incorporation_indicator,$.definitions[].registrationIncorporationIndicator,#/components/schemas/EntityDetails/properties/registrationIncorporationIndicator,#/components/schemas/EntityDetails/properties/registrationIncorporationIndicator,5394,5394,False,EntityDetails,typeCode de définition = 4,colonne,"{""type"": ""boolean""}"
F0100,STR_REGISTRATION_INCORPORATION,type_code,$.definitions[].registrationsIncorporations[].typeCode,#/components/schemas/registrationIncorporation/properties/typeCode,#/components/schemas/IncorporationRegistrationTypeCode,5975,6492,False,EntityDetails,typeCode de définition = 4,colonne,"{""type"": ""integer"", ""enum"": [1, 2, 4, 5]}"
F0101,STR_REGISTRATION_INCORPORATION,number,$.definitions[].registrationsIncorporations[].number,#/components/schemas/registrationIncorporation/properties/number,#/components/schemas/string100,5977,6269,False,EntityDetails,typeCode de définition = 4,colonne,"{""type"": ""string"", ""minLength"": 0, ""maxLength"": 100}"
F0102,STR_REGISTRATION_INCORPORATION,jurisdiction_country_code,$.definitions[].registrationsIncorporations[].jurisdictionOfIssueCountryCode,#/components/schemas/registrationIncorporation/properties/jurisdictionOfIssueCountryCode,#/components/schemas/CountryCode,5979,4583,False,EntityDetails,typeCode de définition = 4,colonne,"{""type"": ""string"", ""enum"": [""CA"", ""US"", ""AD"", ""AE"", ""AF"", ""AG"", ""AI"", ""AL"", ""AM"", ""AN"", ""AO"", ""AQ"", ""AR"", ""AS"", ""AT"", ""AU"", ""AW"", ""AX"", ""AZ"", ""BA"", ""BB"", ""BD"", ""BE"", ""BF"", ""BG"", ""BH"", ""BI"", ""BJ"", ""BL"", ""BM"", ""BN"", ""BO"", ""BQ"", ""BR"", ""BS"", ""BT"", ""BV"", ""BW"", ""BY"", ""BZ"", ""CC"", ""CD"", ""CF"", ""CG"", ""CH"", ""CI"", ""CK"", ""CL"", ""CM"", ""CN"", ""CO"", ""CR"", ""CS"", ""CU"", ""CV"", ""CW"", ""CX"", ""CY"", ""CZ"", ""DE"", ""DJ"", ""DK"", ""DM"", ""DO"", ""DZ"", ""EC"", ""EE"", ""EG"", ""EH"", ""ER"", ""ES"", ""ET"", ""FI"", ""FJ"", ""FK"", ""FM"", ""FO"", ""FR"", ""FX"", ""GA"", ""GB"", ""GD"", ""GE"", ""GF"", ""GG"", ""GH"", ""GI"", ""GL"", ""GM"", ""GN"", ""GP"", ""GQ"", ""GR"", ""GS"", ""GT"", ""GU"", ""GW"", ""GY"", ""HK"", ""HM"", ""HN"", ""HR"", ""HT"", ""HU"", ""ID"", ""IE"", ""IL"", ""IM"", ""IN"", ""IO"", ""IQ"", ""IR"", ""IS"", ""IT"", ""JE"", ""JM"", ""JO"", ""JP"", ""KE"", ""KG"", ""KH"", ""KI"", ""KM"", ""KN"", ""KP"", ""KR"", ""KW"", ""KY"", ""KZ"", ""LA"", ""LB"", ""LC"", ""LI"", ""LK"", ""LR"", ""LS"", ""LT"", ""LU"", ""LV"", ""LY"", ""MA"", ""MC"", ""MD"", ""ME"", ""MF"", ""MG"", ""MH"", ""MK"", ""ML"", ""MM"", ""MN"", ""MO"", ""MP"", ""MQ"", ""MR"", ""MS"", ""MT"", ""MU"", ""MV"", ""MW"", ""MX"", ""MY"", ""MZ"", ""NA"", ""NC"", ""NE"", ""NF"", ""NG"", ""NI"", ""NL"", ""NO"", ""NP"", ""NR"", ""NU"", ""NZ"", ""OM"", ""PA"", ""PE"", ""PF"", ""PG"", ""PH"", ""PK"", ""PL"", ""PM"", ""PN"", ""PR"", ""PS"", ""PT"", ""PW"", ""PY"", ""QA"", ""RE"", ""RO"", ""RS"", ""RU"", ""RW"", ""SA"", ""SB"", ""SC"", ""SD"", ""SE"", ""SG"", ""SH"", ""SI"", ""SJ"", ""SK"", ""SL"", ""SM"", ""SN"", ""SO"", ""SR"", ""SS"", ""ST"", ""SV"", ""SX"", ""SY"", ""SZ"", ""TC"", ""TD"", ""TF"", ""TG"", ""TH"", ""TJ"", ""TK"", ""TL"", ""TM"", ""TN"", ""TO"", ""TR"", ""TT"", ""TV"", ""TW"", ""TZ"", ""UA"", ""UG"", ""UM"", ""UY"", ""UZ"", ""VA"", ""VC"", ""VE"", ""VG"", ""VI"", ""VN"", ""VU"", ""WF"", ""WS"", ""YE"", ""YT"", ""ZA"", ""ZM"", ""ZW"", ""ZZ""]}"
F0103,STR_REGISTRATION_INCORPORATION,jurisdiction_province_state_code,$.definitions[].registrationsIncorporations[].jurisdictionOfIssueProvinceStateCode,#/components/schemas/registrationIncorporation/properties/jurisdictionOfIssueProvinceStateCode,#/components/schemas/ProvinceStateCode/oneOf/0,5981,2776,False,EntityDetails; ProvinceStateCode/oneOf/0,typeCode de définition = 4,colonne,"{""type"": ""string"", ""enum"": [""AB"", ""BC"", ""MB"", ""NB"", ""NL"", ""NT"", ""NS"", ""NU"", ""ON"", ""PE"", ""QC"", ""SK"", ""YT""]}"
F0104,STR_REGISTRATION_INCORPORATION,jurisdiction_province_state_code,$.definitions[].registrationsIncorporations[].jurisdictionOfIssueProvinceStateCode,#/components/schemas/registrationIncorporation/properties/jurisdictionOfIssueProvinceStateCode,#/components/schemas/ProvinceStateCode/oneOf/1,5981,2805,False,EntityDetails; ProvinceStateCode/oneOf/1,typeCode de définition = 4,colonne,"{""type"": ""string"", ""enum"": [""AL"", ""AK"", ""AZ"", ""AR"", ""CA"", ""CO"", ""CT"", ""DE"", ""DC"", ""FL"", ""GA"", ""HI"", ""ID"", ""IL"", ""IN"", ""IA"", ""KS"", ""KY"", ""LA"", ""ME"", ""MD"", ""MA"", ""MI"", ""MN"", ""MS"", ""MO"", ""MT"", ""NE"", ""NV"", ""NH"", ""NJ"", ""NM"", ""NY"", ""NC"", ""ND"", ""OH"", ""OK"", ""OR"", ""PA"", ""RI"", ""SC"", ""SD"", ""TN"", ""TX"", ""UT"", ""VT"", ""VA"", ""WA"", ""WV"", ""WI"", ""WY""]}"
F0105,STR_REGISTRATION_INCORPORATION,jurisdiction_province_state_code,$.definitions[].registrationsIncorporations[].jurisdictionOfIssueProvinceStateCode,#/components/schemas/registrationIncorporation/properties/jurisdictionOfIssueProvinceStateCode,#/components/schemas/ProvinceStateCode/oneOf/2,5981,2910,False,EntityDetails; ProvinceStateCode/oneOf/2,typeCode de définition = 4,colonne,"{""type"": ""string"", ""enum"": [""AG"", ""BA"", ""BJ"", ""CE"", ""CI"", ""CH"", ""CU"", ""CL"", ""DF"", ""DO"", ""GU"", ""GR"", ""HL"", ""JL"", ""MX"", ""MC"", ""MR"", ""NA"", ""NL"", ""OA"", ""PB"", ""QU"", ""QR"", ""SL"", ""SI"", ""SO"", ""TB"", ""TA"", ""TL"", ""VC"", ""YU"", ""ZA""]}"
F0106,STR_REGISTRATION_INCORPORATION,jurisdiction_province_state_code,$.definitions[].registrationsIncorporations[].jurisdictionOfIssueProvinceStateCode,#/components/schemas/registrationIncorporation/properties/jurisdictionOfIssueProvinceStateCode,#/components/schemas/ProvinceStateCode/oneOf/3,5981,2977,False,EntityDetails; ProvinceStateCode/oneOf/3,typeCode de définition = 4,colonne,"{""type"": ""string"", ""minLength"": 2, ""maxLength"": 2}"
F0107,STR_REGISTRATION_INCORPORATION,jurisdiction_province_state_name,$.definitions[].registrationsIncorporations[].jurisdictionOfIssueProvinceStateName,#/components/schemas/registrationIncorporation/properties/jurisdictionOfIssueProvinceStateName,#/components/schemas/string100,5983,6269,False,EntityDetails,typeCode de définition = 4,colonne,"{""type"": ""string"", ""minLength"": 0, ""maxLength"": 100}"
F0108,STR_DEFINITION,type_code,$.definitions[].typeCode,#/components/schemas/personAndEmployerDetails/properties/typeCode,#/components/schemas/personAndEmployerDetails/properties/typeCode,5776,5776,True,personAndEmployerDetails,typeCode de définition = 5,colonne,"{""type"": ""integer"", ""enum"": [5]}"
F0109,STR_DEFINITION,ref_id,$.definitions[].refId,#/components/schemas/personAndEmployerDetails/properties/refId,#/components/schemas/refId,5780,6309,True,personAndEmployerDetails,typeCode de définition = 5,colonne,"{""type"": ""string"", ""pattern"": ""^[A-Za-z0-9-_]{1,50}$""}"
F0110,STR_PERSON,surname,$.definitions[].surname,#/components/schemas/personAndEmployerDetails/properties/surname,#/components/schemas/string100,5782,6269,False,personAndEmployerDetails,typeCode de définition = 5,colonne,"{""type"": ""string"", ""minLength"": 0, ""maxLength"": 100}"
F0111,STR_PERSON,given_name,$.definitions[].givenName,#/components/schemas/personAndEmployerDetails/properties/givenName,#/components/schemas/string100,5784,6269,False,personAndEmployerDetails,typeCode de définition = 5,colonne,"{""type"": ""string"", ""minLength"": 0, ""maxLength"": 100}"
F0112,STR_PERSON,other_name_initial,$.definitions[].otherNameInitial,#/components/schemas/personAndEmployerDetails/properties/otherNameInitial,#/components/schemas/string100,5786,6269,False,personAndEmployerDetails,typeCode de définition = 5,colonne,"{""type"": ""string"", ""minLength"": 0, ""maxLength"": 100}"
F0113,STR_PERSON,alias,$.definitions[].alias,#/components/schemas/personAndEmployerDetails/properties/alias,#/components/schemas/string100,5788,6269,False,personAndEmployerDetails,typeCode de définition = 5,colonne,"{""type"": ""string"", ""minLength"": 0, ""maxLength"": 100}"
F0114,STR_PERSON,address_type_code,$.definitions[].addressTypeCode,#/components/schemas/personAndEmployerDetails/properties/addressTypeCode,#/components/schemas/addressTypeCode,5790,6504,False,personAndEmployerDetails,typeCode de définition = 5,colonne,"{""type"": ""integer"", ""enum"": [1, 2]}"
F0115,STR_ADDRESS,type_code,$.definitions[].address.typeCode,#/components/schemas/StructuredAddress/properties/typeCode,#/components/schemas/StructuredAddress/properties/typeCode,5520,5520,True,personAndEmployerDetails; StructuredAddress,typeCode de définition = 5; propriétaire STR_PERSON,colonne,"{""type"": ""integer"", ""enum"": [1]}"
F0116,STR_ADDRESS,unit_number,$.definitions[].address.unitNumber,#/components/schemas/StructuredAddress/properties/unitNumber,#/components/schemas/string10,5525,6253,False,personAndEmployerDetails; StructuredAddress,typeCode de définition = 5; propriétaire STR_PERSON,colonne,"{""type"": ""string"", ""minLength"": 0, ""maxLength"": 10}"
F0117,STR_ADDRESS,building_number,$.definitions[].address.buildingNumber,#/components/schemas/StructuredAddress/properties/buildingNumber,#/components/schemas/string10,5527,6253,False,personAndEmployerDetails; StructuredAddress,typeCode de définition = 5; propriétaire STR_PERSON,colonne,"{""type"": ""string"", ""minLength"": 0, ""maxLength"": 10}"
F0118,STR_ADDRESS,street_address,$.definitions[].address.streetAddress,#/components/schemas/StructuredAddress/properties/streetAddress,#/components/schemas/string100,5529,6269,False,personAndEmployerDetails; StructuredAddress,typeCode de définition = 5; propriétaire STR_PERSON,colonne,"{""type"": ""string"", ""minLength"": 0, ""maxLength"": 100}"
F0119,STR_ADDRESS,city,$.definitions[].address.city,#/components/schemas/StructuredAddress/properties/city,#/components/schemas/string100,5531,6269,False,personAndEmployerDetails; StructuredAddress,typeCode de définition = 5; propriétaire STR_PERSON,colonne,"{""type"": ""string"", ""minLength"": 0, ""maxLength"": 100}"
F0120,STR_ADDRESS,district,$.definitions[].address.district,#/components/schemas/StructuredAddress/properties/district,#/components/schemas/string100,5533,6269,False,personAndEmployerDetails; StructuredAddress,typeCode de définition = 5; propriétaire STR_PERSON,colonne,"{""type"": ""string"", ""minLength"": 0, ""maxLength"": 100}"
F0121,STR_ADDRESS,province_state_code,$.definitions[].address.provinceStateCode,#/components/schemas/StructuredAddress/properties/provinceStateCode,#/components/schemas/ProvinceStateCode/oneOf/0,5535,2776,False,personAndEmployerDetails; StructuredAddress; ProvinceStateCode/oneOf/0,typeCode de définition = 5; propriétaire STR_PERSON,colonne,"{""type"": ""string"", ""enum"": [""AB"", ""BC"", ""MB"", ""NB"", ""NL"", ""NT"", ""NS"", ""NU"", ""ON"", ""PE"", ""QC"", ""SK"", ""YT""]}"
F0122,STR_ADDRESS,province_state_code,$.definitions[].address.provinceStateCode,#/components/schemas/StructuredAddress/properties/provinceStateCode,#/components/schemas/ProvinceStateCode/oneOf/1,5535,2805,False,personAndEmployerDetails; StructuredAddress; ProvinceStateCode/oneOf/1,typeCode de définition = 5; propriétaire STR_PERSON,colonne,"{""type"": ""string"", ""enum"": [""AL"", ""AK"", ""AZ"", ""AR"", ""CA"", ""CO"", ""CT"", ""DE"", ""DC"", ""FL"", ""GA"", ""HI"", ""ID"", ""IL"", ""IN"", ""IA"", ""KS"", ""KY"", ""LA"", ""ME"", ""MD"", ""MA"", ""MI"", ""MN"", ""MS"", ""MO"", ""MT"", ""NE"", ""NV"", ""NH"", ""NJ"", ""NM"", ""NY"", ""NC"", ""ND"", ""OH"", ""OK"", ""OR"", ""PA"", ""RI"", ""SC"", ""SD"", ""TN"", ""TX"", ""UT"", ""VT"", ""VA"", ""WA"", ""WV"", ""WI"", ""WY""]}"
F0123,STR_ADDRESS,province_state_code,$.definitions[].address.provinceStateCode,#/components/schemas/StructuredAddress/properties/provinceStateCode,#/components/schemas/ProvinceStateCode/oneOf/2,5535,2910,False,personAndEmployerDetails; StructuredAddress; ProvinceStateCode/oneOf/2,typeCode de définition = 5; propriétaire STR_PERSON,colonne,"{""type"": ""string"", ""enum"": [""AG"", ""BA"", ""BJ"", ""CE"", ""CI"", ""CH"", ""CU"", ""CL"", ""DF"", ""DO"", ""GU"", ""GR"", ""HL"", ""JL"", ""MX"", ""MC"", ""MR"", ""NA"", ""NL"", ""OA"", ""PB"", ""QU"", ""QR"", ""SL"", ""SI"", ""SO"", ""TB"", ""TA"", ""TL"", ""VC"", ""YU"", ""ZA""]}"
F0124,STR_ADDRESS,province_state_code,$.definitions[].address.provinceStateCode,#/components/schemas/StructuredAddress/properties/provinceStateCode,#/components/schemas/ProvinceStateCode/oneOf/3,5535,2977,False,personAndEmployerDetails; StructuredAddress; ProvinceStateCode/oneOf/3,typeCode de définition = 5; propriétaire STR_PERSON,colonne,"{""type"": ""string"", ""minLength"": 2, ""maxLength"": 2}"
F0125,STR_ADDRESS,province_state_name,$.definitions[].address.provinceStateName,#/components/schemas/StructuredAddress/properties/provinceStateName,#/components/schemas/string100,5537,6269,False,personAndEmployerDetails; StructuredAddress,typeCode de définition = 5; propriétaire STR_PERSON,colonne,"{""type"": ""string"", ""minLength"": 0, ""maxLength"": 100}"
F0126,STR_ADDRESS,sub_province_sub_locality,$.definitions[].address.subProvinceSubLocality,#/components/schemas/StructuredAddress/properties/subProvinceSubLocality,#/components/schemas/StructuredAddress/properties/subProvinceSubLocality,5539,5539,False,personAndEmployerDetails; StructuredAddress,typeCode de définition = 5; propriétaire STR_PERSON,colonne,"{""type"": ""string"", ""maxLength"": 100}"
F0127,STR_ADDRESS,postal_zip_code,$.definitions[].address.postalZipCode,#/components/schemas/StructuredAddress/properties/postalZipCode,#/components/schemas/StructuredAddress/properties/postalZipCode,5542,5542,False,personAndEmployerDetails; StructuredAddress,typeCode de définition = 5; propriétaire STR_PERSON,colonne,"{""type"": ""string"", ""maxLength"": 20}"
F0128,STR_ADDRESS,country_code,$.definitions[].address.countryCode,#/components/schemas/StructuredAddress/properties/countryCode,#/components/schemas/CountryCode,5545,4583,False,personAndEmployerDetails; StructuredAddress,typeCode de définition = 5; propriétaire STR_PERSON,colonne,"{""type"": ""string"", ""enum"": [""CA"", ""US"", ""AD"", ""AE"", ""AF"", ""AG"", ""AI"", ""AL"", ""AM"", ""AN"", ""AO"", ""AQ"", ""AR"", ""AS"", ""AT"", ""AU"", ""AW"", ""AX"", ""AZ"", ""BA"", ""BB"", ""BD"", ""BE"", ""BF"", ""BG"", ""BH"", ""BI"", ""BJ"", ""BL"", ""BM"", ""BN"", ""BO"", ""BQ"", ""BR"", ""BS"", ""BT"", ""BV"", ""BW"", ""BY"", ""BZ"", ""CC"", ""CD"", ""CF"", ""CG"", ""CH"", ""CI"", ""CK"", ""CL"", ""CM"", ""CN"", ""CO"", ""CR"", ""CS"", ""CU"", ""CV"", ""CW"", ""CX"", ""CY"", ""CZ"", ""DE"", ""DJ"", ""DK"", ""DM"", ""DO"", ""DZ"", ""EC"", ""EE"", ""EG"", ""EH"", ""ER"", ""ES"", ""ET"", ""FI"", ""FJ"", ""FK"", ""FM"", ""FO"", ""FR"", ""FX"", ""GA"", ""GB"", ""GD"", ""GE"", ""GF"", ""GG"", ""GH"", ""GI"", ""GL"", ""GM"", ""GN"", ""GP"", ""GQ"", ""GR"", ""GS"", ""GT"", ""GU"", ""GW"", ""GY"", ""HK"", ""HM"", ""HN"", ""HR"", ""HT"", ""HU"", ""ID"", ""IE"", ""IL"", ""IM"", ""IN"", ""IO"", ""IQ"", ""IR"", ""IS"", ""IT"", ""JE"", ""JM"", ""JO"", ""JP"", ""KE"", ""KG"", ""KH"", ""KI"", ""KM"", ""KN"", ""KP"", ""KR"", ""KW"", ""KY"", ""KZ"", ""LA"", ""LB"", ""LC"", ""LI"", ""LK"", ""LR"", ""LS"", ""LT"", ""LU"", ""LV"", ""LY"", ""MA"", ""MC"", ""MD"", ""ME"", ""MF"", ""MG"", ""MH"", ""MK"", ""ML"", ""MM"", ""MN"", ""MO"", ""MP"", ""MQ"", ""MR"", ""MS"", ""MT"", ""MU"", ""MV"", ""MW"", ""MX"", ""MY"", ""MZ"", ""NA"", ""NC"", ""NE"", ""NF"", ""NG"", ""NI"", ""NL"", ""NO"", ""NP"", ""NR"", ""NU"", ""NZ"", ""OM"", ""PA"", ""PE"", ""PF"", ""PG"", ""PH"", ""PK"", ""PL"", ""PM"", ""PN"", ""PR"", ""PS"", ""PT"", ""PW"", ""PY"", ""QA"", ""RE"", ""RO"", ""RS"", ""RU"", ""RW"", ""SA"", ""SB"", ""SC"", ""SD"", ""SE"", ""SG"", ""SH"", ""SI"", ""SJ"", ""SK"", ""SL"", ""SM"", ""SN"", ""SO"", ""SR"", ""SS"", ""ST"", ""SV"", ""SX"", ""SY"", ""SZ"", ""TC"", ""TD"", ""TF"", ""TG"", ""TH"", ""TJ"", ""TK"", ""TL"", ""TM"", ""TN"", ""TO"", ""TR"", ""TT"", ""TV"", ""TW"", ""TZ"", ""UA"", ""UG"", ""UM"", ""UY"", ""UZ"", ""VA"", ""VC"", ""VE"", ""VG"", ""VI"", ""VN"", ""VU"", ""WF"", ""WS"", ""YE"", ""YT"", ""ZA"", ""ZM"", ""ZW"", ""ZZ""]}"
F0129,STR_ADDRESS,type_code,$.definitions[].address.typeCode,#/components/schemas/UnstructuredAddress/properties/typeCode,#/components/schemas/UnstructuredAddress/properties/typeCode,5553,5553,True,personAndEmployerDetails; UnstructuredAddress,typeCode de définition = 5; propriétaire STR_PERSON,colonne,"{""type"": ""integer"", ""enum"": [2]}"
F0130,STR_ADDRESS,country_code,$.definitions[].address.countryCode,#/components/schemas/UnstructuredAddress/properties/countryCode,#/components/schemas/CountryCode,5558,4583,False,personAndEmployerDetails; UnstructuredAddress,typeCode de définition = 5; propriétaire STR_PERSON,colonne,"{""type"": ""string"", ""enum"": [""CA"", ""US"", ""AD"", ""AE"", ""AF"", ""AG"", ""AI"", ""AL"", ""AM"", ""AN"", ""AO"", ""AQ"", ""AR"", ""AS"", ""AT"", ""AU"", ""AW"", ""AX"", ""AZ"", ""BA"", ""BB"", ""BD"", ""BE"", ""BF"", ""BG"", ""BH"", ""BI"", ""BJ"", ""BL"", ""BM"", ""BN"", ""BO"", ""BQ"", ""BR"", ""BS"", ""BT"", ""BV"", ""BW"", ""BY"", ""BZ"", ""CC"", ""CD"", ""CF"", ""CG"", ""CH"", ""CI"", ""CK"", ""CL"", ""CM"", ""CN"", ""CO"", ""CR"", ""CS"", ""CU"", ""CV"", ""CW"", ""CX"", ""CY"", ""CZ"", ""DE"", ""DJ"", ""DK"", ""DM"", ""DO"", ""DZ"", ""EC"", ""EE"", ""EG"", ""EH"", ""ER"", ""ES"", ""ET"", ""FI"", ""FJ"", ""FK"", ""FM"", ""FO"", ""FR"", ""FX"", ""GA"", ""GB"", ""GD"", ""GE"", ""GF"", ""GG"", ""GH"", ""GI"", ""GL"", ""GM"", ""GN"", ""GP"", ""GQ"", ""GR"", ""GS"", ""GT"", ""GU"", ""GW"", ""GY"", ""HK"", ""HM"", ""HN"", ""HR"", ""HT"", ""HU"", ""ID"", ""IE"", ""IL"", ""IM"", ""IN"", ""IO"", ""IQ"", ""IR"", ""IS"", ""IT"", ""JE"", ""JM"", ""JO"", ""JP"", ""KE"", ""KG"", ""KH"", ""KI"", ""KM"", ""KN"", ""KP"", ""KR"", ""KW"", ""KY"", ""KZ"", ""LA"", ""LB"", ""LC"", ""LI"", ""LK"", ""LR"", ""LS"", ""LT"", ""LU"", ""LV"", ""LY"", ""MA"", ""MC"", ""MD"", ""ME"", ""MF"", ""MG"", ""MH"", ""MK"", ""ML"", ""MM"", ""MN"", ""MO"", ""MP"", ""MQ"", ""MR"", ""MS"", ""MT"", ""MU"", ""MV"", ""MW"", ""MX"", ""MY"", ""MZ"", ""NA"", ""NC"", ""NE"", ""NF"", ""NG"", ""NI"", ""NL"", ""NO"", ""NP"", ""NR"", ""NU"", ""NZ"", ""OM"", ""PA"", ""PE"", ""PF"", ""PG"", ""PH"", ""PK"", ""PL"", ""PM"", ""PN"", ""PR"", ""PS"", ""PT"", ""PW"", ""PY"", ""QA"", ""RE"", ""RO"", ""RS"", ""RU"", ""RW"", ""SA"", ""SB"", ""SC"", ""SD"", ""SE"", ""SG"", ""SH"", ""SI"", ""SJ"", ""SK"", ""SL"", ""SM"", ""SN"", ""SO"", ""SR"", ""SS"", ""ST"", ""SV"", ""SX"", ""SY"", ""SZ"", ""TC"", ""TD"", ""TF"", ""TG"", ""TH"", ""TJ"", ""TK"", ""TL"", ""TM"", ""TN"", ""TO"", ""TR"", ""TT"", ""TV"", ""TW"", ""TZ"", ""UA"", ""UG"", ""UM"", ""UY"", ""UZ"", ""VA"", ""VC"", ""VE"", ""VG"", ""VI"", ""VN"", ""VU"", ""WF"", ""WS"", ""YE"", ""YT"", ""ZA"", ""ZM"", ""ZW"", ""ZZ""]}"
F0131,STR_ADDRESS,unstructured,$.definitions[].address.unstructured,#/components/schemas/UnstructuredAddress/properties/unstructured,#/components/schemas/string500,5560,6277,True,personAndEmployerDetails; UnstructuredAddress,typeCode de définition = 5; propriétaire STR_PERSON,colonne,"{""type"": ""string"", ""minLength"": 0, ""maxLength"": 500}"
F0132,STR_PERSON,telephone_number,$.definitions[].telephoneNumber,#/components/schemas/personAndEmployerDetails/properties/telephoneNumber,#/components/schemas/string20,5796,6257,False,personAndEmployerDetails,typeCode de définition = 5,colonne,"{""type"": ""string"", ""minLength"": 0, ""maxLength"": 20}"
F0133,STR_PERSON,extension_number,$.definitions[].extensionNumber,#/components/schemas/personAndEmployerDetails/properties/extensionNumber,#/components/schemas/string10,5798,6253,False,personAndEmployerDetails,typeCode de définition = 5,colonne,"{""type"": ""string"", ""minLength"": 0, ""maxLength"": 10}"
F0134,STR_PERSON,date_of_birth,$.definitions[].dateOfBirth,#/components/schemas/personAndEmployerDetails/properties/dateOfBirth,#/components/schemas/localDate,5800,6303,False,personAndEmployerDetails,typeCode de définition = 5,colonne,"{""type"": ""string"", ""pattern"": ""^[0-9]{4}-[0-9]{2}-[0-9]{2}$""}"
F0135,STR_PERSON,country_of_residence_code,$.definitions[].countryOfResidenceCode,#/components/schemas/personAndEmployerDetails/properties/countryOfResidenceCode,#/components/schemas/CountryCode,5802,4583,False,personAndEmployerDetails,typeCode de définition = 5,colonne,"{""type"": ""string"", ""enum"": [""CA"", ""US"", ""AD"", ""AE"", ""AF"", ""AG"", ""AI"", ""AL"", ""AM"", ""AN"", ""AO"", ""AQ"", ""AR"", ""AS"", ""AT"", ""AU"", ""AW"", ""AX"", ""AZ"", ""BA"", ""BB"", ""BD"", ""BE"", ""BF"", ""BG"", ""BH"", ""BI"", ""BJ"", ""BL"", ""BM"", ""BN"", ""BO"", ""BQ"", ""BR"", ""BS"", ""BT"", ""BV"", ""BW"", ""BY"", ""BZ"", ""CC"", ""CD"", ""CF"", ""CG"", ""CH"", ""CI"", ""CK"", ""CL"", ""CM"", ""CN"", ""CO"", ""CR"", ""CS"", ""CU"", ""CV"", ""CW"", ""CX"", ""CY"", ""CZ"", ""DE"", ""DJ"", ""DK"", ""DM"", ""DO"", ""DZ"", ""EC"", ""EE"", ""EG"", ""EH"", ""ER"", ""ES"", ""ET"", ""FI"", ""FJ"", ""FK"", ""FM"", ""FO"", ""FR"", ""FX"", ""GA"", ""GB"", ""GD"", ""GE"", ""GF"", ""GG"", ""GH"", ""GI"", ""GL"", ""GM"", ""GN"", ""GP"", ""GQ"", ""GR"", ""GS"", ""GT"", ""GU"", ""GW"", ""GY"", ""HK"", ""HM"", ""HN"", ""HR"", ""HT"", ""HU"", ""ID"", ""IE"", ""IL"", ""IM"", ""IN"", ""IO"", ""IQ"", ""IR"", ""IS"", ""IT"", ""JE"", ""JM"", ""JO"", ""JP"", ""KE"", ""KG"", ""KH"", ""KI"", ""KM"", ""KN"", ""KP"", ""KR"", ""KW"", ""KY"", ""KZ"", ""LA"", ""LB"", ""LC"", ""LI"", ""LK"", ""LR"", ""LS"", ""LT"", ""LU"", ""LV"", ""LY"", ""MA"", ""MC"", ""MD"", ""ME"", ""MF"", ""MG"", ""MH"", ""MK"", ""ML"", ""MM"", ""MN"", ""MO"", ""MP"", ""MQ"", ""MR"", ""MS"", ""MT"", ""MU"", ""MV"", ""MW"", ""MX"", ""MY"", ""MZ"", ""NA"", ""NC"", ""NE"", ""NF"", ""NG"", ""NI"", ""NL"", ""NO"", ""NP"", ""NR"", ""NU"", ""NZ"", ""OM"", ""PA"", ""PE"", ""PF"", ""PG"", ""PH"", ""PK"", ""PL"", ""PM"", ""PN"", ""PR"", ""PS"", ""PT"", ""PW"", ""PY"", ""QA"", ""RE"", ""RO"", ""RS"", ""RU"", ""RW"", ""SA"", ""SB"", ""SC"", ""SD"", ""SE"", ""SG"", ""SH"", ""SI"", ""SJ"", ""SK"", ""SL"", ""SM"", ""SN"", ""SO"", ""SR"", ""SS"", ""ST"", ""SV"", ""SX"", ""SY"", ""SZ"", ""TC"", ""TD"", ""TF"", ""TG"", ""TH"", ""TJ"", ""TK"", ""TL"", ""TM"", ""TN"", ""TO"", ""TR"", ""TT"", ""TV"", ""TW"", ""TZ"", ""UA"", ""UG"", ""UM"", ""UY"", ""UZ"", ""VA"", ""VC"", ""VE"", ""VG"", ""VI"", ""VN"", ""VU"", ""WF"", ""WS"", ""YE"", ""YT"", ""ZA"", ""ZM"", ""ZW"", ""ZZ""]}"
F0136,STR_PERSON,country_of_citizenship_code,$.definitions[].countryOfCitizenshipCode,#/components/schemas/personAndEmployerDetails/properties/countryOfCitizenshipCode,#/components/schemas/CountryCode,5804,4583,False,personAndEmployerDetails,typeCode de définition = 5,colonne,"{""type"": ""string"", ""enum"": [""CA"", ""US"", ""AD"", ""AE"", ""AF"", ""AG"", ""AI"", ""AL"", ""AM"", ""AN"", ""AO"", ""AQ"", ""AR"", ""AS"", ""AT"", ""AU"", ""AW"", ""AX"", ""AZ"", ""BA"", ""BB"", ""BD"", ""BE"", ""BF"", ""BG"", ""BH"", ""BI"", ""BJ"", ""BL"", ""BM"", ""BN"", ""BO"", ""BQ"", ""BR"", ""BS"", ""BT"", ""BV"", ""BW"", ""BY"", ""BZ"", ""CC"", ""CD"", ""CF"", ""CG"", ""CH"", ""CI"", ""CK"", ""CL"", ""CM"", ""CN"", ""CO"", ""CR"", ""CS"", ""CU"", ""CV"", ""CW"", ""CX"", ""CY"", ""CZ"", ""DE"", ""DJ"", ""DK"", ""DM"", ""DO"", ""DZ"", ""EC"", ""EE"", ""EG"", ""EH"", ""ER"", ""ES"", ""ET"", ""FI"", ""FJ"", ""FK"", ""FM"", ""FO"", ""FR"", ""FX"", ""GA"", ""GB"", ""GD"", ""GE"", ""GF"", ""GG"", ""GH"", ""GI"", ""GL"", ""GM"", ""GN"", ""GP"", ""GQ"", ""GR"", ""GS"", ""GT"", ""GU"", ""GW"", ""GY"", ""HK"", ""HM"", ""HN"", ""HR"", ""HT"", ""HU"", ""ID"", ""IE"", ""IL"", ""IM"", ""IN"", ""IO"", ""IQ"", ""IR"", ""IS"", ""IT"", ""JE"", ""JM"", ""JO"", ""JP"", ""KE"", ""KG"", ""KH"", ""KI"", ""KM"", ""KN"", ""KP"", ""KR"", ""KW"", ""KY"", ""KZ"", ""LA"", ""LB"", ""LC"", ""LI"", ""LK"", ""LR"", ""LS"", ""LT"", ""LU"", ""LV"", ""LY"", ""MA"", ""MC"", ""MD"", ""ME"", ""MF"", ""MG"", ""MH"", ""MK"", ""ML"", ""MM"", ""MN"", ""MO"", ""MP"", ""MQ"", ""MR"", ""MS"", ""MT"", ""MU"", ""MV"", ""MW"", ""MX"", ""MY"", ""MZ"", ""NA"", ""NC"", ""NE"", ""NF"", ""NG"", ""NI"", ""NL"", ""NO"", ""NP"", ""NR"", ""NU"", ""NZ"", ""OM"", ""PA"", ""PE"", ""PF"", ""PG"", ""PH"", ""PK"", ""PL"", ""PM"", ""PN"", ""PR"", ""PS"", ""PT"", ""PW"", ""PY"", ""QA"", ""RE"", ""RO"", ""RS"", ""RU"", ""RW"", ""SA"", ""SB"", ""SC"", ""SD"", ""SE"", ""SG"", ""SH"", ""SI"", ""SJ"", ""SK"", ""SL"", ""SM"", ""SN"", ""SO"", ""SR"", ""SS"", ""ST"", ""SV"", ""SX"", ""SY"", ""SZ"", ""TC"", ""TD"", ""TF"", ""TG"", ""TH"", ""TJ"", ""TK"", ""TL"", ""TM"", ""TN"", ""TO"", ""TR"", ""TT"", ""TV"", ""TW"", ""TZ"", ""UA"", ""UG"", ""UM"", ""UY"", ""UZ"", ""VA"", ""VC"", ""VE"", ""VG"", ""VI"", ""VN"", ""VU"", ""WF"", ""WS"", ""YE"", ""YT"", ""ZA"", ""ZM"", ""ZW"", ""ZZ""]}"
F0137,STR_PERSON,occupation,$.definitions[].occupation,#/components/schemas/personAndEmployerDetails/properties/occupation,#/components/schemas/string200,5806,6273,False,personAndEmployerDetails,typeCode de définition = 5,colonne,"{""type"": ""string"", ""minLength"": 0, ""maxLength"": 200}"
F0138,STR_EMPLOYER_INFO,name,$.definitions[].employerInformation.name,#/components/schemas/personAndEmployerDetails/properties/employerInformation/properties/name,#/components/schemas/string100,5812,6269,False,personAndEmployerDetails,typeCode de définition = 5,colonne,"{""type"": ""string"", ""minLength"": 0, ""maxLength"": 100}"
F0139,STR_EMPLOYER_INFO,address_type_code,$.definitions[].employerInformation.addressTypeCode,#/components/schemas/personAndEmployerDetails/properties/employerInformation/properties/addressTypeCode,#/components/schemas/addressTypeCode,5814,6504,False,personAndEmployerDetails,typeCode de définition = 5,colonne,"{""type"": ""integer"", ""enum"": [1, 2]}"
F0140,STR_ADDRESS,type_code,$.definitions[].employerInformation.address.typeCode,#/components/schemas/StructuredAddress/properties/typeCode,#/components/schemas/StructuredAddress/properties/typeCode,5520,5520,True,personAndEmployerDetails; StructuredAddress,typeCode de définition = 5; propriétaire STR_EMPLOYER_INFO,colonne,"{""type"": ""integer"", ""enum"": [1]}"
F0141,STR_ADDRESS,unit_number,$.definitions[].employerInformation.address.unitNumber,#/components/schemas/StructuredAddress/properties/unitNumber,#/components/schemas/string10,5525,6253,False,personAndEmployerDetails; StructuredAddress,typeCode de définition = 5; propriétaire STR_EMPLOYER_INFO,colonne,"{""type"": ""string"", ""minLength"": 0, ""maxLength"": 10}"
F0142,STR_ADDRESS,building_number,$.definitions[].employerInformation.address.buildingNumber,#/components/schemas/StructuredAddress/properties/buildingNumber,#/components/schemas/string10,5527,6253,False,personAndEmployerDetails; StructuredAddress,typeCode de définition = 5; propriétaire STR_EMPLOYER_INFO,colonne,"{""type"": ""string"", ""minLength"": 0, ""maxLength"": 10}"
F0143,STR_ADDRESS,street_address,$.definitions[].employerInformation.address.streetAddress,#/components/schemas/StructuredAddress/properties/streetAddress,#/components/schemas/string100,5529,6269,False,personAndEmployerDetails; StructuredAddress,typeCode de définition = 5; propriétaire STR_EMPLOYER_INFO,colonne,"{""type"": ""string"", ""minLength"": 0, ""maxLength"": 100}"
F0144,STR_ADDRESS,city,$.definitions[].employerInformation.address.city,#/components/schemas/StructuredAddress/properties/city,#/components/schemas/string100,5531,6269,False,personAndEmployerDetails; StructuredAddress,typeCode de définition = 5; propriétaire STR_EMPLOYER_INFO,colonne,"{""type"": ""string"", ""minLength"": 0, ""maxLength"": 100}"
F0145,STR_ADDRESS,district,$.definitions[].employerInformation.address.district,#/components/schemas/StructuredAddress/properties/district,#/components/schemas/string100,5533,6269,False,personAndEmployerDetails; StructuredAddress,typeCode de définition = 5; propriétaire STR_EMPLOYER_INFO,colonne,"{""type"": ""string"", ""minLength"": 0, ""maxLength"": 100}"
F0146,STR_ADDRESS,province_state_code,$.definitions[].employerInformation.address.provinceStateCode,#/components/schemas/StructuredAddress/properties/provinceStateCode,#/components/schemas/ProvinceStateCode/oneOf/0,5535,2776,False,personAndEmployerDetails; StructuredAddress; ProvinceStateCode/oneOf/0,typeCode de définition = 5; propriétaire STR_EMPLOYER_INFO,colonne,"{""type"": ""string"", ""enum"": [""AB"", ""BC"", ""MB"", ""NB"", ""NL"", ""NT"", ""NS"", ""NU"", ""ON"", ""PE"", ""QC"", ""SK"", ""YT""]}"
F0147,STR_ADDRESS,province_state_code,$.definitions[].employerInformation.address.provinceStateCode,#/components/schemas/StructuredAddress/properties/provinceStateCode,#/components/schemas/ProvinceStateCode/oneOf/1,5535,2805,False,personAndEmployerDetails; StructuredAddress; ProvinceStateCode/oneOf/1,typeCode de définition = 5; propriétaire STR_EMPLOYER_INFO,colonne,"{""type"": ""string"", ""enum"": [""AL"", ""AK"", ""AZ"", ""AR"", ""CA"", ""CO"", ""CT"", ""DE"", ""DC"", ""FL"", ""GA"", ""HI"", ""ID"", ""IL"", ""IN"", ""IA"", ""KS"", ""KY"", ""LA"", ""ME"", ""MD"", ""MA"", ""MI"", ""MN"", ""MS"", ""MO"", ""MT"", ""NE"", ""NV"", ""NH"", ""NJ"", ""NM"", ""NY"", ""NC"", ""ND"", ""OH"", ""OK"", ""OR"", ""PA"", ""RI"", ""SC"", ""SD"", ""TN"", ""TX"", ""UT"", ""VT"", ""VA"", ""WA"", ""WV"", ""WI"", ""WY""]}"
F0148,STR_ADDRESS,province_state_code,$.definitions[].employerInformation.address.provinceStateCode,#/components/schemas/StructuredAddress/properties/provinceStateCode,#/components/schemas/ProvinceStateCode/oneOf/2,5535,2910,False,personAndEmployerDetails; StructuredAddress; ProvinceStateCode/oneOf/2,typeCode de définition = 5; propriétaire STR_EMPLOYER_INFO,colonne,"{""type"": ""string"", ""enum"": [""AG"", ""BA"", ""BJ"", ""CE"", ""CI"", ""CH"", ""CU"", ""CL"", ""DF"", ""DO"", ""GU"", ""GR"", ""HL"", ""JL"", ""MX"", ""MC"", ""MR"", ""NA"", ""NL"", ""OA"", ""PB"", ""QU"", ""QR"", ""SL"", ""SI"", ""SO"", ""TB"", ""TA"", ""TL"", ""VC"", ""YU"", ""ZA""]}"
F0149,STR_ADDRESS,province_state_code,$.definitions[].employerInformation.address.provinceStateCode,#/components/schemas/StructuredAddress/properties/provinceStateCode,#/components/schemas/ProvinceStateCode/oneOf/3,5535,2977,False,personAndEmployerDetails; StructuredAddress; ProvinceStateCode/oneOf/3,typeCode de définition = 5; propriétaire STR_EMPLOYER_INFO,colonne,"{""type"": ""string"", ""minLength"": 2, ""maxLength"": 2}"
F0150,STR_ADDRESS,province_state_name,$.definitions[].employerInformation.address.provinceStateName,#/components/schemas/StructuredAddress/properties/provinceStateName,#/components/schemas/string100,5537,6269,False,personAndEmployerDetails; StructuredAddress,typeCode de définition = 5; propriétaire STR_EMPLOYER_INFO,colonne,"{""type"": ""string"", ""minLength"": 0, ""maxLength"": 100}"
F0151,STR_ADDRESS,sub_province_sub_locality,$.definitions[].employerInformation.address.subProvinceSubLocality,#/components/schemas/StructuredAddress/properties/subProvinceSubLocality,#/components/schemas/StructuredAddress/properties/subProvinceSubLocality,5539,5539,False,personAndEmployerDetails; StructuredAddress,typeCode de définition = 5; propriétaire STR_EMPLOYER_INFO,colonne,"{""type"": ""string"", ""maxLength"": 100}"
F0152,STR_ADDRESS,postal_zip_code,$.definitions[].employerInformation.address.postalZipCode,#/components/schemas/StructuredAddress/properties/postalZipCode,#/components/schemas/StructuredAddress/properties/postalZipCode,5542,5542,False,personAndEmployerDetails; StructuredAddress,typeCode de définition = 5; propriétaire STR_EMPLOYER_INFO,colonne,"{""type"": ""string"", ""maxLength"": 20}"
F0153,STR_ADDRESS,country_code,$.definitions[].employerInformation.address.countryCode,#/components/schemas/StructuredAddress/properties/countryCode,#/components/schemas/CountryCode,5545,4583,False,personAndEmployerDetails; StructuredAddress,typeCode de définition = 5; propriétaire STR_EMPLOYER_INFO,colonne,"{""type"": ""string"", ""enum"": [""CA"", ""US"", ""AD"", ""AE"", ""AF"", ""AG"", ""AI"", ""AL"", ""AM"", ""AN"", ""AO"", ""AQ"", ""AR"", ""AS"", ""AT"", ""AU"", ""AW"", ""AX"", ""AZ"", ""BA"", ""BB"", ""BD"", ""BE"", ""BF"", ""BG"", ""BH"", ""BI"", ""BJ"", ""BL"", ""BM"", ""BN"", ""BO"", ""BQ"", ""BR"", ""BS"", ""BT"", ""BV"", ""BW"", ""BY"", ""BZ"", ""CC"", ""CD"", ""CF"", ""CG"", ""CH"", ""CI"", ""CK"", ""CL"", ""CM"", ""CN"", ""CO"", ""CR"", ""CS"", ""CU"", ""CV"", ""CW"", ""CX"", ""CY"", ""CZ"", ""DE"", ""DJ"", ""DK"", ""DM"", ""DO"", ""DZ"", ""EC"", ""EE"", ""EG"", ""EH"", ""ER"", ""ES"", ""ET"", ""FI"", ""FJ"", ""FK"", ""FM"", ""FO"", ""FR"", ""FX"", ""GA"", ""GB"", ""GD"", ""GE"", ""GF"", ""GG"", ""GH"", ""GI"", ""GL"", ""GM"", ""GN"", ""GP"", ""GQ"", ""GR"", ""GS"", ""GT"", ""GU"", ""GW"", ""GY"", ""HK"", ""HM"", ""HN"", ""HR"", ""HT"", ""HU"", ""ID"", ""IE"", ""IL"", ""IM"", ""IN"", ""IO"", ""IQ"", ""IR"", ""IS"", ""IT"", ""JE"", ""JM"", ""JO"", ""JP"", ""KE"", ""KG"", ""KH"", ""KI"", ""KM"", ""KN"", ""KP"", ""KR"", ""KW"", ""KY"", ""KZ"", ""LA"", ""LB"", ""LC"", ""LI"", ""LK"", ""LR"", ""LS"", ""LT"", ""LU"", ""LV"", ""LY"", ""MA"", ""MC"", ""MD"", ""ME"", ""MF"", ""MG"", ""MH"", ""MK"", ""ML"", ""MM"", ""MN"", ""MO"", ""MP"", ""MQ"", ""MR"", ""MS"", ""MT"", ""MU"", ""MV"", ""MW"", ""MX"", ""MY"", ""MZ"", ""NA"", ""NC"", ""NE"", ""NF"", ""NG"", ""NI"", ""NL"", ""NO"", ""NP"", ""NR"", ""NU"", ""NZ"", ""OM"", ""PA"", ""PE"", ""PF"", ""PG"", ""PH"", ""PK"", ""PL"", ""PM"", ""PN"", ""PR"", ""PS"", ""PT"", ""PW"", ""PY"", ""QA"", ""RE"", ""RO"", ""RS"", ""RU"", ""RW"", ""SA"", ""SB"", ""SC"", ""SD"", ""SE"", ""SG"", ""SH"", ""SI"", ""SJ"", ""SK"", ""SL"", ""SM"", ""SN"", ""SO"", ""SR"", ""SS"", ""ST"", ""SV"", ""SX"", ""SY"", ""SZ"", ""TC"", ""TD"", ""TF"", ""TG"", ""TH"", ""TJ"", ""TK"", ""TL"", ""TM"", ""TN"", ""TO"", ""TR"", ""TT"", ""TV"", ""TW"", ""TZ"", ""UA"", ""UG"", ""UM"", ""UY"", ""UZ"", ""VA"", ""VC"", ""VE"", ""VG"", ""VI"", ""VN"", ""VU"", ""WF"", ""WS"", ""YE"", ""YT"", ""ZA"", ""ZM"", ""ZW"", ""ZZ""]}"
F0154,STR_ADDRESS,type_code,$.definitions[].employerInformation.address.typeCode,#/components/schemas/UnstructuredAddress/properties/typeCode,#/components/schemas/UnstructuredAddress/properties/typeCode,5553,5553,True,personAndEmployerDetails; UnstructuredAddress,typeCode de définition = 5; propriétaire STR_EMPLOYER_INFO,colonne,"{""type"": ""integer"", ""enum"": [2]}"
F0155,STR_ADDRESS,country_code,$.definitions[].employerInformation.address.countryCode,#/components/schemas/UnstructuredAddress/properties/countryCode,#/components/schemas/CountryCode,5558,4583,False,personAndEmployerDetails; UnstructuredAddress,typeCode de définition = 5; propriétaire STR_EMPLOYER_INFO,colonne,"{""type"": ""string"", ""enum"": [""CA"", ""US"", ""AD"", ""AE"", ""AF"", ""AG"", ""AI"", ""AL"", ""AM"", ""AN"", ""AO"", ""AQ"", ""AR"", ""AS"", ""AT"", ""AU"", ""AW"", ""AX"", ""AZ"", ""BA"", ""BB"", ""BD"", ""BE"", ""BF"", ""BG"", ""BH"", ""BI"", ""BJ"", ""BL"", ""BM"", ""BN"", ""BO"", ""BQ"", ""BR"", ""BS"", ""BT"", ""BV"", ""BW"", ""BY"", ""BZ"", ""CC"", ""CD"", ""CF"", ""CG"", ""CH"", ""CI"", ""CK"", ""CL"", ""CM"", ""CN"", ""CO"", ""CR"", ""CS"", ""CU"", ""CV"", ""CW"", ""CX"", ""CY"", ""CZ"", ""DE"", ""DJ"", ""DK"", ""DM"", ""DO"", ""DZ"", ""EC"", ""EE"", ""EG"", ""EH"", ""ER"", ""ES"", ""ET"", ""FI"", ""FJ"", ""FK"", ""FM"", ""FO"", ""FR"", ""FX"", ""GA"", ""GB"", ""GD"", ""GE"", ""GF"", ""GG"", ""GH"", ""GI"", ""GL"", ""GM"", ""GN"", ""GP"", ""GQ"", ""GR"", ""GS"", ""GT"", ""GU"", ""GW"", ""GY"", ""HK"", ""HM"", ""HN"", ""HR"", ""HT"", ""HU"", ""ID"", ""IE"", ""IL"", ""IM"", ""IN"", ""IO"", ""IQ"", ""IR"", ""IS"", ""IT"", ""JE"", ""JM"", ""JO"", ""JP"", ""KE"", ""KG"", ""KH"", ""KI"", ""KM"", ""KN"", ""KP"", ""KR"", ""KW"", ""KY"", ""KZ"", ""LA"", ""LB"", ""LC"", ""LI"", ""LK"", ""LR"", ""LS"", ""LT"", ""LU"", ""LV"", ""LY"", ""MA"", ""MC"", ""MD"", ""ME"", ""MF"", ""MG"", ""MH"", ""MK"", ""ML"", ""MM"", ""MN"", ""MO"", ""MP"", ""MQ"", ""MR"", ""MS"", ""MT"", ""MU"", ""MV"", ""MW"", ""MX"", ""MY"", ""MZ"", ""NA"", ""NC"", ""NE"", ""NF"", ""NG"", ""NI"", ""NL"", ""NO"", ""NP"", ""NR"", ""NU"", ""NZ"", ""OM"", ""PA"", ""PE"", ""PF"", ""PG"", ""PH"", ""PK"", ""PL"", ""PM"", ""PN"", ""PR"", ""PS"", ""PT"", ""PW"", ""PY"", ""QA"", ""RE"", ""RO"", ""RS"", ""RU"", ""RW"", ""SA"", ""SB"", ""SC"", ""SD"", ""SE"", ""SG"", ""SH"", ""SI"", ""SJ"", ""SK"", ""SL"", ""SM"", ""SN"", ""SO"", ""SR"", ""SS"", ""ST"", ""SV"", ""SX"", ""SY"", ""SZ"", ""TC"", ""TD"", ""TF"", ""TG"", ""TH"", ""TJ"", ""TK"", ""TL"", ""TM"", ""TN"", ""TO"", ""TR"", ""TT"", ""TV"", ""TW"", ""TZ"", ""UA"", ""UG"", ""UM"", ""UY"", ""UZ"", ""VA"", ""VC"", ""VE"", ""VG"", ""VI"", ""VN"", ""VU"", ""WF"", ""WS"", ""YE"", ""YT"", ""ZA"", ""ZM"", ""ZW"", ""ZZ""]}"
F0156,STR_ADDRESS,unstructured,$.definitions[].employerInformation.address.unstructured,#/components/schemas/UnstructuredAddress/properties/unstructured,#/components/schemas/string500,5560,6277,True,personAndEmployerDetails; UnstructuredAddress,typeCode de définition = 5; propriétaire STR_EMPLOYER_INFO,colonne,"{""type"": ""string"", ""minLength"": 0, ""maxLength"": 500}"
F0157,STR_EMPLOYER_INFO,telephone_number,$.definitions[].employerInformation.telephoneNumber,#/components/schemas/personAndEmployerDetails/properties/employerInformation/properties/telephoneNumber,#/components/schemas/string20,5820,6257,False,personAndEmployerDetails,typeCode de définition = 5,colonne,"{""type"": ""string"", ""minLength"": 0, ""maxLength"": 20}"
F0158,STR_EMPLOYER_INFO,extension_number,$.definitions[].employerInformation.extensionNumber,#/components/schemas/personAndEmployerDetails/properties/employerInformation/properties/extensionNumber,#/components/schemas/string10,5822,6253,False,personAndEmployerDetails,typeCode de définition = 5,colonne,"{""type"": ""string"", ""minLength"": 0, ""maxLength"": 10}"
F0159,STR_IDENTIFICATION,identifier_type_code,$.definitions[].identifications[].identifierTypeCode,#/components/schemas/personIdentificationWithJurisdiction/properties/identifierTypeCode,#/components/schemas/personIdentificationWithJurisdiction/properties/identifierTypeCode,6315,6315,False,personAndEmployerDetails,typeCode de définition = 5,colonne,"{""type"": ""integer"", ""enum"": [1, 2, 3, 4, 5, 14, 15, 27, 32, 33, 34, 35, 36, 37, 38, 39, 40]}"
F0160,STR_IDENTIFICATION,identifier_type_other,$.definitions[].identifications[].identifierTypeOther,#/components/schemas/personIdentificationWithJurisdiction/properties/identifierTypeOther,#/components/schemas/string200,6354,6273,False,personAndEmployerDetails,typeCode de définition = 5,colonne,"{""type"": ""string"", ""minLength"": 0, ""maxLength"": 200}"
F0161,STR_IDENTIFICATION,number,$.definitions[].identifications[].number,#/components/schemas/personIdentificationWithJurisdiction/properties/number,#/components/schemas/string100,6356,6269,False,personAndEmployerDetails,typeCode de définition = 5,colonne,"{""type"": ""string"", ""minLength"": 0, ""maxLength"": 100}"
F0162,STR_IDENTIFICATION,jurisdiction_country_code,$.definitions[].identifications[].jurisdictionOfIssueCountryCode,#/components/schemas/personIdentificationWithJurisdiction/properties/jurisdictionOfIssueCountryCode,#/components/schemas/CountryCode,6358,4583,False,personAndEmployerDetails,typeCode de définition = 5,colonne,"{""type"": ""string"", ""enum"": [""CA"", ""US"", ""AD"", ""AE"", ""AF"", ""AG"", ""AI"", ""AL"", ""AM"", ""AN"", ""AO"", ""AQ"", ""AR"", ""AS"", ""AT"", ""AU"", ""AW"", ""AX"", ""AZ"", ""BA"", ""BB"", ""BD"", ""BE"", ""BF"", ""BG"", ""BH"", ""BI"", ""BJ"", ""BL"", ""BM"", ""BN"", ""BO"", ""BQ"", ""BR"", ""BS"", ""BT"", ""BV"", ""BW"", ""BY"", ""BZ"", ""CC"", ""CD"", ""CF"", ""CG"", ""CH"", ""CI"", ""CK"", ""CL"", ""CM"", ""CN"", ""CO"", ""CR"", ""CS"", ""CU"", ""CV"", ""CW"", ""CX"", ""CY"", ""CZ"", ""DE"", ""DJ"", ""DK"", ""DM"", ""DO"", ""DZ"", ""EC"", ""EE"", ""EG"", ""EH"", ""ER"", ""ES"", ""ET"", ""FI"", ""FJ"", ""FK"", ""FM"", ""FO"", ""FR"", ""FX"", ""GA"", ""GB"", ""GD"", ""GE"", ""GF"", ""GG"", ""GH"", ""GI"", ""GL"", ""GM"", ""GN"", ""GP"", ""GQ"", ""GR"", ""GS"", ""GT"", ""GU"", ""GW"", ""GY"", ""HK"", ""HM"", ""HN"", ""HR"", ""HT"", ""HU"", ""ID"", ""IE"", ""IL"", ""IM"", ""IN"", ""IO"", ""IQ"", ""IR"", ""IS"", ""IT"", ""JE"", ""JM"", ""JO"", ""JP"", ""KE"", ""KG"", ""KH"", ""KI"", ""KM"", ""KN"", ""KP"", ""KR"", ""KW"", ""KY"", ""KZ"", ""LA"", ""LB"", ""LC"", ""LI"", ""LK"", ""LR"", ""LS"", ""LT"", ""LU"", ""LV"", ""LY"", ""MA"", ""MC"", ""MD"", ""ME"", ""MF"", ""MG"", ""MH"", ""MK"", ""ML"", ""MM"", ""MN"", ""MO"", ""MP"", ""MQ"", ""MR"", ""MS"", ""MT"", ""MU"", ""MV"", ""MW"", ""MX"", ""MY"", ""MZ"", ""NA"", ""NC"", ""NE"", ""NF"", ""NG"", ""NI"", ""NL"", ""NO"", ""NP"", ""NR"", ""NU"", ""NZ"", ""OM"", ""PA"", ""PE"", ""PF"", ""PG"", ""PH"", ""PK"", ""PL"", ""PM"", ""PN"", ""PR"", ""PS"", ""PT"", ""PW"", ""PY"", ""QA"", ""RE"", ""RO"", ""RS"", ""RU"", ""RW"", ""SA"", ""SB"", ""SC"", ""SD"", ""SE"", ""SG"", ""SH"", ""SI"", ""SJ"", ""SK"", ""SL"", ""SM"", ""SN"", ""SO"", ""SR"", ""SS"", ""ST"", ""SV"", ""SX"", ""SY"", ""SZ"", ""TC"", ""TD"", ""TF"", ""TG"", ""TH"", ""TJ"", ""TK"", ""TL"", ""TM"", ""TN"", ""TO"", ""TR"", ""TT"", ""TV"", ""TW"", ""TZ"", ""UA"", ""UG"", ""UM"", ""UY"", ""UZ"", ""VA"", ""VC"", ""VE"", ""VG"", ""VI"", ""VN"", ""VU"", ""WF"", ""WS"", ""YE"", ""YT"", ""ZA"", ""ZM"", ""ZW"", ""ZZ""]}"
F0163,STR_IDENTIFICATION,jurisdiction_province_state_code,$.definitions[].identifications[].jurisdictionOfIssueProvinceStateCode,#/components/schemas/personIdentificationWithJurisdiction/properties/jurisdictionOfIssueProvinceStateCode,#/components/schemas/ProvinceStateCode/oneOf/0,6360,2776,False,personAndEmployerDetails; ProvinceStateCode/oneOf/0,typeCode de définition = 5,colonne,"{""type"": ""string"", ""enum"": [""AB"", ""BC"", ""MB"", ""NB"", ""NL"", ""NT"", ""NS"", ""NU"", ""ON"", ""PE"", ""QC"", ""SK"", ""YT""]}"
F0164,STR_IDENTIFICATION,jurisdiction_province_state_code,$.definitions[].identifications[].jurisdictionOfIssueProvinceStateCode,#/components/schemas/personIdentificationWithJurisdiction/properties/jurisdictionOfIssueProvinceStateCode,#/components/schemas/ProvinceStateCode/oneOf/1,6360,2805,False,personAndEmployerDetails; ProvinceStateCode/oneOf/1,typeCode de définition = 5,colonne,"{""type"": ""string"", ""enum"": [""AL"", ""AK"", ""AZ"", ""AR"", ""CA"", ""CO"", ""CT"", ""DE"", ""DC"", ""FL"", ""GA"", ""HI"", ""ID"", ""IL"", ""IN"", ""IA"", ""KS"", ""KY"", ""LA"", ""ME"", ""MD"", ""MA"", ""MI"", ""MN"", ""MS"", ""MO"", ""MT"", ""NE"", ""NV"", ""NH"", ""NJ"", ""NM"", ""NY"", ""NC"", ""ND"", ""OH"", ""OK"", ""OR"", ""PA"", ""RI"", ""SC"", ""SD"", ""TN"", ""TX"", ""UT"", ""VT"", ""VA"", ""WA"", ""WV"", ""WI"", ""WY""]}"
F0165,STR_IDENTIFICATION,jurisdiction_province_state_code,$.definitions[].identifications[].jurisdictionOfIssueProvinceStateCode,#/components/schemas/personIdentificationWithJurisdiction/properties/jurisdictionOfIssueProvinceStateCode,#/components/schemas/ProvinceStateCode/oneOf/2,6360,2910,False,personAndEmployerDetails; ProvinceStateCode/oneOf/2,typeCode de définition = 5,colonne,"{""type"": ""string"", ""enum"": [""AG"", ""BA"", ""BJ"", ""CE"", ""CI"", ""CH"", ""CU"", ""CL"", ""DF"", ""DO"", ""GU"", ""GR"", ""HL"", ""JL"", ""MX"", ""MC"", ""MR"", ""NA"", ""NL"", ""OA"", ""PB"", ""QU"", ""QR"", ""SL"", ""SI"", ""SO"", ""TB"", ""TA"", ""TL"", ""VC"", ""YU"", ""ZA""]}"
F0166,STR_IDENTIFICATION,jurisdiction_province_state_code,$.definitions[].identifications[].jurisdictionOfIssueProvinceStateCode,#/components/schemas/personIdentificationWithJurisdiction/properties/jurisdictionOfIssueProvinceStateCode,#/components/schemas/ProvinceStateCode/oneOf/3,6360,2977,False,personAndEmployerDetails; ProvinceStateCode/oneOf/3,typeCode de définition = 5,colonne,"{""type"": ""string"", ""minLength"": 2, ""maxLength"": 2}"
F0167,STR_IDENTIFICATION,jurisdiction_province_state_name,$.definitions[].identifications[].jurisdictionOfIssueProvinceStateName,#/components/schemas/personIdentificationWithJurisdiction/properties/jurisdictionOfIssueProvinceStateName,#/components/schemas/string100,6362,6269,False,personAndEmployerDetails,typeCode de définition = 5,colonne,"{""type"": ""string"", ""minLength"": 0, ""maxLength"": 100}"
F0168,STR_DEFINITION,type_code,$.definitions[].typeCode,#/components/schemas/entityAndBeneficialOwnershipDetails/properties/typeCode,#/components/schemas/entityAndBeneficialOwnershipDetails/properties/typeCode,5836,5836,True,entityAndBeneficialOwnershipDetails,typeCode de définition = 6,colonne,"{""type"": ""integer"", ""enum"": [6]}"
F0169,STR_DEFINITION,ref_id,$.definitions[].refId,#/components/schemas/entityAndBeneficialOwnershipDetails/properties/refId,#/components/schemas/refId,5840,6309,True,entityAndBeneficialOwnershipDetails,typeCode de définition = 6,colonne,"{""type"": ""string"", ""pattern"": ""^[A-Za-z0-9-_]{1,50}$""}"
F0170,STR_ENTITY,name_of_entity,$.definitions[].nameOfEntity,#/components/schemas/entityAndBeneficialOwnershipDetails/properties/nameOfEntity,#/components/schemas/string100,5842,6269,False,entityAndBeneficialOwnershipDetails,typeCode de définition = 6,colonne,"{""type"": ""string"", ""minLength"": 0, ""maxLength"": 100}"
F0171,STR_ENTITY,address_type_code,$.definitions[].addressTypeCode,#/components/schemas/entityAndBeneficialOwnershipDetails/properties/addressTypeCode,#/components/schemas/addressTypeCode,5844,6504,False,entityAndBeneficialOwnershipDetails,typeCode de définition = 6,colonne,"{""type"": ""integer"", ""enum"": [1, 2]}"
F0172,STR_ADDRESS,type_code,$.definitions[].address.typeCode,#/components/schemas/StructuredAddress/properties/typeCode,#/components/schemas/StructuredAddress/properties/typeCode,5520,5520,True,entityAndBeneficialOwnershipDetails; StructuredAddress,typeCode de définition = 6; propriétaire STR_ENTITY,colonne,"{""type"": ""integer"", ""enum"": [1]}"
F0173,STR_ADDRESS,unit_number,$.definitions[].address.unitNumber,#/components/schemas/StructuredAddress/properties/unitNumber,#/components/schemas/string10,5525,6253,False,entityAndBeneficialOwnershipDetails; StructuredAddress,typeCode de définition = 6; propriétaire STR_ENTITY,colonne,"{""type"": ""string"", ""minLength"": 0, ""maxLength"": 10}"
F0174,STR_ADDRESS,building_number,$.definitions[].address.buildingNumber,#/components/schemas/StructuredAddress/properties/buildingNumber,#/components/schemas/string10,5527,6253,False,entityAndBeneficialOwnershipDetails; StructuredAddress,typeCode de définition = 6; propriétaire STR_ENTITY,colonne,"{""type"": ""string"", ""minLength"": 0, ""maxLength"": 10}"
F0175,STR_ADDRESS,street_address,$.definitions[].address.streetAddress,#/components/schemas/StructuredAddress/properties/streetAddress,#/components/schemas/string100,5529,6269,False,entityAndBeneficialOwnershipDetails; StructuredAddress,typeCode de définition = 6; propriétaire STR_ENTITY,colonne,"{""type"": ""string"", ""minLength"": 0, ""maxLength"": 100}"
F0176,STR_ADDRESS,city,$.definitions[].address.city,#/components/schemas/StructuredAddress/properties/city,#/components/schemas/string100,5531,6269,False,entityAndBeneficialOwnershipDetails; StructuredAddress,typeCode de définition = 6; propriétaire STR_ENTITY,colonne,"{""type"": ""string"", ""minLength"": 0, ""maxLength"": 100}"
F0177,STR_ADDRESS,district,$.definitions[].address.district,#/components/schemas/StructuredAddress/properties/district,#/components/schemas/string100,5533,6269,False,entityAndBeneficialOwnershipDetails; StructuredAddress,typeCode de définition = 6; propriétaire STR_ENTITY,colonne,"{""type"": ""string"", ""minLength"": 0, ""maxLength"": 100}"
F0178,STR_ADDRESS,province_state_code,$.definitions[].address.provinceStateCode,#/components/schemas/StructuredAddress/properties/provinceStateCode,#/components/schemas/ProvinceStateCode/oneOf/0,5535,2776,False,entityAndBeneficialOwnershipDetails; StructuredAddress; ProvinceStateCode/oneOf/0,typeCode de définition = 6; propriétaire STR_ENTITY,colonne,"{""type"": ""string"", ""enum"": [""AB"", ""BC"", ""MB"", ""NB"", ""NL"", ""NT"", ""NS"", ""NU"", ""ON"", ""PE"", ""QC"", ""SK"", ""YT""]}"
F0179,STR_ADDRESS,province_state_code,$.definitions[].address.provinceStateCode,#/components/schemas/StructuredAddress/properties/provinceStateCode,#/components/schemas/ProvinceStateCode/oneOf/1,5535,2805,False,entityAndBeneficialOwnershipDetails; StructuredAddress; ProvinceStateCode/oneOf/1,typeCode de définition = 6; propriétaire STR_ENTITY,colonne,"{""type"": ""string"", ""enum"": [""AL"", ""AK"", ""AZ"", ""AR"", ""CA"", ""CO"", ""CT"", ""DE"", ""DC"", ""FL"", ""GA"", ""HI"", ""ID"", ""IL"", ""IN"", ""IA"", ""KS"", ""KY"", ""LA"", ""ME"", ""MD"", ""MA"", ""MI"", ""MN"", ""MS"", ""MO"", ""MT"", ""NE"", ""NV"", ""NH"", ""NJ"", ""NM"", ""NY"", ""NC"", ""ND"", ""OH"", ""OK"", ""OR"", ""PA"", ""RI"", ""SC"", ""SD"", ""TN"", ""TX"", ""UT"", ""VT"", ""VA"", ""WA"", ""WV"", ""WI"", ""WY""]}"
F0180,STR_ADDRESS,province_state_code,$.definitions[].address.provinceStateCode,#/components/schemas/StructuredAddress/properties/provinceStateCode,#/components/schemas/ProvinceStateCode/oneOf/2,5535,2910,False,entityAndBeneficialOwnershipDetails; StructuredAddress; ProvinceStateCode/oneOf/2,typeCode de définition = 6; propriétaire STR_ENTITY,colonne,"{""type"": ""string"", ""enum"": [""AG"", ""BA"", ""BJ"", ""CE"", ""CI"", ""CH"", ""CU"", ""CL"", ""DF"", ""DO"", ""GU"", ""GR"", ""HL"", ""JL"", ""MX"", ""MC"", ""MR"", ""NA"", ""NL"", ""OA"", ""PB"", ""QU"", ""QR"", ""SL"", ""SI"", ""SO"", ""TB"", ""TA"", ""TL"", ""VC"", ""YU"", ""ZA""]}"
F0181,STR_ADDRESS,province_state_code,$.definitions[].address.provinceStateCode,#/components/schemas/StructuredAddress/properties/provinceStateCode,#/components/schemas/ProvinceStateCode/oneOf/3,5535,2977,False,entityAndBeneficialOwnershipDetails; StructuredAddress; ProvinceStateCode/oneOf/3,typeCode de définition = 6; propriétaire STR_ENTITY,colonne,"{""type"": ""string"", ""minLength"": 2, ""maxLength"": 2}"
F0182,STR_ADDRESS,province_state_name,$.definitions[].address.provinceStateName,#/components/schemas/StructuredAddress/properties/provinceStateName,#/components/schemas/string100,5537,6269,False,entityAndBeneficialOwnershipDetails; StructuredAddress,typeCode de définition = 6; propriétaire STR_ENTITY,colonne,"{""type"": ""string"", ""minLength"": 0, ""maxLength"": 100}"
F0183,STR_ADDRESS,sub_province_sub_locality,$.definitions[].address.subProvinceSubLocality,#/components/schemas/StructuredAddress/properties/subProvinceSubLocality,#/components/schemas/StructuredAddress/properties/subProvinceSubLocality,5539,5539,False,entityAndBeneficialOwnershipDetails; StructuredAddress,typeCode de définition = 6; propriétaire STR_ENTITY,colonne,"{""type"": ""string"", ""maxLength"": 100}"
F0184,STR_ADDRESS,postal_zip_code,$.definitions[].address.postalZipCode,#/components/schemas/StructuredAddress/properties/postalZipCode,#/components/schemas/StructuredAddress/properties/postalZipCode,5542,5542,False,entityAndBeneficialOwnershipDetails; StructuredAddress,typeCode de définition = 6; propriétaire STR_ENTITY,colonne,"{""type"": ""string"", ""maxLength"": 20}"
F0185,STR_ADDRESS,country_code,$.definitions[].address.countryCode,#/components/schemas/StructuredAddress/properties/countryCode,#/components/schemas/CountryCode,5545,4583,False,entityAndBeneficialOwnershipDetails; StructuredAddress,typeCode de définition = 6; propriétaire STR_ENTITY,colonne,"{""type"": ""string"", ""enum"": [""CA"", ""US"", ""AD"", ""AE"", ""AF"", ""AG"", ""AI"", ""AL"", ""AM"", ""AN"", ""AO"", ""AQ"", ""AR"", ""AS"", ""AT"", ""AU"", ""AW"", ""AX"", ""AZ"", ""BA"", ""BB"", ""BD"", ""BE"", ""BF"", ""BG"", ""BH"", ""BI"", ""BJ"", ""BL"", ""BM"", ""BN"", ""BO"", ""BQ"", ""BR"", ""BS"", ""BT"", ""BV"", ""BW"", ""BY"", ""BZ"", ""CC"", ""CD"", ""CF"", ""CG"", ""CH"", ""CI"", ""CK"", ""CL"", ""CM"", ""CN"", ""CO"", ""CR"", ""CS"", ""CU"", ""CV"", ""CW"", ""CX"", ""CY"", ""CZ"", ""DE"", ""DJ"", ""DK"", ""DM"", ""DO"", ""DZ"", ""EC"", ""EE"", ""EG"", ""EH"", ""ER"", ""ES"", ""ET"", ""FI"", ""FJ"", ""FK"", ""FM"", ""FO"", ""FR"", ""FX"", ""GA"", ""GB"", ""GD"", ""GE"", ""GF"", ""GG"", ""GH"", ""GI"", ""GL"", ""GM"", ""GN"", ""GP"", ""GQ"", ""GR"", ""GS"", ""GT"", ""GU"", ""GW"", ""GY"", ""HK"", ""HM"", ""HN"", ""HR"", ""HT"", ""HU"", ""ID"", ""IE"", ""IL"", ""IM"", ""IN"", ""IO"", ""IQ"", ""IR"", ""IS"", ""IT"", ""JE"", ""JM"", ""JO"", ""JP"", ""KE"", ""KG"", ""KH"", ""KI"", ""KM"", ""KN"", ""KP"", ""KR"", ""KW"", ""KY"", ""KZ"", ""LA"", ""LB"", ""LC"", ""LI"", ""LK"", ""LR"", ""LS"", ""LT"", ""LU"", ""LV"", ""LY"", ""MA"", ""MC"", ""MD"", ""ME"", ""MF"", ""MG"", ""MH"", ""MK"", ""ML"", ""MM"", ""MN"", ""MO"", ""MP"", ""MQ"", ""MR"", ""MS"", ""MT"", ""MU"", ""MV"", ""MW"", ""MX"", ""MY"", ""MZ"", ""NA"", ""NC"", ""NE"", ""NF"", ""NG"", ""NI"", ""NL"", ""NO"", ""NP"", ""NR"", ""NU"", ""NZ"", ""OM"", ""PA"", ""PE"", ""PF"", ""PG"", ""PH"", ""PK"", ""PL"", ""PM"", ""PN"", ""PR"", ""PS"", ""PT"", ""PW"", ""PY"", ""QA"", ""RE"", ""RO"", ""RS"", ""RU"", ""RW"", ""SA"", ""SB"", ""SC"", ""SD"", ""SE"", ""SG"", ""SH"", ""SI"", ""SJ"", ""SK"", ""SL"", ""SM"", ""SN"", ""SO"", ""SR"", ""SS"", ""ST"", ""SV"", ""SX"", ""SY"", ""SZ"", ""TC"", ""TD"", ""TF"", ""TG"", ""TH"", ""TJ"", ""TK"", ""TL"", ""TM"", ""TN"", ""TO"", ""TR"", ""TT"", ""TV"", ""TW"", ""TZ"", ""UA"", ""UG"", ""UM"", ""UY"", ""UZ"", ""VA"", ""VC"", ""VE"", ""VG"", ""VI"", ""VN"", ""VU"", ""WF"", ""WS"", ""YE"", ""YT"", ""ZA"", ""ZM"", ""ZW"", ""ZZ""]}"
F0186,STR_ADDRESS,type_code,$.definitions[].address.typeCode,#/components/schemas/UnstructuredAddress/properties/typeCode,#/components/schemas/UnstructuredAddress/properties/typeCode,5553,5553,True,entityAndBeneficialOwnershipDetails; UnstructuredAddress,typeCode de définition = 6; propriétaire STR_ENTITY,colonne,"{""type"": ""integer"", ""enum"": [2]}"
F0187,STR_ADDRESS,country_code,$.definitions[].address.countryCode,#/components/schemas/UnstructuredAddress/properties/countryCode,#/components/schemas/CountryCode,5558,4583,False,entityAndBeneficialOwnershipDetails; UnstructuredAddress,typeCode de définition = 6; propriétaire STR_ENTITY,colonne,"{""type"": ""string"", ""enum"": [""CA"", ""US"", ""AD"", ""AE"", ""AF"", ""AG"", ""AI"", ""AL"", ""AM"", ""AN"", ""AO"", ""AQ"", ""AR"", ""AS"", ""AT"", ""AU"", ""AW"", ""AX"", ""AZ"", ""BA"", ""BB"", ""BD"", ""BE"", ""BF"", ""BG"", ""BH"", ""BI"", ""BJ"", ""BL"", ""BM"", ""BN"", ""BO"", ""BQ"", ""BR"", ""BS"", ""BT"", ""BV"", ""BW"", ""BY"", ""BZ"", ""CC"", ""CD"", ""CF"", ""CG"", ""CH"", ""CI"", ""CK"", ""CL"", ""CM"", ""CN"", ""CO"", ""CR"", ""CS"", ""CU"", ""CV"", ""CW"", ""CX"", ""CY"", ""CZ"", ""DE"", ""DJ"", ""DK"", ""DM"", ""DO"", ""DZ"", ""EC"", ""EE"", ""EG"", ""EH"", ""ER"", ""ES"", ""ET"", ""FI"", ""FJ"", ""FK"", ""FM"", ""FO"", ""FR"", ""FX"", ""GA"", ""GB"", ""GD"", ""GE"", ""GF"", ""GG"", ""GH"", ""GI"", ""GL"", ""GM"", ""GN"", ""GP"", ""GQ"", ""GR"", ""GS"", ""GT"", ""GU"", ""GW"", ""GY"", ""HK"", ""HM"", ""HN"", ""HR"", ""HT"", ""HU"", ""ID"", ""IE"", ""IL"", ""IM"", ""IN"", ""IO"", ""IQ"", ""IR"", ""IS"", ""IT"", ""JE"", ""JM"", ""JO"", ""JP"", ""KE"", ""KG"", ""KH"", ""KI"", ""KM"", ""KN"", ""KP"", ""KR"", ""KW"", ""KY"", ""KZ"", ""LA"", ""LB"", ""LC"", ""LI"", ""LK"", ""LR"", ""LS"", ""LT"", ""LU"", ""LV"", ""LY"", ""MA"", ""MC"", ""MD"", ""ME"", ""MF"", ""MG"", ""MH"", ""MK"", ""ML"", ""MM"", ""MN"", ""MO"", ""MP"", ""MQ"", ""MR"", ""MS"", ""MT"", ""MU"", ""MV"", ""MW"", ""MX"", ""MY"", ""MZ"", ""NA"", ""NC"", ""NE"", ""NF"", ""NG"", ""NI"", ""NL"", ""NO"", ""NP"", ""NR"", ""NU"", ""NZ"", ""OM"", ""PA"", ""PE"", ""PF"", ""PG"", ""PH"", ""PK"", ""PL"", ""PM"", ""PN"", ""PR"", ""PS"", ""PT"", ""PW"", ""PY"", ""QA"", ""RE"", ""RO"", ""RS"", ""RU"", ""RW"", ""SA"", ""SB"", ""SC"", ""SD"", ""SE"", ""SG"", ""SH"", ""SI"", ""SJ"", ""SK"", ""SL"", ""SM"", ""SN"", ""SO"", ""SR"", ""SS"", ""ST"", ""SV"", ""SX"", ""SY"", ""SZ"", ""TC"", ""TD"", ""TF"", ""TG"", ""TH"", ""TJ"", ""TK"", ""TL"", ""TM"", ""TN"", ""TO"", ""TR"", ""TT"", ""TV"", ""TW"", ""TZ"", ""UA"", ""UG"", ""UM"", ""UY"", ""UZ"", ""VA"", ""VC"", ""VE"", ""VG"", ""VI"", ""VN"", ""VU"", ""WF"", ""WS"", ""YE"", ""YT"", ""ZA"", ""ZM"", ""ZW"", ""ZZ""]}"
F0188,STR_ADDRESS,unstructured,$.definitions[].address.unstructured,#/components/schemas/UnstructuredAddress/properties/unstructured,#/components/schemas/string500,5560,6277,True,entityAndBeneficialOwnershipDetails; UnstructuredAddress,typeCode de définition = 6; propriétaire STR_ENTITY,colonne,"{""type"": ""string"", ""minLength"": 0, ""maxLength"": 500}"
F0189,STR_ENTITY,telephone_number,$.definitions[].telephoneNumber,#/components/schemas/entityAndBeneficialOwnershipDetails/properties/telephoneNumber,#/components/schemas/string20,5850,6257,False,entityAndBeneficialOwnershipDetails,typeCode de définition = 6,colonne,"{""type"": ""string"", ""minLength"": 0, ""maxLength"": 20}"
F0190,STR_ENTITY,extension_number,$.definitions[].extensionNumber,#/components/schemas/entityAndBeneficialOwnershipDetails/properties/extensionNumber,#/components/schemas/string10,5852,6253,False,entityAndBeneficialOwnershipDetails,typeCode de définition = 6,colonne,"{""type"": ""string"", ""minLength"": 0, ""maxLength"": 10}"
F0191,STR_IDENTIFICATION,identifier_type_code,$.definitions[].identifications[].identifierTypeCode,#/components/schemas/entityIdentificationWithJurisdiction/properties/identifierTypeCode,#/components/schemas/entityIdentificationWithJurisdiction/properties/identifierTypeCode,6413,6413,False,entityAndBeneficialOwnershipDetails,typeCode de définition = 6,colonne,"{""type"": ""integer"", ""enum"": [1, 2, 3, 4, 5, 6, 7]}"
F0192,STR_IDENTIFICATION,identifier_type_other,$.definitions[].identifications[].identifierTypeOther,#/components/schemas/entityIdentificationWithJurisdiction/properties/identifierTypeOther,#/components/schemas/string200,6431,6273,False,entityAndBeneficialOwnershipDetails,typeCode de définition = 6,colonne,"{""type"": ""string"", ""minLength"": 0, ""maxLength"": 200}"
F0193,STR_IDENTIFICATION,number,$.definitions[].identifications[].number,#/components/schemas/entityIdentificationWithJurisdiction/properties/number,#/components/schemas/string100,6433,6269,False,entityAndBeneficialOwnershipDetails,typeCode de définition = 6,colonne,"{""type"": ""string"", ""minLength"": 0, ""maxLength"": 100}"
F0194,STR_IDENTIFICATION,jurisdiction_country_code,$.definitions[].identifications[].jurisdictionOfIssueCountryCode,#/components/schemas/entityIdentificationWithJurisdiction/properties/jurisdictionOfIssueCountryCode,#/components/schemas/CountryCode,6435,4583,False,entityAndBeneficialOwnershipDetails,typeCode de définition = 6,colonne,"{""type"": ""string"", ""enum"": [""CA"", ""US"", ""AD"", ""AE"", ""AF"", ""AG"", ""AI"", ""AL"", ""AM"", ""AN"", ""AO"", ""AQ"", ""AR"", ""AS"", ""AT"", ""AU"", ""AW"", ""AX"", ""AZ"", ""BA"", ""BB"", ""BD"", ""BE"", ""BF"", ""BG"", ""BH"", ""BI"", ""BJ"", ""BL"", ""BM"", ""BN"", ""BO"", ""BQ"", ""BR"", ""BS"", ""BT"", ""BV"", ""BW"", ""BY"", ""BZ"", ""CC"", ""CD"", ""CF"", ""CG"", ""CH"", ""CI"", ""CK"", ""CL"", ""CM"", ""CN"", ""CO"", ""CR"", ""CS"", ""CU"", ""CV"", ""CW"", ""CX"", ""CY"", ""CZ"", ""DE"", ""DJ"", ""DK"", ""DM"", ""DO"", ""DZ"", ""EC"", ""EE"", ""EG"", ""EH"", ""ER"", ""ES"", ""ET"", ""FI"", ""FJ"", ""FK"", ""FM"", ""FO"", ""FR"", ""FX"", ""GA"", ""GB"", ""GD"", ""GE"", ""GF"", ""GG"", ""GH"", ""GI"", ""GL"", ""GM"", ""GN"", ""GP"", ""GQ"", ""GR"", ""GS"", ""GT"", ""GU"", ""GW"", ""GY"", ""HK"", ""HM"", ""HN"", ""HR"", ""HT"", ""HU"", ""ID"", ""IE"", ""IL"", ""IM"", ""IN"", ""IO"", ""IQ"", ""IR"", ""IS"", ""IT"", ""JE"", ""JM"", ""JO"", ""JP"", ""KE"", ""KG"", ""KH"", ""KI"", ""KM"", ""KN"", ""KP"", ""KR"", ""KW"", ""KY"", ""KZ"", ""LA"", ""LB"", ""LC"", ""LI"", ""LK"", ""LR"", ""LS"", ""LT"", ""LU"", ""LV"", ""LY"", ""MA"", ""MC"", ""MD"", ""ME"", ""MF"", ""MG"", ""MH"", ""MK"", ""ML"", ""MM"", ""MN"", ""MO"", ""MP"", ""MQ"", ""MR"", ""MS"", ""MT"", ""MU"", ""MV"", ""MW"", ""MX"", ""MY"", ""MZ"", ""NA"", ""NC"", ""NE"", ""NF"", ""NG"", ""NI"", ""NL"", ""NO"", ""NP"", ""NR"", ""NU"", ""NZ"", ""OM"", ""PA"", ""PE"", ""PF"", ""PG"", ""PH"", ""PK"", ""PL"", ""PM"", ""PN"", ""PR"", ""PS"", ""PT"", ""PW"", ""PY"", ""QA"", ""RE"", ""RO"", ""RS"", ""RU"", ""RW"", ""SA"", ""SB"", ""SC"", ""SD"", ""SE"", ""SG"", ""SH"", ""SI"", ""SJ"", ""SK"", ""SL"", ""SM"", ""SN"", ""SO"", ""SR"", ""SS"", ""ST"", ""SV"", ""SX"", ""SY"", ""SZ"", ""TC"", ""TD"", ""TF"", ""TG"", ""TH"", ""TJ"", ""TK"", ""TL"", ""TM"", ""TN"", ""TO"", ""TR"", ""TT"", ""TV"", ""TW"", ""TZ"", ""UA"", ""UG"", ""UM"", ""UY"", ""UZ"", ""VA"", ""VC"", ""VE"", ""VG"", ""VI"", ""VN"", ""VU"", ""WF"", ""WS"", ""YE"", ""YT"", ""ZA"", ""ZM"", ""ZW"", ""ZZ""]}"
F0195,STR_IDENTIFICATION,jurisdiction_province_state_code,$.definitions[].identifications[].jurisdictionOfIssueProvinceStateCode,#/components/schemas/entityIdentificationWithJurisdiction/properties/jurisdictionOfIssueProvinceStateCode,#/components/schemas/ProvinceStateCode/oneOf/0,6437,2776,False,entityAndBeneficialOwnershipDetails; ProvinceStateCode/oneOf/0,typeCode de définition = 6,colonne,"{""type"": ""string"", ""enum"": [""AB"", ""BC"", ""MB"", ""NB"", ""NL"", ""NT"", ""NS"", ""NU"", ""ON"", ""PE"", ""QC"", ""SK"", ""YT""]}"
F0196,STR_IDENTIFICATION,jurisdiction_province_state_code,$.definitions[].identifications[].jurisdictionOfIssueProvinceStateCode,#/components/schemas/entityIdentificationWithJurisdiction/properties/jurisdictionOfIssueProvinceStateCode,#/components/schemas/ProvinceStateCode/oneOf/1,6437,2805,False,entityAndBeneficialOwnershipDetails; ProvinceStateCode/oneOf/1,typeCode de définition = 6,colonne,"{""type"": ""string"", ""enum"": [""AL"", ""AK"", ""AZ"", ""AR"", ""CA"", ""CO"", ""CT"", ""DE"", ""DC"", ""FL"", ""GA"", ""HI"", ""ID"", ""IL"", ""IN"", ""IA"", ""KS"", ""KY"", ""LA"", ""ME"", ""MD"", ""MA"", ""MI"", ""MN"", ""MS"", ""MO"", ""MT"", ""NE"", ""NV"", ""NH"", ""NJ"", ""NM"", ""NY"", ""NC"", ""ND"", ""OH"", ""OK"", ""OR"", ""PA"", ""RI"", ""SC"", ""SD"", ""TN"", ""TX"", ""UT"", ""VT"", ""VA"", ""WA"", ""WV"", ""WI"", ""WY""]}"
F0197,STR_IDENTIFICATION,jurisdiction_province_state_code,$.definitions[].identifications[].jurisdictionOfIssueProvinceStateCode,#/components/schemas/entityIdentificationWithJurisdiction/properties/jurisdictionOfIssueProvinceStateCode,#/components/schemas/ProvinceStateCode/oneOf/2,6437,2910,False,entityAndBeneficialOwnershipDetails; ProvinceStateCode/oneOf/2,typeCode de définition = 6,colonne,"{""type"": ""string"", ""enum"": [""AG"", ""BA"", ""BJ"", ""CE"", ""CI"", ""CH"", ""CU"", ""CL"", ""DF"", ""DO"", ""GU"", ""GR"", ""HL"", ""JL"", ""MX"", ""MC"", ""MR"", ""NA"", ""NL"", ""OA"", ""PB"", ""QU"", ""QR"", ""SL"", ""SI"", ""SO"", ""TB"", ""TA"", ""TL"", ""VC"", ""YU"", ""ZA""]}"
F0198,STR_IDENTIFICATION,jurisdiction_province_state_code,$.definitions[].identifications[].jurisdictionOfIssueProvinceStateCode,#/components/schemas/entityIdentificationWithJurisdiction/properties/jurisdictionOfIssueProvinceStateCode,#/components/schemas/ProvinceStateCode/oneOf/3,6437,2977,False,entityAndBeneficialOwnershipDetails; ProvinceStateCode/oneOf/3,typeCode de définition = 6,colonne,"{""type"": ""string"", ""minLength"": 2, ""maxLength"": 2}"
F0199,STR_IDENTIFICATION,jurisdiction_province_state_name,$.definitions[].identifications[].jurisdictionOfIssueProvinceStateName,#/components/schemas/entityIdentificationWithJurisdiction/properties/jurisdictionOfIssueProvinceStateName,#/components/schemas/string100,6439,6269,False,entityAndBeneficialOwnershipDetails,typeCode de définition = 6,colonne,"{""type"": ""string"", ""minLength"": 0, ""maxLength"": 100}"
F0200,STR_AUTHORIZED_PERSON,surname,$.definitions[].authorizedPersons[].surname,#/components/schemas/authorizedPerson/properties/surname,#/components/schemas/string100,5965,6269,False,entityAndBeneficialOwnershipDetails,typeCode de définition = 6,colonne,"{""type"": ""string"", ""minLength"": 0, ""maxLength"": 100}"
F0201,STR_AUTHORIZED_PERSON,given_name,$.definitions[].authorizedPersons[].givenName,#/components/schemas/authorizedPerson/properties/givenName,#/components/schemas/string100,5967,6269,False,entityAndBeneficialOwnershipDetails,typeCode de définition = 6,colonne,"{""type"": ""string"", ""minLength"": 0, ""maxLength"": 100}"
F0202,STR_AUTHORIZED_PERSON,other_name_initial,$.definitions[].authorizedPersons[].otherNameInitial,#/components/schemas/authorizedPerson/properties/otherNameInitial,#/components/schemas/string100,5969,6269,False,entityAndBeneficialOwnershipDetails,typeCode de définition = 6,colonne,"{""type"": ""string"", ""minLength"": 0, ""maxLength"": 100}"
F0203,STR_ENTITY,structure_type_code,$.definitions[].structureTypeCode,#/components/schemas/entityAndBeneficialOwnershipDetails/properties/structureTypeCode,#/components/schemas/entityAndBeneficialOwnershipDetails/properties/structureTypeCode,5862,5862,False,entityAndBeneficialOwnershipDetails,typeCode de définition = 6,colonne,"{""type"": ""integer"", ""enum"": [1, 2, 3, 4]}"
F0204,STR_ENTITY,structure_type_other,$.definitions[].structureTypeOther,#/components/schemas/entityAndBeneficialOwnershipDetails/properties/structureTypeOther,#/components/schemas/string200,5874,6273,False,entityAndBeneficialOwnershipDetails,typeCode de définition = 6,colonne,"{""type"": ""string"", ""minLength"": 0, ""maxLength"": 200}"
F0205,STR_ENTITY,nature_of_principal_business,$.definitions[].natureOfPrincipalBusiness,#/components/schemas/entityAndBeneficialOwnershipDetails/properties/natureOfPrincipalBusiness,#/components/schemas/string200,5876,6273,False,entityAndBeneficialOwnershipDetails,typeCode de définition = 6,colonne,"{""type"": ""string"", ""minLength"": 0, ""maxLength"": 200}"
F0206,STR_ENTITY,registration_incorporation_indicator,$.definitions[].registrationIncorporationIndicator,#/components/schemas/entityAndBeneficialOwnershipDetails/properties/registrationIncorporationIndicator,#/components/schemas/entityAndBeneficialOwnershipDetails/properties/registrationIncorporationIndicator,5878,5878,False,entityAndBeneficialOwnershipDetails,typeCode de définition = 6,colonne,"{""type"": ""boolean""}"
F0207,STR_REGISTRATION_INCORPORATION,type_code,$.definitions[].registrationsIncorporations[].typeCode,#/components/schemas/registrationIncorporation/properties/typeCode,#/components/schemas/IncorporationRegistrationTypeCode,5975,6492,False,entityAndBeneficialOwnershipDetails,typeCode de définition = 6,colonne,"{""type"": ""integer"", ""enum"": [1, 2, 4, 5]}"
F0208,STR_REGISTRATION_INCORPORATION,number,$.definitions[].registrationsIncorporations[].number,#/components/schemas/registrationIncorporation/properties/number,#/components/schemas/string100,5977,6269,False,entityAndBeneficialOwnershipDetails,typeCode de définition = 6,colonne,"{""type"": ""string"", ""minLength"": 0, ""maxLength"": 100}"
F0209,STR_REGISTRATION_INCORPORATION,jurisdiction_country_code,$.definitions[].registrationsIncorporations[].jurisdictionOfIssueCountryCode,#/components/schemas/registrationIncorporation/properties/jurisdictionOfIssueCountryCode,#/components/schemas/CountryCode,5979,4583,False,entityAndBeneficialOwnershipDetails,typeCode de définition = 6,colonne,"{""type"": ""string"", ""enum"": [""CA"", ""US"", ""AD"", ""AE"", ""AF"", ""AG"", ""AI"", ""AL"", ""AM"", ""AN"", ""AO"", ""AQ"", ""AR"", ""AS"", ""AT"", ""AU"", ""AW"", ""AX"", ""AZ"", ""BA"", ""BB"", ""BD"", ""BE"", ""BF"", ""BG"", ""BH"", ""BI"", ""BJ"", ""BL"", ""BM"", ""BN"", ""BO"", ""BQ"", ""BR"", ""BS"", ""BT"", ""BV"", ""BW"", ""BY"", ""BZ"", ""CC"", ""CD"", ""CF"", ""CG"", ""CH"", ""CI"", ""CK"", ""CL"", ""CM"", ""CN"", ""CO"", ""CR"", ""CS"", ""CU"", ""CV"", ""CW"", ""CX"", ""CY"", ""CZ"", ""DE"", ""DJ"", ""DK"", ""DM"", ""DO"", ""DZ"", ""EC"", ""EE"", ""EG"", ""EH"", ""ER"", ""ES"", ""ET"", ""FI"", ""FJ"", ""FK"", ""FM"", ""FO"", ""FR"", ""FX"", ""GA"", ""GB"", ""GD"", ""GE"", ""GF"", ""GG"", ""GH"", ""GI"", ""GL"", ""GM"", ""GN"", ""GP"", ""GQ"", ""GR"", ""GS"", ""GT"", ""GU"", ""GW"", ""GY"", ""HK"", ""HM"", ""HN"", ""HR"", ""HT"", ""HU"", ""ID"", ""IE"", ""IL"", ""IM"", ""IN"", ""IO"", ""IQ"", ""IR"", ""IS"", ""IT"", ""JE"", ""JM"", ""JO"", ""JP"", ""KE"", ""KG"", ""KH"", ""KI"", ""KM"", ""KN"", ""KP"", ""KR"", ""KW"", ""KY"", ""KZ"", ""LA"", ""LB"", ""LC"", ""LI"", ""LK"", ""LR"", ""LS"", ""LT"", ""LU"", ""LV"", ""LY"", ""MA"", ""MC"", ""MD"", ""ME"", ""MF"", ""MG"", ""MH"", ""MK"", ""ML"", ""MM"", ""MN"", ""MO"", ""MP"", ""MQ"", ""MR"", ""MS"", ""MT"", ""MU"", ""MV"", ""MW"", ""MX"", ""MY"", ""MZ"", ""NA"", ""NC"", ""NE"", ""NF"", ""NG"", ""NI"", ""NL"", ""NO"", ""NP"", ""NR"", ""NU"", ""NZ"", ""OM"", ""PA"", ""PE"", ""PF"", ""PG"", ""PH"", ""PK"", ""PL"", ""PM"", ""PN"", ""PR"", ""PS"", ""PT"", ""PW"", ""PY"", ""QA"", ""RE"", ""RO"", ""RS"", ""RU"", ""RW"", ""SA"", ""SB"", ""SC"", ""SD"", ""SE"", ""SG"", ""SH"", ""SI"", ""SJ"", ""SK"", ""SL"", ""SM"", ""SN"", ""SO"", ""SR"", ""SS"", ""ST"", ""SV"", ""SX"", ""SY"", ""SZ"", ""TC"", ""TD"", ""TF"", ""TG"", ""TH"", ""TJ"", ""TK"", ""TL"", ""TM"", ""TN"", ""TO"", ""TR"", ""TT"", ""TV"", ""TW"", ""TZ"", ""UA"", ""UG"", ""UM"", ""UY"", ""UZ"", ""VA"", ""VC"", ""VE"", ""VG"", ""VI"", ""VN"", ""VU"", ""WF"", ""WS"", ""YE"", ""YT"", ""ZA"", ""ZM"", ""ZW"", ""ZZ""]}"
F0210,STR_REGISTRATION_INCORPORATION,jurisdiction_province_state_code,$.definitions[].registrationsIncorporations[].jurisdictionOfIssueProvinceStateCode,#/components/schemas/registrationIncorporation/properties/jurisdictionOfIssueProvinceStateCode,#/components/schemas/ProvinceStateCode/oneOf/0,5981,2776,False,entityAndBeneficialOwnershipDetails; ProvinceStateCode/oneOf/0,typeCode de définition = 6,colonne,"{""type"": ""string"", ""enum"": [""AB"", ""BC"", ""MB"", ""NB"", ""NL"", ""NT"", ""NS"", ""NU"", ""ON"", ""PE"", ""QC"", ""SK"", ""YT""]}"
F0211,STR_REGISTRATION_INCORPORATION,jurisdiction_province_state_code,$.definitions[].registrationsIncorporations[].jurisdictionOfIssueProvinceStateCode,#/components/schemas/registrationIncorporation/properties/jurisdictionOfIssueProvinceStateCode,#/components/schemas/ProvinceStateCode/oneOf/1,5981,2805,False,entityAndBeneficialOwnershipDetails; ProvinceStateCode/oneOf/1,typeCode de définition = 6,colonne,"{""type"": ""string"", ""enum"": [""AL"", ""AK"", ""AZ"", ""AR"", ""CA"", ""CO"", ""CT"", ""DE"", ""DC"", ""FL"", ""GA"", ""HI"", ""ID"", ""IL"", ""IN"", ""IA"", ""KS"", ""KY"", ""LA"", ""ME"", ""MD"", ""MA"", ""MI"", ""MN"", ""MS"", ""MO"", ""MT"", ""NE"", ""NV"", ""NH"", ""NJ"", ""NM"", ""NY"", ""NC"", ""ND"", ""OH"", ""OK"", ""OR"", ""PA"", ""RI"", ""SC"", ""SD"", ""TN"", ""TX"", ""UT"", ""VT"", ""VA"", ""WA"", ""WV"", ""WI"", ""WY""]}"
F0212,STR_REGISTRATION_INCORPORATION,jurisdiction_province_state_code,$.definitions[].registrationsIncorporations[].jurisdictionOfIssueProvinceStateCode,#/components/schemas/registrationIncorporation/properties/jurisdictionOfIssueProvinceStateCode,#/components/schemas/ProvinceStateCode/oneOf/2,5981,2910,False,entityAndBeneficialOwnershipDetails; ProvinceStateCode/oneOf/2,typeCode de définition = 6,colonne,"{""type"": ""string"", ""enum"": [""AG"", ""BA"", ""BJ"", ""CE"", ""CI"", ""CH"", ""CU"", ""CL"", ""DF"", ""DO"", ""GU"", ""GR"", ""HL"", ""JL"", ""MX"", ""MC"", ""MR"", ""NA"", ""NL"", ""OA"", ""PB"", ""QU"", ""QR"", ""SL"", ""SI"", ""SO"", ""TB"", ""TA"", ""TL"", ""VC"", ""YU"", ""ZA""]}"
F0213,STR_REGISTRATION_INCORPORATION,jurisdiction_province_state_code,$.definitions[].registrationsIncorporations[].jurisdictionOfIssueProvinceStateCode,#/components/schemas/registrationIncorporation/properties/jurisdictionOfIssueProvinceStateCode,#/components/schemas/ProvinceStateCode/oneOf/3,5981,2977,False,entityAndBeneficialOwnershipDetails; ProvinceStateCode/oneOf/3,typeCode de définition = 6,colonne,"{""type"": ""string"", ""minLength"": 2, ""maxLength"": 2}"
F0214,STR_REGISTRATION_INCORPORATION,jurisdiction_province_state_name,$.definitions[].registrationsIncorporations[].jurisdictionOfIssueProvinceStateName,#/components/schemas/registrationIncorporation/properties/jurisdictionOfIssueProvinceStateName,#/components/schemas/string100,5983,6269,False,entityAndBeneficialOwnershipDetails,typeCode de définition = 6,colonne,"{""type"": ""string"", ""minLength"": 0, ""maxLength"": 100}"
F0215,STR_DIRECTOR,surname,$.definitions[].directorsOfCorporation[].surname,#/components/schemas/personContact/properties/surname,#/components/schemas/string100,5945,6269,False,entityAndBeneficialOwnershipDetails,typeCode de définition = 6,colonne,"{""type"": ""string"", ""minLength"": 0, ""maxLength"": 100}"
F0216,STR_DIRECTOR,given_name,$.definitions[].directorsOfCorporation[].givenName,#/components/schemas/personContact/properties/givenName,#/components/schemas/string100,5947,6269,False,entityAndBeneficialOwnershipDetails,typeCode de définition = 6,colonne,"{""type"": ""string"", ""minLength"": 0, ""maxLength"": 100}"
F0217,STR_DIRECTOR,other_name_initial,$.definitions[].directorsOfCorporation[].otherNameInitial,#/components/schemas/personContact/properties/otherNameInitial,#/components/schemas/string100,5949,6269,False,entityAndBeneficialOwnershipDetails,typeCode de définition = 6,colonne,"{""type"": ""string"", ""minLength"": 0, ""maxLength"": 100}"
F0218,STR_DIRECTOR,address_type_code,$.definitions[].directorsOfCorporation[].addressTypeCode,#/components/schemas/personContact/properties/addressTypeCode,#/components/schemas/addressTypeCode,5951,6504,False,entityAndBeneficialOwnershipDetails,typeCode de définition = 6,colonne,"{""type"": ""integer"", ""enum"": [1, 2]}"
F0219,STR_ADDRESS,type_code,$.definitions[].directorsOfCorporation[].address.typeCode,#/components/schemas/StructuredAddress/properties/typeCode,#/components/schemas/StructuredAddress/properties/typeCode,5520,5520,True,entityAndBeneficialOwnershipDetails; StructuredAddress,typeCode de définition = 6; propriétaire STR_DIRECTOR,colonne,"{""type"": ""integer"", ""enum"": [1]}"
F0220,STR_ADDRESS,unit_number,$.definitions[].directorsOfCorporation[].address.unitNumber,#/components/schemas/StructuredAddress/properties/unitNumber,#/components/schemas/string10,5525,6253,False,entityAndBeneficialOwnershipDetails; StructuredAddress,typeCode de définition = 6; propriétaire STR_DIRECTOR,colonne,"{""type"": ""string"", ""minLength"": 0, ""maxLength"": 10}"
F0221,STR_ADDRESS,building_number,$.definitions[].directorsOfCorporation[].address.buildingNumber,#/components/schemas/StructuredAddress/properties/buildingNumber,#/components/schemas/string10,5527,6253,False,entityAndBeneficialOwnershipDetails; StructuredAddress,typeCode de définition = 6; propriétaire STR_DIRECTOR,colonne,"{""type"": ""string"", ""minLength"": 0, ""maxLength"": 10}"
F0222,STR_ADDRESS,street_address,$.definitions[].directorsOfCorporation[].address.streetAddress,#/components/schemas/StructuredAddress/properties/streetAddress,#/components/schemas/string100,5529,6269,False,entityAndBeneficialOwnershipDetails; StructuredAddress,typeCode de définition = 6; propriétaire STR_DIRECTOR,colonne,"{""type"": ""string"", ""minLength"": 0, ""maxLength"": 100}"
F0223,STR_ADDRESS,city,$.definitions[].directorsOfCorporation[].address.city,#/components/schemas/StructuredAddress/properties/city,#/components/schemas/string100,5531,6269,False,entityAndBeneficialOwnershipDetails; StructuredAddress,typeCode de définition = 6; propriétaire STR_DIRECTOR,colonne,"{""type"": ""string"", ""minLength"": 0, ""maxLength"": 100}"
F0224,STR_ADDRESS,district,$.definitions[].directorsOfCorporation[].address.district,#/components/schemas/StructuredAddress/properties/district,#/components/schemas/string100,5533,6269,False,entityAndBeneficialOwnershipDetails; StructuredAddress,typeCode de définition = 6; propriétaire STR_DIRECTOR,colonne,"{""type"": ""string"", ""minLength"": 0, ""maxLength"": 100}"
F0225,STR_ADDRESS,province_state_code,$.definitions[].directorsOfCorporation[].address.provinceStateCode,#/components/schemas/StructuredAddress/properties/provinceStateCode,#/components/schemas/ProvinceStateCode/oneOf/0,5535,2776,False,entityAndBeneficialOwnershipDetails; StructuredAddress; ProvinceStateCode/oneOf/0,typeCode de définition = 6; propriétaire STR_DIRECTOR,colonne,"{""type"": ""string"", ""enum"": [""AB"", ""BC"", ""MB"", ""NB"", ""NL"", ""NT"", ""NS"", ""NU"", ""ON"", ""PE"", ""QC"", ""SK"", ""YT""]}"
F0226,STR_ADDRESS,province_state_code,$.definitions[].directorsOfCorporation[].address.provinceStateCode,#/components/schemas/StructuredAddress/properties/provinceStateCode,#/components/schemas/ProvinceStateCode/oneOf/1,5535,2805,False,entityAndBeneficialOwnershipDetails; StructuredAddress; ProvinceStateCode/oneOf/1,typeCode de définition = 6; propriétaire STR_DIRECTOR,colonne,"{""type"": ""string"", ""enum"": [""AL"", ""AK"", ""AZ"", ""AR"", ""CA"", ""CO"", ""CT"", ""DE"", ""DC"", ""FL"", ""GA"", ""HI"", ""ID"", ""IL"", ""IN"", ""IA"", ""KS"", ""KY"", ""LA"", ""ME"", ""MD"", ""MA"", ""MI"", ""MN"", ""MS"", ""MO"", ""MT"", ""NE"", ""NV"", ""NH"", ""NJ"", ""NM"", ""NY"", ""NC"", ""ND"", ""OH"", ""OK"", ""OR"", ""PA"", ""RI"", ""SC"", ""SD"", ""TN"", ""TX"", ""UT"", ""VT"", ""VA"", ""WA"", ""WV"", ""WI"", ""WY""]}"
F0227,STR_ADDRESS,province_state_code,$.definitions[].directorsOfCorporation[].address.provinceStateCode,#/components/schemas/StructuredAddress/properties/provinceStateCode,#/components/schemas/ProvinceStateCode/oneOf/2,5535,2910,False,entityAndBeneficialOwnershipDetails; StructuredAddress; ProvinceStateCode/oneOf/2,typeCode de définition = 6; propriétaire STR_DIRECTOR,colonne,"{""type"": ""string"", ""enum"": [""AG"", ""BA"", ""BJ"", ""CE"", ""CI"", ""CH"", ""CU"", ""CL"", ""DF"", ""DO"", ""GU"", ""GR"", ""HL"", ""JL"", ""MX"", ""MC"", ""MR"", ""NA"", ""NL"", ""OA"", ""PB"", ""QU"", ""QR"", ""SL"", ""SI"", ""SO"", ""TB"", ""TA"", ""TL"", ""VC"", ""YU"", ""ZA""]}"
F0228,STR_ADDRESS,province_state_code,$.definitions[].directorsOfCorporation[].address.provinceStateCode,#/components/schemas/StructuredAddress/properties/provinceStateCode,#/components/schemas/ProvinceStateCode/oneOf/3,5535,2977,False,entityAndBeneficialOwnershipDetails; StructuredAddress; ProvinceStateCode/oneOf/3,typeCode de définition = 6; propriétaire STR_DIRECTOR,colonne,"{""type"": ""string"", ""minLength"": 2, ""maxLength"": 2}"
F0229,STR_ADDRESS,province_state_name,$.definitions[].directorsOfCorporation[].address.provinceStateName,#/components/schemas/StructuredAddress/properties/provinceStateName,#/components/schemas/string100,5537,6269,False,entityAndBeneficialOwnershipDetails; StructuredAddress,typeCode de définition = 6; propriétaire STR_DIRECTOR,colonne,"{""type"": ""string"", ""minLength"": 0, ""maxLength"": 100}"
F0230,STR_ADDRESS,sub_province_sub_locality,$.definitions[].directorsOfCorporation[].address.subProvinceSubLocality,#/components/schemas/StructuredAddress/properties/subProvinceSubLocality,#/components/schemas/StructuredAddress/properties/subProvinceSubLocality,5539,5539,False,entityAndBeneficialOwnershipDetails; StructuredAddress,typeCode de définition = 6; propriétaire STR_DIRECTOR,colonne,"{""type"": ""string"", ""maxLength"": 100}"
F0231,STR_ADDRESS,postal_zip_code,$.definitions[].directorsOfCorporation[].address.postalZipCode,#/components/schemas/StructuredAddress/properties/postalZipCode,#/components/schemas/StructuredAddress/properties/postalZipCode,5542,5542,False,entityAndBeneficialOwnershipDetails; StructuredAddress,typeCode de définition = 6; propriétaire STR_DIRECTOR,colonne,"{""type"": ""string"", ""maxLength"": 20}"
F0232,STR_ADDRESS,country_code,$.definitions[].directorsOfCorporation[].address.countryCode,#/components/schemas/StructuredAddress/properties/countryCode,#/components/schemas/CountryCode,5545,4583,False,entityAndBeneficialOwnershipDetails; StructuredAddress,typeCode de définition = 6; propriétaire STR_DIRECTOR,colonne,"{""type"": ""string"", ""enum"": [""CA"", ""US"", ""AD"", ""AE"", ""AF"", ""AG"", ""AI"", ""AL"", ""AM"", ""AN"", ""AO"", ""AQ"", ""AR"", ""AS"", ""AT"", ""AU"", ""AW"", ""AX"", ""AZ"", ""BA"", ""BB"", ""BD"", ""BE"", ""BF"", ""BG"", ""BH"", ""BI"", ""BJ"", ""BL"", ""BM"", ""BN"", ""BO"", ""BQ"", ""BR"", ""BS"", ""BT"", ""BV"", ""BW"", ""BY"", ""BZ"", ""CC"", ""CD"", ""CF"", ""CG"", ""CH"", ""CI"", ""CK"", ""CL"", ""CM"", ""CN"", ""CO"", ""CR"", ""CS"", ""CU"", ""CV"", ""CW"", ""CX"", ""CY"", ""CZ"", ""DE"", ""DJ"", ""DK"", ""DM"", ""DO"", ""DZ"", ""EC"", ""EE"", ""EG"", ""EH"", ""ER"", ""ES"", ""ET"", ""FI"", ""FJ"", ""FK"", ""FM"", ""FO"", ""FR"", ""FX"", ""GA"", ""GB"", ""GD"", ""GE"", ""GF"", ""GG"", ""GH"", ""GI"", ""GL"", ""GM"", ""GN"", ""GP"", ""GQ"", ""GR"", ""GS"", ""GT"", ""GU"", ""GW"", ""GY"", ""HK"", ""HM"", ""HN"", ""HR"", ""HT"", ""HU"", ""ID"", ""IE"", ""IL"", ""IM"", ""IN"", ""IO"", ""IQ"", ""IR"", ""IS"", ""IT"", ""JE"", ""JM"", ""JO"", ""JP"", ""KE"", ""KG"", ""KH"", ""KI"", ""KM"", ""KN"", ""KP"", ""KR"", ""KW"", ""KY"", ""KZ"", ""LA"", ""LB"", ""LC"", ""LI"", ""LK"", ""LR"", ""LS"", ""LT"", ""LU"", ""LV"", ""LY"", ""MA"", ""MC"", ""MD"", ""ME"", ""MF"", ""MG"", ""MH"", ""MK"", ""ML"", ""MM"", ""MN"", ""MO"", ""MP"", ""MQ"", ""MR"", ""MS"", ""MT"", ""MU"", ""MV"", ""MW"", ""MX"", ""MY"", ""MZ"", ""NA"", ""NC"", ""NE"", ""NF"", ""NG"", ""NI"", ""NL"", ""NO"", ""NP"", ""NR"", ""NU"", ""NZ"", ""OM"", ""PA"", ""PE"", ""PF"", ""PG"", ""PH"", ""PK"", ""PL"", ""PM"", ""PN"", ""PR"", ""PS"", ""PT"", ""PW"", ""PY"", ""QA"", ""RE"", ""RO"", ""RS"", ""RU"", ""RW"", ""SA"", ""SB"", ""SC"", ""SD"", ""SE"", ""SG"", ""SH"", ""SI"", ""SJ"", ""SK"", ""SL"", ""SM"", ""SN"", ""SO"", ""SR"", ""SS"", ""ST"", ""SV"", ""SX"", ""SY"", ""SZ"", ""TC"", ""TD"", ""TF"", ""TG"", ""TH"", ""TJ"", ""TK"", ""TL"", ""TM"", ""TN"", ""TO"", ""TR"", ""TT"", ""TV"", ""TW"", ""TZ"", ""UA"", ""UG"", ""UM"", ""UY"", ""UZ"", ""VA"", ""VC"", ""VE"", ""VG"", ""VI"", ""VN"", ""VU"", ""WF"", ""WS"", ""YE"", ""YT"", ""ZA"", ""ZM"", ""ZW"", ""ZZ""]}"
F0233,STR_ADDRESS,type_code,$.definitions[].directorsOfCorporation[].address.typeCode,#/components/schemas/UnstructuredAddress/properties/typeCode,#/components/schemas/UnstructuredAddress/properties/typeCode,5553,5553,True,entityAndBeneficialOwnershipDetails; UnstructuredAddress,typeCode de définition = 6; propriétaire STR_DIRECTOR,colonne,"{""type"": ""integer"", ""enum"": [2]}"
F0234,STR_ADDRESS,country_code,$.definitions[].directorsOfCorporation[].address.countryCode,#/components/schemas/UnstructuredAddress/properties/countryCode,#/components/schemas/CountryCode,5558,4583,False,entityAndBeneficialOwnershipDetails; UnstructuredAddress,typeCode de définition = 6; propriétaire STR_DIRECTOR,colonne,"{""type"": ""string"", ""enum"": [""CA"", ""US"", ""AD"", ""AE"", ""AF"", ""AG"", ""AI"", ""AL"", ""AM"", ""AN"", ""AO"", ""AQ"", ""AR"", ""AS"", ""AT"", ""AU"", ""AW"", ""AX"", ""AZ"", ""BA"", ""BB"", ""BD"", ""BE"", ""BF"", ""BG"", ""BH"", ""BI"", ""BJ"", ""BL"", ""BM"", ""BN"", ""BO"", ""BQ"", ""BR"", ""BS"", ""BT"", ""BV"", ""BW"", ""BY"", ""BZ"", ""CC"", ""CD"", ""CF"", ""CG"", ""CH"", ""CI"", ""CK"", ""CL"", ""CM"", ""CN"", ""CO"", ""CR"", ""CS"", ""CU"", ""CV"", ""CW"", ""CX"", ""CY"", ""CZ"", ""DE"", ""DJ"", ""DK"", ""DM"", ""DO"", ""DZ"", ""EC"", ""EE"", ""EG"", ""EH"", ""ER"", ""ES"", ""ET"", ""FI"", ""FJ"", ""FK"", ""FM"", ""FO"", ""FR"", ""FX"", ""GA"", ""GB"", ""GD"", ""GE"", ""GF"", ""GG"", ""GH"", ""GI"", ""GL"", ""GM"", ""GN"", ""GP"", ""GQ"", ""GR"", ""GS"", ""GT"", ""GU"", ""GW"", ""GY"", ""HK"", ""HM"", ""HN"", ""HR"", ""HT"", ""HU"", ""ID"", ""IE"", ""IL"", ""IM"", ""IN"", ""IO"", ""IQ"", ""IR"", ""IS"", ""IT"", ""JE"", ""JM"", ""JO"", ""JP"", ""KE"", ""KG"", ""KH"", ""KI"", ""KM"", ""KN"", ""KP"", ""KR"", ""KW"", ""KY"", ""KZ"", ""LA"", ""LB"", ""LC"", ""LI"", ""LK"", ""LR"", ""LS"", ""LT"", ""LU"", ""LV"", ""LY"", ""MA"", ""MC"", ""MD"", ""ME"", ""MF"", ""MG"", ""MH"", ""MK"", ""ML"", ""MM"", ""MN"", ""MO"", ""MP"", ""MQ"", ""MR"", ""MS"", ""MT"", ""MU"", ""MV"", ""MW"", ""MX"", ""MY"", ""MZ"", ""NA"", ""NC"", ""NE"", ""NF"", ""NG"", ""NI"", ""NL"", ""NO"", ""NP"", ""NR"", ""NU"", ""NZ"", ""OM"", ""PA"", ""PE"", ""PF"", ""PG"", ""PH"", ""PK"", ""PL"", ""PM"", ""PN"", ""PR"", ""PS"", ""PT"", ""PW"", ""PY"", ""QA"", ""RE"", ""RO"", ""RS"", ""RU"", ""RW"", ""SA"", ""SB"", ""SC"", ""SD"", ""SE"", ""SG"", ""SH"", ""SI"", ""SJ"", ""SK"", ""SL"", ""SM"", ""SN"", ""SO"", ""SR"", ""SS"", ""ST"", ""SV"", ""SX"", ""SY"", ""SZ"", ""TC"", ""TD"", ""TF"", ""TG"", ""TH"", ""TJ"", ""TK"", ""TL"", ""TM"", ""TN"", ""TO"", ""TR"", ""TT"", ""TV"", ""TW"", ""TZ"", ""UA"", ""UG"", ""UM"", ""UY"", ""UZ"", ""VA"", ""VC"", ""VE"", ""VG"", ""VI"", ""VN"", ""VU"", ""WF"", ""WS"", ""YE"", ""YT"", ""ZA"", ""ZM"", ""ZW"", ""ZZ""]}"
F0235,STR_ADDRESS,unstructured,$.definitions[].directorsOfCorporation[].address.unstructured,#/components/schemas/UnstructuredAddress/properties/unstructured,#/components/schemas/string500,5560,6277,True,entityAndBeneficialOwnershipDetails; UnstructuredAddress,typeCode de définition = 6; propriétaire STR_DIRECTOR,colonne,"{""type"": ""string"", ""minLength"": 0, ""maxLength"": 500}"
F0236,STR_DIRECTOR,telephone_number,$.definitions[].directorsOfCorporation[].telephoneNumber,#/components/schemas/personContact/properties/telephoneNumber,#/components/schemas/string20,5957,6257,False,entityAndBeneficialOwnershipDetails,typeCode de définition = 6,colonne,"{""type"": ""string"", ""minLength"": 0, ""maxLength"": 20}"
F0237,STR_DIRECTOR,extension_number,$.definitions[].directorsOfCorporation[].extensionNumber,#/components/schemas/personContact/properties/extensionNumber,#/components/schemas/string10,5959,6253,False,entityAndBeneficialOwnershipDetails,typeCode de définition = 6,colonne,"{""type"": ""string"", ""minLength"": 0, ""maxLength"": 10}"
F0238,STR_SHARE_OWNER,surname,$.definitions[].personsOwningSharesOfCorporation[].surname,#/components/schemas/entityAndBeneficialOwnershipDetails/properties/personsOwningSharesOfCorporation/items/properties/surname,#/components/schemas/string100,5894,6269,False,entityAndBeneficialOwnershipDetails,typeCode de définition = 6,colonne,"{""type"": ""string"", ""minLength"": 0, ""maxLength"": 100}"
F0239,STR_SHARE_OWNER,given_name,$.definitions[].personsOwningSharesOfCorporation[].givenName,#/components/schemas/entityAndBeneficialOwnershipDetails/properties/personsOwningSharesOfCorporation/items/properties/givenName,#/components/schemas/string100,5896,6269,False,entityAndBeneficialOwnershipDetails,typeCode de définition = 6,colonne,"{""type"": ""string"", ""minLength"": 0, ""maxLength"": 100}"
F0240,STR_SHARE_OWNER,other_name_initial,$.definitions[].personsOwningSharesOfCorporation[].otherNameInitial,#/components/schemas/entityAndBeneficialOwnershipDetails/properties/personsOwningSharesOfCorporation/items/properties/otherNameInitial,#/components/schemas/string100,5898,6269,False,entityAndBeneficialOwnershipDetails,typeCode de définition = 6,colonne,"{""type"": ""string"", ""minLength"": 0, ""maxLength"": 100}"
F0241,STR_TRUSTEE,surname,$.definitions[].trusteesOfTrust[].surname,#/components/schemas/personContact/properties/surname,#/components/schemas/string100,5945,6269,False,entityAndBeneficialOwnershipDetails,typeCode de définition = 6,colonne,"{""type"": ""string"", ""minLength"": 0, ""maxLength"": 100}"
F0242,STR_TRUSTEE,given_name,$.definitions[].trusteesOfTrust[].givenName,#/components/schemas/personContact/properties/givenName,#/components/schemas/string100,5947,6269,False,entityAndBeneficialOwnershipDetails,typeCode de définition = 6,colonne,"{""type"": ""string"", ""minLength"": 0, ""maxLength"": 100}"
F0243,STR_TRUSTEE,other_name_initial,$.definitions[].trusteesOfTrust[].otherNameInitial,#/components/schemas/personContact/properties/otherNameInitial,#/components/schemas/string100,5949,6269,False,entityAndBeneficialOwnershipDetails,typeCode de définition = 6,colonne,"{""type"": ""string"", ""minLength"": 0, ""maxLength"": 100}"
F0244,STR_TRUSTEE,address_type_code,$.definitions[].trusteesOfTrust[].addressTypeCode,#/components/schemas/personContact/properties/addressTypeCode,#/components/schemas/addressTypeCode,5951,6504,False,entityAndBeneficialOwnershipDetails,typeCode de définition = 6,colonne,"{""type"": ""integer"", ""enum"": [1, 2]}"
F0245,STR_ADDRESS,type_code,$.definitions[].trusteesOfTrust[].address.typeCode,#/components/schemas/StructuredAddress/properties/typeCode,#/components/schemas/StructuredAddress/properties/typeCode,5520,5520,True,entityAndBeneficialOwnershipDetails; StructuredAddress,typeCode de définition = 6; propriétaire STR_TRUSTEE,colonne,"{""type"": ""integer"", ""enum"": [1]}"
F0246,STR_ADDRESS,unit_number,$.definitions[].trusteesOfTrust[].address.unitNumber,#/components/schemas/StructuredAddress/properties/unitNumber,#/components/schemas/string10,5525,6253,False,entityAndBeneficialOwnershipDetails; StructuredAddress,typeCode de définition = 6; propriétaire STR_TRUSTEE,colonne,"{""type"": ""string"", ""minLength"": 0, ""maxLength"": 10}"
F0247,STR_ADDRESS,building_number,$.definitions[].trusteesOfTrust[].address.buildingNumber,#/components/schemas/StructuredAddress/properties/buildingNumber,#/components/schemas/string10,5527,6253,False,entityAndBeneficialOwnershipDetails; StructuredAddress,typeCode de définition = 6; propriétaire STR_TRUSTEE,colonne,"{""type"": ""string"", ""minLength"": 0, ""maxLength"": 10}"
F0248,STR_ADDRESS,street_address,$.definitions[].trusteesOfTrust[].address.streetAddress,#/components/schemas/StructuredAddress/properties/streetAddress,#/components/schemas/string100,5529,6269,False,entityAndBeneficialOwnershipDetails; StructuredAddress,typeCode de définition = 6; propriétaire STR_TRUSTEE,colonne,"{""type"": ""string"", ""minLength"": 0, ""maxLength"": 100}"
F0249,STR_ADDRESS,city,$.definitions[].trusteesOfTrust[].address.city,#/components/schemas/StructuredAddress/properties/city,#/components/schemas/string100,5531,6269,False,entityAndBeneficialOwnershipDetails; StructuredAddress,typeCode de définition = 6; propriétaire STR_TRUSTEE,colonne,"{""type"": ""string"", ""minLength"": 0, ""maxLength"": 100}"
F0250,STR_ADDRESS,district,$.definitions[].trusteesOfTrust[].address.district,#/components/schemas/StructuredAddress/properties/district,#/components/schemas/string100,5533,6269,False,entityAndBeneficialOwnershipDetails; StructuredAddress,typeCode de définition = 6; propriétaire STR_TRUSTEE,colonne,"{""type"": ""string"", ""minLength"": 0, ""maxLength"": 100}"
F0251,STR_ADDRESS,province_state_code,$.definitions[].trusteesOfTrust[].address.provinceStateCode,#/components/schemas/StructuredAddress/properties/provinceStateCode,#/components/schemas/ProvinceStateCode/oneOf/0,5535,2776,False,entityAndBeneficialOwnershipDetails; StructuredAddress; ProvinceStateCode/oneOf/0,typeCode de définition = 6; propriétaire STR_TRUSTEE,colonne,"{""type"": ""string"", ""enum"": [""AB"", ""BC"", ""MB"", ""NB"", ""NL"", ""NT"", ""NS"", ""NU"", ""ON"", ""PE"", ""QC"", ""SK"", ""YT""]}"
F0252,STR_ADDRESS,province_state_code,$.definitions[].trusteesOfTrust[].address.provinceStateCode,#/components/schemas/StructuredAddress/properties/provinceStateCode,#/components/schemas/ProvinceStateCode/oneOf/1,5535,2805,False,entityAndBeneficialOwnershipDetails; StructuredAddress; ProvinceStateCode/oneOf/1,typeCode de définition = 6; propriétaire STR_TRUSTEE,colonne,"{""type"": ""string"", ""enum"": [""AL"", ""AK"", ""AZ"", ""AR"", ""CA"", ""CO"", ""CT"", ""DE"", ""DC"", ""FL"", ""GA"", ""HI"", ""ID"", ""IL"", ""IN"", ""IA"", ""KS"", ""KY"", ""LA"", ""ME"", ""MD"", ""MA"", ""MI"", ""MN"", ""MS"", ""MO"", ""MT"", ""NE"", ""NV"", ""NH"", ""NJ"", ""NM"", ""NY"", ""NC"", ""ND"", ""OH"", ""OK"", ""OR"", ""PA"", ""RI"", ""SC"", ""SD"", ""TN"", ""TX"", ""UT"", ""VT"", ""VA"", ""WA"", ""WV"", ""WI"", ""WY""]}"
F0253,STR_ADDRESS,province_state_code,$.definitions[].trusteesOfTrust[].address.provinceStateCode,#/components/schemas/StructuredAddress/properties/provinceStateCode,#/components/schemas/ProvinceStateCode/oneOf/2,5535,2910,False,entityAndBeneficialOwnershipDetails; StructuredAddress; ProvinceStateCode/oneOf/2,typeCode de définition = 6; propriétaire STR_TRUSTEE,colonne,"{""type"": ""string"", ""enum"": [""AG"", ""BA"", ""BJ"", ""CE"", ""CI"", ""CH"", ""CU"", ""CL"", ""DF"", ""DO"", ""GU"", ""GR"", ""HL"", ""JL"", ""MX"", ""MC"", ""MR"", ""NA"", ""NL"", ""OA"", ""PB"", ""QU"", ""QR"", ""SL"", ""SI"", ""SO"", ""TB"", ""TA"", ""TL"", ""VC"", ""YU"", ""ZA""]}"
F0254,STR_ADDRESS,province_state_code,$.definitions[].trusteesOfTrust[].address.provinceStateCode,#/components/schemas/StructuredAddress/properties/provinceStateCode,#/components/schemas/ProvinceStateCode/oneOf/3,5535,2977,False,entityAndBeneficialOwnershipDetails; StructuredAddress; ProvinceStateCode/oneOf/3,typeCode de définition = 6; propriétaire STR_TRUSTEE,colonne,"{""type"": ""string"", ""minLength"": 2, ""maxLength"": 2}"
F0255,STR_ADDRESS,province_state_name,$.definitions[].trusteesOfTrust[].address.provinceStateName,#/components/schemas/StructuredAddress/properties/provinceStateName,#/components/schemas/string100,5537,6269,False,entityAndBeneficialOwnershipDetails; StructuredAddress,typeCode de définition = 6; propriétaire STR_TRUSTEE,colonne,"{""type"": ""string"", ""minLength"": 0, ""maxLength"": 100}"
F0256,STR_ADDRESS,sub_province_sub_locality,$.definitions[].trusteesOfTrust[].address.subProvinceSubLocality,#/components/schemas/StructuredAddress/properties/subProvinceSubLocality,#/components/schemas/StructuredAddress/properties/subProvinceSubLocality,5539,5539,False,entityAndBeneficialOwnershipDetails; StructuredAddress,typeCode de définition = 6; propriétaire STR_TRUSTEE,colonne,"{""type"": ""string"", ""maxLength"": 100}"
F0257,STR_ADDRESS,postal_zip_code,$.definitions[].trusteesOfTrust[].address.postalZipCode,#/components/schemas/StructuredAddress/properties/postalZipCode,#/components/schemas/StructuredAddress/properties/postalZipCode,5542,5542,False,entityAndBeneficialOwnershipDetails; StructuredAddress,typeCode de définition = 6; propriétaire STR_TRUSTEE,colonne,"{""type"": ""string"", ""maxLength"": 20}"
F0258,STR_ADDRESS,country_code,$.definitions[].trusteesOfTrust[].address.countryCode,#/components/schemas/StructuredAddress/properties/countryCode,#/components/schemas/CountryCode,5545,4583,False,entityAndBeneficialOwnershipDetails; StructuredAddress,typeCode de définition = 6; propriétaire STR_TRUSTEE,colonne,"{""type"": ""string"", ""enum"": [""CA"", ""US"", ""AD"", ""AE"", ""AF"", ""AG"", ""AI"", ""AL"", ""AM"", ""AN"", ""AO"", ""AQ"", ""AR"", ""AS"", ""AT"", ""AU"", ""AW"", ""AX"", ""AZ"", ""BA"", ""BB"", ""BD"", ""BE"", ""BF"", ""BG"", ""BH"", ""BI"", ""BJ"", ""BL"", ""BM"", ""BN"", ""BO"", ""BQ"", ""BR"", ""BS"", ""BT"", ""BV"", ""BW"", ""BY"", ""BZ"", ""CC"", ""CD"", ""CF"", ""CG"", ""CH"", ""CI"", ""CK"", ""CL"", ""CM"", ""CN"", ""CO"", ""CR"", ""CS"", ""CU"", ""CV"", ""CW"", ""CX"", ""CY"", ""CZ"", ""DE"", ""DJ"", ""DK"", ""DM"", ""DO"", ""DZ"", ""EC"", ""EE"", ""EG"", ""EH"", ""ER"", ""ES"", ""ET"", ""FI"", ""FJ"", ""FK"", ""FM"", ""FO"", ""FR"", ""FX"", ""GA"", ""GB"", ""GD"", ""GE"", ""GF"", ""GG"", ""GH"", ""GI"", ""GL"", ""GM"", ""GN"", ""GP"", ""GQ"", ""GR"", ""GS"", ""GT"", ""GU"", ""GW"", ""GY"", ""HK"", ""HM"", ""HN"", ""HR"", ""HT"", ""HU"", ""ID"", ""IE"", ""IL"", ""IM"", ""IN"", ""IO"", ""IQ"", ""IR"", ""IS"", ""IT"", ""JE"", ""JM"", ""JO"", ""JP"", ""KE"", ""KG"", ""KH"", ""KI"", ""KM"", ""KN"", ""KP"", ""KR"", ""KW"", ""KY"", ""KZ"", ""LA"", ""LB"", ""LC"", ""LI"", ""LK"", ""LR"", ""LS"", ""LT"", ""LU"", ""LV"", ""LY"", ""MA"", ""MC"", ""MD"", ""ME"", ""MF"", ""MG"", ""MH"", ""MK"", ""ML"", ""MM"", ""MN"", ""MO"", ""MP"", ""MQ"", ""MR"", ""MS"", ""MT"", ""MU"", ""MV"", ""MW"", ""MX"", ""MY"", ""MZ"", ""NA"", ""NC"", ""NE"", ""NF"", ""NG"", ""NI"", ""NL"", ""NO"", ""NP"", ""NR"", ""NU"", ""NZ"", ""OM"", ""PA"", ""PE"", ""PF"", ""PG"", ""PH"", ""PK"", ""PL"", ""PM"", ""PN"", ""PR"", ""PS"", ""PT"", ""PW"", ""PY"", ""QA"", ""RE"", ""RO"", ""RS"", ""RU"", ""RW"", ""SA"", ""SB"", ""SC"", ""SD"", ""SE"", ""SG"", ""SH"", ""SI"", ""SJ"", ""SK"", ""SL"", ""SM"", ""SN"", ""SO"", ""SR"", ""SS"", ""ST"", ""SV"", ""SX"", ""SY"", ""SZ"", ""TC"", ""TD"", ""TF"", ""TG"", ""TH"", ""TJ"", ""TK"", ""TL"", ""TM"", ""TN"", ""TO"", ""TR"", ""TT"", ""TV"", ""TW"", ""TZ"", ""UA"", ""UG"", ""UM"", ""UY"", ""UZ"", ""VA"", ""VC"", ""VE"", ""VG"", ""VI"", ""VN"", ""VU"", ""WF"", ""WS"", ""YE"", ""YT"", ""ZA"", ""ZM"", ""ZW"", ""ZZ""]}"
F0259,STR_ADDRESS,type_code,$.definitions[].trusteesOfTrust[].address.typeCode,#/components/schemas/UnstructuredAddress/properties/typeCode,#/components/schemas/UnstructuredAddress/properties/typeCode,5553,5553,True,entityAndBeneficialOwnershipDetails; UnstructuredAddress,typeCode de définition = 6; propriétaire STR_TRUSTEE,colonne,"{""type"": ""integer"", ""enum"": [2]}"
F0260,STR_ADDRESS,country_code,$.definitions[].trusteesOfTrust[].address.countryCode,#/components/schemas/UnstructuredAddress/properties/countryCode,#/components/schemas/CountryCode,5558,4583,False,entityAndBeneficialOwnershipDetails; UnstructuredAddress,typeCode de définition = 6; propriétaire STR_TRUSTEE,colonne,"{""type"": ""string"", ""enum"": [""CA"", ""US"", ""AD"", ""AE"", ""AF"", ""AG"", ""AI"", ""AL"", ""AM"", ""AN"", ""AO"", ""AQ"", ""AR"", ""AS"", ""AT"", ""AU"", ""AW"", ""AX"", ""AZ"", ""BA"", ""BB"", ""BD"", ""BE"", ""BF"", ""BG"", ""BH"", ""BI"", ""BJ"", ""BL"", ""BM"", ""BN"", ""BO"", ""BQ"", ""BR"", ""BS"", ""BT"", ""BV"", ""BW"", ""BY"", ""BZ"", ""CC"", ""CD"", ""CF"", ""CG"", ""CH"", ""CI"", ""CK"", ""CL"", ""CM"", ""CN"", ""CO"", ""CR"", ""CS"", ""CU"", ""CV"", ""CW"", ""CX"", ""CY"", ""CZ"", ""DE"", ""DJ"", ""DK"", ""DM"", ""DO"", ""DZ"", ""EC"", ""EE"", ""EG"", ""EH"", ""ER"", ""ES"", ""ET"", ""FI"", ""FJ"", ""FK"", ""FM"", ""FO"", ""FR"", ""FX"", ""GA"", ""GB"", ""GD"", ""GE"", ""GF"", ""GG"", ""GH"", ""GI"", ""GL"", ""GM"", ""GN"", ""GP"", ""GQ"", ""GR"", ""GS"", ""GT"", ""GU"", ""GW"", ""GY"", ""HK"", ""HM"", ""HN"", ""HR"", ""HT"", ""HU"", ""ID"", ""IE"", ""IL"", ""IM"", ""IN"", ""IO"", ""IQ"", ""IR"", ""IS"", ""IT"", ""JE"", ""JM"", ""JO"", ""JP"", ""KE"", ""KG"", ""KH"", ""KI"", ""KM"", ""KN"", ""KP"", ""KR"", ""KW"", ""KY"", ""KZ"", ""LA"", ""LB"", ""LC"", ""LI"", ""LK"", ""LR"", ""LS"", ""LT"", ""LU"", ""LV"", ""LY"", ""MA"", ""MC"", ""MD"", ""ME"", ""MF"", ""MG"", ""MH"", ""MK"", ""ML"", ""MM"", ""MN"", ""MO"", ""MP"", ""MQ"", ""MR"", ""MS"", ""MT"", ""MU"", ""MV"", ""MW"", ""MX"", ""MY"", ""MZ"", ""NA"", ""NC"", ""NE"", ""NF"", ""NG"", ""NI"", ""NL"", ""NO"", ""NP"", ""NR"", ""NU"", ""NZ"", ""OM"", ""PA"", ""PE"", ""PF"", ""PG"", ""PH"", ""PK"", ""PL"", ""PM"", ""PN"", ""PR"", ""PS"", ""PT"", ""PW"", ""PY"", ""QA"", ""RE"", ""RO"", ""RS"", ""RU"", ""RW"", ""SA"", ""SB"", ""SC"", ""SD"", ""SE"", ""SG"", ""SH"", ""SI"", ""SJ"", ""SK"", ""SL"", ""SM"", ""SN"", ""SO"", ""SR"", ""SS"", ""ST"", ""SV"", ""SX"", ""SY"", ""SZ"", ""TC"", ""TD"", ""TF"", ""TG"", ""TH"", ""TJ"", ""TK"", ""TL"", ""TM"", ""TN"", ""TO"", ""TR"", ""TT"", ""TV"", ""TW"", ""TZ"", ""UA"", ""UG"", ""UM"", ""UY"", ""UZ"", ""VA"", ""VC"", ""VE"", ""VG"", ""VI"", ""VN"", ""VU"", ""WF"", ""WS"", ""YE"", ""YT"", ""ZA"", ""ZM"", ""ZW"", ""ZZ""]}"
F0261,STR_ADDRESS,unstructured,$.definitions[].trusteesOfTrust[].address.unstructured,#/components/schemas/UnstructuredAddress/properties/unstructured,#/components/schemas/string500,5560,6277,True,entityAndBeneficialOwnershipDetails; UnstructuredAddress,typeCode de définition = 6; propriétaire STR_TRUSTEE,colonne,"{""type"": ""string"", ""minLength"": 0, ""maxLength"": 500}"
F0262,STR_TRUSTEE,telephone_number,$.definitions[].trusteesOfTrust[].telephoneNumber,#/components/schemas/personContact/properties/telephoneNumber,#/components/schemas/string20,5957,6257,False,entityAndBeneficialOwnershipDetails,typeCode de définition = 6,colonne,"{""type"": ""string"", ""minLength"": 0, ""maxLength"": 20}"
F0263,STR_TRUSTEE,extension_number,$.definitions[].trusteesOfTrust[].extensionNumber,#/components/schemas/personContact/properties/extensionNumber,#/components/schemas/string10,5959,6253,False,entityAndBeneficialOwnershipDetails,typeCode de définition = 6,colonne,"{""type"": ""string"", ""minLength"": 0, ""maxLength"": 10}"
F0264,STR_SETTLOR,surname,$.definitions[].settlorsOfTrust[].surname,#/components/schemas/personContact/properties/surname,#/components/schemas/string100,5945,6269,False,entityAndBeneficialOwnershipDetails,typeCode de définition = 6,colonne,"{""type"": ""string"", ""minLength"": 0, ""maxLength"": 100}"
F0265,STR_SETTLOR,given_name,$.definitions[].settlorsOfTrust[].givenName,#/components/schemas/personContact/properties/givenName,#/components/schemas/string100,5947,6269,False,entityAndBeneficialOwnershipDetails,typeCode de définition = 6,colonne,"{""type"": ""string"", ""minLength"": 0, ""maxLength"": 100}"
F0266,STR_SETTLOR,other_name_initial,$.definitions[].settlorsOfTrust[].otherNameInitial,#/components/schemas/personContact/properties/otherNameInitial,#/components/schemas/string100,5949,6269,False,entityAndBeneficialOwnershipDetails,typeCode de définition = 6,colonne,"{""type"": ""string"", ""minLength"": 0, ""maxLength"": 100}"
F0267,STR_SETTLOR,address_type_code,$.definitions[].settlorsOfTrust[].addressTypeCode,#/components/schemas/personContact/properties/addressTypeCode,#/components/schemas/addressTypeCode,5951,6504,False,entityAndBeneficialOwnershipDetails,typeCode de définition = 6,colonne,"{""type"": ""integer"", ""enum"": [1, 2]}"
F0268,STR_ADDRESS,type_code,$.definitions[].settlorsOfTrust[].address.typeCode,#/components/schemas/StructuredAddress/properties/typeCode,#/components/schemas/StructuredAddress/properties/typeCode,5520,5520,True,entityAndBeneficialOwnershipDetails; StructuredAddress,typeCode de définition = 6; propriétaire STR_SETTLOR,colonne,"{""type"": ""integer"", ""enum"": [1]}"
F0269,STR_ADDRESS,unit_number,$.definitions[].settlorsOfTrust[].address.unitNumber,#/components/schemas/StructuredAddress/properties/unitNumber,#/components/schemas/string10,5525,6253,False,entityAndBeneficialOwnershipDetails; StructuredAddress,typeCode de définition = 6; propriétaire STR_SETTLOR,colonne,"{""type"": ""string"", ""minLength"": 0, ""maxLength"": 10}"
F0270,STR_ADDRESS,building_number,$.definitions[].settlorsOfTrust[].address.buildingNumber,#/components/schemas/StructuredAddress/properties/buildingNumber,#/components/schemas/string10,5527,6253,False,entityAndBeneficialOwnershipDetails; StructuredAddress,typeCode de définition = 6; propriétaire STR_SETTLOR,colonne,"{""type"": ""string"", ""minLength"": 0, ""maxLength"": 10}"
F0271,STR_ADDRESS,street_address,$.definitions[].settlorsOfTrust[].address.streetAddress,#/components/schemas/StructuredAddress/properties/streetAddress,#/components/schemas/string100,5529,6269,False,entityAndBeneficialOwnershipDetails; StructuredAddress,typeCode de définition = 6; propriétaire STR_SETTLOR,colonne,"{""type"": ""string"", ""minLength"": 0, ""maxLength"": 100}"
F0272,STR_ADDRESS,city,$.definitions[].settlorsOfTrust[].address.city,#/components/schemas/StructuredAddress/properties/city,#/components/schemas/string100,5531,6269,False,entityAndBeneficialOwnershipDetails; StructuredAddress,typeCode de définition = 6; propriétaire STR_SETTLOR,colonne,"{""type"": ""string"", ""minLength"": 0, ""maxLength"": 100}"
F0273,STR_ADDRESS,district,$.definitions[].settlorsOfTrust[].address.district,#/components/schemas/StructuredAddress/properties/district,#/components/schemas/string100,5533,6269,False,entityAndBeneficialOwnershipDetails; StructuredAddress,typeCode de définition = 6; propriétaire STR_SETTLOR,colonne,"{""type"": ""string"", ""minLength"": 0, ""maxLength"": 100}"
F0274,STR_ADDRESS,province_state_code,$.definitions[].settlorsOfTrust[].address.provinceStateCode,#/components/schemas/StructuredAddress/properties/provinceStateCode,#/components/schemas/ProvinceStateCode/oneOf/0,5535,2776,False,entityAndBeneficialOwnershipDetails; StructuredAddress; ProvinceStateCode/oneOf/0,typeCode de définition = 6; propriétaire STR_SETTLOR,colonne,"{""type"": ""string"", ""enum"": [""AB"", ""BC"", ""MB"", ""NB"", ""NL"", ""NT"", ""NS"", ""NU"", ""ON"", ""PE"", ""QC"", ""SK"", ""YT""]}"
F0275,STR_ADDRESS,province_state_code,$.definitions[].settlorsOfTrust[].address.provinceStateCode,#/components/schemas/StructuredAddress/properties/provinceStateCode,#/components/schemas/ProvinceStateCode/oneOf/1,5535,2805,False,entityAndBeneficialOwnershipDetails; StructuredAddress; ProvinceStateCode/oneOf/1,typeCode de définition = 6; propriétaire STR_SETTLOR,colonne,"{""type"": ""string"", ""enum"": [""AL"", ""AK"", ""AZ"", ""AR"", ""CA"", ""CO"", ""CT"", ""DE"", ""DC"", ""FL"", ""GA"", ""HI"", ""ID"", ""IL"", ""IN"", ""IA"", ""KS"", ""KY"", ""LA"", ""ME"", ""MD"", ""MA"", ""MI"", ""MN"", ""MS"", ""MO"", ""MT"", ""NE"", ""NV"", ""NH"", ""NJ"", ""NM"", ""NY"", ""NC"", ""ND"", ""OH"", ""OK"", ""OR"", ""PA"", ""RI"", ""SC"", ""SD"", ""TN"", ""TX"", ""UT"", ""VT"", ""VA"", ""WA"", ""WV"", ""WI"", ""WY""]}"
F0276,STR_ADDRESS,province_state_code,$.definitions[].settlorsOfTrust[].address.provinceStateCode,#/components/schemas/StructuredAddress/properties/provinceStateCode,#/components/schemas/ProvinceStateCode/oneOf/2,5535,2910,False,entityAndBeneficialOwnershipDetails; StructuredAddress; ProvinceStateCode/oneOf/2,typeCode de définition = 6; propriétaire STR_SETTLOR,colonne,"{""type"": ""string"", ""enum"": [""AG"", ""BA"", ""BJ"", ""CE"", ""CI"", ""CH"", ""CU"", ""CL"", ""DF"", ""DO"", ""GU"", ""GR"", ""HL"", ""JL"", ""MX"", ""MC"", ""MR"", ""NA"", ""NL"", ""OA"", ""PB"", ""QU"", ""QR"", ""SL"", ""SI"", ""SO"", ""TB"", ""TA"", ""TL"", ""VC"", ""YU"", ""ZA""]}"
F0277,STR_ADDRESS,province_state_code,$.definitions[].settlorsOfTrust[].address.provinceStateCode,#/components/schemas/StructuredAddress/properties/provinceStateCode,#/components/schemas/ProvinceStateCode/oneOf/3,5535,2977,False,entityAndBeneficialOwnershipDetails; StructuredAddress; ProvinceStateCode/oneOf/3,typeCode de définition = 6; propriétaire STR_SETTLOR,colonne,"{""type"": ""string"", ""minLength"": 2, ""maxLength"": 2}"
F0278,STR_ADDRESS,province_state_name,$.definitions[].settlorsOfTrust[].address.provinceStateName,#/components/schemas/StructuredAddress/properties/provinceStateName,#/components/schemas/string100,5537,6269,False,entityAndBeneficialOwnershipDetails; StructuredAddress,typeCode de définition = 6; propriétaire STR_SETTLOR,colonne,"{""type"": ""string"", ""minLength"": 0, ""maxLength"": 100}"
F0279,STR_ADDRESS,sub_province_sub_locality,$.definitions[].settlorsOfTrust[].address.subProvinceSubLocality,#/components/schemas/StructuredAddress/properties/subProvinceSubLocality,#/components/schemas/StructuredAddress/properties/subProvinceSubLocality,5539,5539,False,entityAndBeneficialOwnershipDetails; StructuredAddress,typeCode de définition = 6; propriétaire STR_SETTLOR,colonne,"{""type"": ""string"", ""maxLength"": 100}"
F0280,STR_ADDRESS,postal_zip_code,$.definitions[].settlorsOfTrust[].address.postalZipCode,#/components/schemas/StructuredAddress/properties/postalZipCode,#/components/schemas/StructuredAddress/properties/postalZipCode,5542,5542,False,entityAndBeneficialOwnershipDetails; StructuredAddress,typeCode de définition = 6; propriétaire STR_SETTLOR,colonne,"{""type"": ""string"", ""maxLength"": 20}"
F0281,STR_ADDRESS,country_code,$.definitions[].settlorsOfTrust[].address.countryCode,#/components/schemas/StructuredAddress/properties/countryCode,#/components/schemas/CountryCode,5545,4583,False,entityAndBeneficialOwnershipDetails; StructuredAddress,typeCode de définition = 6; propriétaire STR_SETTLOR,colonne,"{""type"": ""string"", ""enum"": [""CA"", ""US"", ""AD"", ""AE"", ""AF"", ""AG"", ""AI"", ""AL"", ""AM"", ""AN"", ""AO"", ""AQ"", ""AR"", ""AS"", ""AT"", ""AU"", ""AW"", ""AX"", ""AZ"", ""BA"", ""BB"", ""BD"", ""BE"", ""BF"", ""BG"", ""BH"", ""BI"", ""BJ"", ""BL"", ""BM"", ""BN"", ""BO"", ""BQ"", ""BR"", ""BS"", ""BT"", ""BV"", ""BW"", ""BY"", ""BZ"", ""CC"", ""CD"", ""CF"", ""CG"", ""CH"", ""CI"", ""CK"", ""CL"", ""CM"", ""CN"", ""CO"", ""CR"", ""CS"", ""CU"", ""CV"", ""CW"", ""CX"", ""CY"", ""CZ"", ""DE"", ""DJ"", ""DK"", ""DM"", ""DO"", ""DZ"", ""EC"", ""EE"", ""EG"", ""EH"", ""ER"", ""ES"", ""ET"", ""FI"", ""FJ"", ""FK"", ""FM"", ""FO"", ""FR"", ""FX"", ""GA"", ""GB"", ""GD"", ""GE"", ""GF"", ""GG"", ""GH"", ""GI"", ""GL"", ""GM"", ""GN"", ""GP"", ""GQ"", ""GR"", ""GS"", ""GT"", ""GU"", ""GW"", ""GY"", ""HK"", ""HM"", ""HN"", ""HR"", ""HT"", ""HU"", ""ID"", ""IE"", ""IL"", ""IM"", ""IN"", ""IO"", ""IQ"", ""IR"", ""IS"", ""IT"", ""JE"", ""JM"", ""JO"", ""JP"", ""KE"", ""KG"", ""KH"", ""KI"", ""KM"", ""KN"", ""KP"", ""KR"", ""KW"", ""KY"", ""KZ"", ""LA"", ""LB"", ""LC"", ""LI"", ""LK"", ""LR"", ""LS"", ""LT"", ""LU"", ""LV"", ""LY"", ""MA"", ""MC"", ""MD"", ""ME"", ""MF"", ""MG"", ""MH"", ""MK"", ""ML"", ""MM"", ""MN"", ""MO"", ""MP"", ""MQ"", ""MR"", ""MS"", ""MT"", ""MU"", ""MV"", ""MW"", ""MX"", ""MY"", ""MZ"", ""NA"", ""NC"", ""NE"", ""NF"", ""NG"", ""NI"", ""NL"", ""NO"", ""NP"", ""NR"", ""NU"", ""NZ"", ""OM"", ""PA"", ""PE"", ""PF"", ""PG"", ""PH"", ""PK"", ""PL"", ""PM"", ""PN"", ""PR"", ""PS"", ""PT"", ""PW"", ""PY"", ""QA"", ""RE"", ""RO"", ""RS"", ""RU"", ""RW"", ""SA"", ""SB"", ""SC"", ""SD"", ""SE"", ""SG"", ""SH"", ""SI"", ""SJ"", ""SK"", ""SL"", ""SM"", ""SN"", ""SO"", ""SR"", ""SS"", ""ST"", ""SV"", ""SX"", ""SY"", ""SZ"", ""TC"", ""TD"", ""TF"", ""TG"", ""TH"", ""TJ"", ""TK"", ""TL"", ""TM"", ""TN"", ""TO"", ""TR"", ""TT"", ""TV"", ""TW"", ""TZ"", ""UA"", ""UG"", ""UM"", ""UY"", ""UZ"", ""VA"", ""VC"", ""VE"", ""VG"", ""VI"", ""VN"", ""VU"", ""WF"", ""WS"", ""YE"", ""YT"", ""ZA"", ""ZM"", ""ZW"", ""ZZ""]}"
F0282,STR_ADDRESS,type_code,$.definitions[].settlorsOfTrust[].address.typeCode,#/components/schemas/UnstructuredAddress/properties/typeCode,#/components/schemas/UnstructuredAddress/properties/typeCode,5553,5553,True,entityAndBeneficialOwnershipDetails; UnstructuredAddress,typeCode de définition = 6; propriétaire STR_SETTLOR,colonne,"{""type"": ""integer"", ""enum"": [2]}"
F0283,STR_ADDRESS,country_code,$.definitions[].settlorsOfTrust[].address.countryCode,#/components/schemas/UnstructuredAddress/properties/countryCode,#/components/schemas/CountryCode,5558,4583,False,entityAndBeneficialOwnershipDetails; UnstructuredAddress,typeCode de définition = 6; propriétaire STR_SETTLOR,colonne,"{""type"": ""string"", ""enum"": [""CA"", ""US"", ""AD"", ""AE"", ""AF"", ""AG"", ""AI"", ""AL"", ""AM"", ""AN"", ""AO"", ""AQ"", ""AR"", ""AS"", ""AT"", ""AU"", ""AW"", ""AX"", ""AZ"", ""BA"", ""BB"", ""BD"", ""BE"", ""BF"", ""BG"", ""BH"", ""BI"", ""BJ"", ""BL"", ""BM"", ""BN"", ""BO"", ""BQ"", ""BR"", ""BS"", ""BT"", ""BV"", ""BW"", ""BY"", ""BZ"", ""CC"", ""CD"", ""CF"", ""CG"", ""CH"", ""CI"", ""CK"", ""CL"", ""CM"", ""CN"", ""CO"", ""CR"", ""CS"", ""CU"", ""CV"", ""CW"", ""CX"", ""CY"", ""CZ"", ""DE"", ""DJ"", ""DK"", ""DM"", ""DO"", ""DZ"", ""EC"", ""EE"", ""EG"", ""EH"", ""ER"", ""ES"", ""ET"", ""FI"", ""FJ"", ""FK"", ""FM"", ""FO"", ""FR"", ""FX"", ""GA"", ""GB"", ""GD"", ""GE"", ""GF"", ""GG"", ""GH"", ""GI"", ""GL"", ""GM"", ""GN"", ""GP"", ""GQ"", ""GR"", ""GS"", ""GT"", ""GU"", ""GW"", ""GY"", ""HK"", ""HM"", ""HN"", ""HR"", ""HT"", ""HU"", ""ID"", ""IE"", ""IL"", ""IM"", ""IN"", ""IO"", ""IQ"", ""IR"", ""IS"", ""IT"", ""JE"", ""JM"", ""JO"", ""JP"", ""KE"", ""KG"", ""KH"", ""KI"", ""KM"", ""KN"", ""KP"", ""KR"", ""KW"", ""KY"", ""KZ"", ""LA"", ""LB"", ""LC"", ""LI"", ""LK"", ""LR"", ""LS"", ""LT"", ""LU"", ""LV"", ""LY"", ""MA"", ""MC"", ""MD"", ""ME"", ""MF"", ""MG"", ""MH"", ""MK"", ""ML"", ""MM"", ""MN"", ""MO"", ""MP"", ""MQ"", ""MR"", ""MS"", ""MT"", ""MU"", ""MV"", ""MW"", ""MX"", ""MY"", ""MZ"", ""NA"", ""NC"", ""NE"", ""NF"", ""NG"", ""NI"", ""NL"", ""NO"", ""NP"", ""NR"", ""NU"", ""NZ"", ""OM"", ""PA"", ""PE"", ""PF"", ""PG"", ""PH"", ""PK"", ""PL"", ""PM"", ""PN"", ""PR"", ""PS"", ""PT"", ""PW"", ""PY"", ""QA"", ""RE"", ""RO"", ""RS"", ""RU"", ""RW"", ""SA"", ""SB"", ""SC"", ""SD"", ""SE"", ""SG"", ""SH"", ""SI"", ""SJ"", ""SK"", ""SL"", ""SM"", ""SN"", ""SO"", ""SR"", ""SS"", ""ST"", ""SV"", ""SX"", ""SY"", ""SZ"", ""TC"", ""TD"", ""TF"", ""TG"", ""TH"", ""TJ"", ""TK"", ""TL"", ""TM"", ""TN"", ""TO"", ""TR"", ""TT"", ""TV"", ""TW"", ""TZ"", ""UA"", ""UG"", ""UM"", ""UY"", ""UZ"", ""VA"", ""VC"", ""VE"", ""VG"", ""VI"", ""VN"", ""VU"", ""WF"", ""WS"", ""YE"", ""YT"", ""ZA"", ""ZM"", ""ZW"", ""ZZ""]}"
F0284,STR_ADDRESS,unstructured,$.definitions[].settlorsOfTrust[].address.unstructured,#/components/schemas/UnstructuredAddress/properties/unstructured,#/components/schemas/string500,5560,6277,True,entityAndBeneficialOwnershipDetails; UnstructuredAddress,typeCode de définition = 6; propriétaire STR_SETTLOR,colonne,"{""type"": ""string"", ""minLength"": 0, ""maxLength"": 500}"
F0285,STR_SETTLOR,telephone_number,$.definitions[].settlorsOfTrust[].telephoneNumber,#/components/schemas/personContact/properties/telephoneNumber,#/components/schemas/string20,5957,6257,False,entityAndBeneficialOwnershipDetails,typeCode de définition = 6,colonne,"{""type"": ""string"", ""minLength"": 0, ""maxLength"": 20}"
F0286,STR_SETTLOR,extension_number,$.definitions[].settlorsOfTrust[].extensionNumber,#/components/schemas/personContact/properties/extensionNumber,#/components/schemas/string10,5959,6253,False,entityAndBeneficialOwnershipDetails,typeCode de définition = 6,colonne,"{""type"": ""string"", ""minLength"": 0, ""maxLength"": 10}"
F0287,STR_TRUST_UNIT_OWNER,surname,$.definitions[].personsOwningUnitsOfTrust[].surname,#/components/schemas/personContact/properties/surname,#/components/schemas/string100,5945,6269,False,entityAndBeneficialOwnershipDetails,typeCode de définition = 6,colonne,"{""type"": ""string"", ""minLength"": 0, ""maxLength"": 100}"
F0288,STR_TRUST_UNIT_OWNER,given_name,$.definitions[].personsOwningUnitsOfTrust[].givenName,#/components/schemas/personContact/properties/givenName,#/components/schemas/string100,5947,6269,False,entityAndBeneficialOwnershipDetails,typeCode de définition = 6,colonne,"{""type"": ""string"", ""minLength"": 0, ""maxLength"": 100}"
F0289,STR_TRUST_UNIT_OWNER,other_name_initial,$.definitions[].personsOwningUnitsOfTrust[].otherNameInitial,#/components/schemas/personContact/properties/otherNameInitial,#/components/schemas/string100,5949,6269,False,entityAndBeneficialOwnershipDetails,typeCode de définition = 6,colonne,"{""type"": ""string"", ""minLength"": 0, ""maxLength"": 100}"
F0290,STR_TRUST_UNIT_OWNER,address_type_code,$.definitions[].personsOwningUnitsOfTrust[].addressTypeCode,#/components/schemas/personContact/properties/addressTypeCode,#/components/schemas/addressTypeCode,5951,6504,False,entityAndBeneficialOwnershipDetails,typeCode de définition = 6,colonne,"{""type"": ""integer"", ""enum"": [1, 2]}"
F0291,STR_ADDRESS,type_code,$.definitions[].personsOwningUnitsOfTrust[].address.typeCode,#/components/schemas/StructuredAddress/properties/typeCode,#/components/schemas/StructuredAddress/properties/typeCode,5520,5520,True,entityAndBeneficialOwnershipDetails; StructuredAddress,typeCode de définition = 6; propriétaire STR_TRUST_UNIT_OWNER,colonne,"{""type"": ""integer"", ""enum"": [1]}"
F0292,STR_ADDRESS,unit_number,$.definitions[].personsOwningUnitsOfTrust[].address.unitNumber,#/components/schemas/StructuredAddress/properties/unitNumber,#/components/schemas/string10,5525,6253,False,entityAndBeneficialOwnershipDetails; StructuredAddress,typeCode de définition = 6; propriétaire STR_TRUST_UNIT_OWNER,colonne,"{""type"": ""string"", ""minLength"": 0, ""maxLength"": 10}"
F0293,STR_ADDRESS,building_number,$.definitions[].personsOwningUnitsOfTrust[].address.buildingNumber,#/components/schemas/StructuredAddress/properties/buildingNumber,#/components/schemas/string10,5527,6253,False,entityAndBeneficialOwnershipDetails; StructuredAddress,typeCode de définition = 6; propriétaire STR_TRUST_UNIT_OWNER,colonne,"{""type"": ""string"", ""minLength"": 0, ""maxLength"": 10}"
F0294,STR_ADDRESS,street_address,$.definitions[].personsOwningUnitsOfTrust[].address.streetAddress,#/components/schemas/StructuredAddress/properties/streetAddress,#/components/schemas/string100,5529,6269,False,entityAndBeneficialOwnershipDetails; StructuredAddress,typeCode de définition = 6; propriétaire STR_TRUST_UNIT_OWNER,colonne,"{""type"": ""string"", ""minLength"": 0, ""maxLength"": 100}"
F0295,STR_ADDRESS,city,$.definitions[].personsOwningUnitsOfTrust[].address.city,#/components/schemas/StructuredAddress/properties/city,#/components/schemas/string100,5531,6269,False,entityAndBeneficialOwnershipDetails; StructuredAddress,typeCode de définition = 6; propriétaire STR_TRUST_UNIT_OWNER,colonne,"{""type"": ""string"", ""minLength"": 0, ""maxLength"": 100}"
F0296,STR_ADDRESS,district,$.definitions[].personsOwningUnitsOfTrust[].address.district,#/components/schemas/StructuredAddress/properties/district,#/components/schemas/string100,5533,6269,False,entityAndBeneficialOwnershipDetails; StructuredAddress,typeCode de définition = 6; propriétaire STR_TRUST_UNIT_OWNER,colonne,"{""type"": ""string"", ""minLength"": 0, ""maxLength"": 100}"
F0297,STR_ADDRESS,province_state_code,$.definitions[].personsOwningUnitsOfTrust[].address.provinceStateCode,#/components/schemas/StructuredAddress/properties/provinceStateCode,#/components/schemas/ProvinceStateCode/oneOf/0,5535,2776,False,entityAndBeneficialOwnershipDetails; StructuredAddress; ProvinceStateCode/oneOf/0,typeCode de définition = 6; propriétaire STR_TRUST_UNIT_OWNER,colonne,"{""type"": ""string"", ""enum"": [""AB"", ""BC"", ""MB"", ""NB"", ""NL"", ""NT"", ""NS"", ""NU"", ""ON"", ""PE"", ""QC"", ""SK"", ""YT""]}"
F0298,STR_ADDRESS,province_state_code,$.definitions[].personsOwningUnitsOfTrust[].address.provinceStateCode,#/components/schemas/StructuredAddress/properties/provinceStateCode,#/components/schemas/ProvinceStateCode/oneOf/1,5535,2805,False,entityAndBeneficialOwnershipDetails; StructuredAddress; ProvinceStateCode/oneOf/1,typeCode de définition = 6; propriétaire STR_TRUST_UNIT_OWNER,colonne,"{""type"": ""string"", ""enum"": [""AL"", ""AK"", ""AZ"", ""AR"", ""CA"", ""CO"", ""CT"", ""DE"", ""DC"", ""FL"", ""GA"", ""HI"", ""ID"", ""IL"", ""IN"", ""IA"", ""KS"", ""KY"", ""LA"", ""ME"", ""MD"", ""MA"", ""MI"", ""MN"", ""MS"", ""MO"", ""MT"", ""NE"", ""NV"", ""NH"", ""NJ"", ""NM"", ""NY"", ""NC"", ""ND"", ""OH"", ""OK"", ""OR"", ""PA"", ""RI"", ""SC"", ""SD"", ""TN"", ""TX"", ""UT"", ""VT"", ""VA"", ""WA"", ""WV"", ""WI"", ""WY""]}"
F0299,STR_ADDRESS,province_state_code,$.definitions[].personsOwningUnitsOfTrust[].address.provinceStateCode,#/components/schemas/StructuredAddress/properties/provinceStateCode,#/components/schemas/ProvinceStateCode/oneOf/2,5535,2910,False,entityAndBeneficialOwnershipDetails; StructuredAddress; ProvinceStateCode/oneOf/2,typeCode de définition = 6; propriétaire STR_TRUST_UNIT_OWNER,colonne,"{""type"": ""string"", ""enum"": [""AG"", ""BA"", ""BJ"", ""CE"", ""CI"", ""CH"", ""CU"", ""CL"", ""DF"", ""DO"", ""GU"", ""GR"", ""HL"", ""JL"", ""MX"", ""MC"", ""MR"", ""NA"", ""NL"", ""OA"", ""PB"", ""QU"", ""QR"", ""SL"", ""SI"", ""SO"", ""TB"", ""TA"", ""TL"", ""VC"", ""YU"", ""ZA""]}"
F0300,STR_ADDRESS,province_state_code,$.definitions[].personsOwningUnitsOfTrust[].address.provinceStateCode,#/components/schemas/StructuredAddress/properties/provinceStateCode,#/components/schemas/ProvinceStateCode/oneOf/3,5535,2977,False,entityAndBeneficialOwnershipDetails; StructuredAddress; ProvinceStateCode/oneOf/3,typeCode de définition = 6; propriétaire STR_TRUST_UNIT_OWNER,colonne,"{""type"": ""string"", ""minLength"": 2, ""maxLength"": 2}"
F0301,STR_ADDRESS,province_state_name,$.definitions[].personsOwningUnitsOfTrust[].address.provinceStateName,#/components/schemas/StructuredAddress/properties/provinceStateName,#/components/schemas/string100,5537,6269,False,entityAndBeneficialOwnershipDetails; StructuredAddress,typeCode de définition = 6; propriétaire STR_TRUST_UNIT_OWNER,colonne,"{""type"": ""string"", ""minLength"": 0, ""maxLength"": 100}"
F0302,STR_ADDRESS,sub_province_sub_locality,$.definitions[].personsOwningUnitsOfTrust[].address.subProvinceSubLocality,#/components/schemas/StructuredAddress/properties/subProvinceSubLocality,#/components/schemas/StructuredAddress/properties/subProvinceSubLocality,5539,5539,False,entityAndBeneficialOwnershipDetails; StructuredAddress,typeCode de définition = 6; propriétaire STR_TRUST_UNIT_OWNER,colonne,"{""type"": ""string"", ""maxLength"": 100}"
F0303,STR_ADDRESS,postal_zip_code,$.definitions[].personsOwningUnitsOfTrust[].address.postalZipCode,#/components/schemas/StructuredAddress/properties/postalZipCode,#/components/schemas/StructuredAddress/properties/postalZipCode,5542,5542,False,entityAndBeneficialOwnershipDetails; StructuredAddress,typeCode de définition = 6; propriétaire STR_TRUST_UNIT_OWNER,colonne,"{""type"": ""string"", ""maxLength"": 20}"
F0304,STR_ADDRESS,country_code,$.definitions[].personsOwningUnitsOfTrust[].address.countryCode,#/components/schemas/StructuredAddress/properties/countryCode,#/components/schemas/CountryCode,5545,4583,False,entityAndBeneficialOwnershipDetails; StructuredAddress,typeCode de définition = 6; propriétaire STR_TRUST_UNIT_OWNER,colonne,"{""type"": ""string"", ""enum"": [""CA"", ""US"", ""AD"", ""AE"", ""AF"", ""AG"", ""AI"", ""AL"", ""AM"", ""AN"", ""AO"", ""AQ"", ""AR"", ""AS"", ""AT"", ""AU"", ""AW"", ""AX"", ""AZ"", ""BA"", ""BB"", ""BD"", ""BE"", ""BF"", ""BG"", ""BH"", ""BI"", ""BJ"", ""BL"", ""BM"", ""BN"", ""BO"", ""BQ"", ""BR"", ""BS"", ""BT"", ""BV"", ""BW"", ""BY"", ""BZ"", ""CC"", ""CD"", ""CF"", ""CG"", ""CH"", ""CI"", ""CK"", ""CL"", ""CM"", ""CN"", ""CO"", ""CR"", ""CS"", ""CU"", ""CV"", ""CW"", ""CX"", ""CY"", ""CZ"", ""DE"", ""DJ"", ""DK"", ""DM"", ""DO"", ""DZ"", ""EC"", ""EE"", ""EG"", ""EH"", ""ER"", ""ES"", ""ET"", ""FI"", ""FJ"", ""FK"", ""FM"", ""FO"", ""FR"", ""FX"", ""GA"", ""GB"", ""GD"", ""GE"", ""GF"", ""GG"", ""GH"", ""GI"", ""GL"", ""GM"", ""GN"", ""GP"", ""GQ"", ""GR"", ""GS"", ""GT"", ""GU"", ""GW"", ""GY"", ""HK"", ""HM"", ""HN"", ""HR"", ""HT"", ""HU"", ""ID"", ""IE"", ""IL"", ""IM"", ""IN"", ""IO"", ""IQ"", ""IR"", ""IS"", ""IT"", ""JE"", ""JM"", ""JO"", ""JP"", ""KE"", ""KG"", ""KH"", ""KI"", ""KM"", ""KN"", ""KP"", ""KR"", ""KW"", ""KY"", ""KZ"", ""LA"", ""LB"", ""LC"", ""LI"", ""LK"", ""LR"", ""LS"", ""LT"", ""LU"", ""LV"", ""LY"", ""MA"", ""MC"", ""MD"", ""ME"", ""MF"", ""MG"", ""MH"", ""MK"", ""ML"", ""MM"", ""MN"", ""MO"", ""MP"", ""MQ"", ""MR"", ""MS"", ""MT"", ""MU"", ""MV"", ""MW"", ""MX"", ""MY"", ""MZ"", ""NA"", ""NC"", ""NE"", ""NF"", ""NG"", ""NI"", ""NL"", ""NO"", ""NP"", ""NR"", ""NU"", ""NZ"", ""OM"", ""PA"", ""PE"", ""PF"", ""PG"", ""PH"", ""PK"", ""PL"", ""PM"", ""PN"", ""PR"", ""PS"", ""PT"", ""PW"", ""PY"", ""QA"", ""RE"", ""RO"", ""RS"", ""RU"", ""RW"", ""SA"", ""SB"", ""SC"", ""SD"", ""SE"", ""SG"", ""SH"", ""SI"", ""SJ"", ""SK"", ""SL"", ""SM"", ""SN"", ""SO"", ""SR"", ""SS"", ""ST"", ""SV"", ""SX"", ""SY"", ""SZ"", ""TC"", ""TD"", ""TF"", ""TG"", ""TH"", ""TJ"", ""TK"", ""TL"", ""TM"", ""TN"", ""TO"", ""TR"", ""TT"", ""TV"", ""TW"", ""TZ"", ""UA"", ""UG"", ""UM"", ""UY"", ""UZ"", ""VA"", ""VC"", ""VE"", ""VG"", ""VI"", ""VN"", ""VU"", ""WF"", ""WS"", ""YE"", ""YT"", ""ZA"", ""ZM"", ""ZW"", ""ZZ""]}"
F0305,STR_ADDRESS,type_code,$.definitions[].personsOwningUnitsOfTrust[].address.typeCode,#/components/schemas/UnstructuredAddress/properties/typeCode,#/components/schemas/UnstructuredAddress/properties/typeCode,5553,5553,True,entityAndBeneficialOwnershipDetails; UnstructuredAddress,typeCode de définition = 6; propriétaire STR_TRUST_UNIT_OWNER,colonne,"{""type"": ""integer"", ""enum"": [2]}"
F0306,STR_ADDRESS,country_code,$.definitions[].personsOwningUnitsOfTrust[].address.countryCode,#/components/schemas/UnstructuredAddress/properties/countryCode,#/components/schemas/CountryCode,5558,4583,False,entityAndBeneficialOwnershipDetails; UnstructuredAddress,typeCode de définition = 6; propriétaire STR_TRUST_UNIT_OWNER,colonne,"{""type"": ""string"", ""enum"": [""CA"", ""US"", ""AD"", ""AE"", ""AF"", ""AG"", ""AI"", ""AL"", ""AM"", ""AN"", ""AO"", ""AQ"", ""AR"", ""AS"", ""AT"", ""AU"", ""AW"", ""AX"", ""AZ"", ""BA"", ""BB"", ""BD"", ""BE"", ""BF"", ""BG"", ""BH"", ""BI"", ""BJ"", ""BL"", ""BM"", ""BN"", ""BO"", ""BQ"", ""BR"", ""BS"", ""BT"", ""BV"", ""BW"", ""BY"", ""BZ"", ""CC"", ""CD"", ""CF"", ""CG"", ""CH"", ""CI"", ""CK"", ""CL"", ""CM"", ""CN"", ""CO"", ""CR"", ""CS"", ""CU"", ""CV"", ""CW"", ""CX"", ""CY"", ""CZ"", ""DE"", ""DJ"", ""DK"", ""DM"", ""DO"", ""DZ"", ""EC"", ""EE"", ""EG"", ""EH"", ""ER"", ""ES"", ""ET"", ""FI"", ""FJ"", ""FK"", ""FM"", ""FO"", ""FR"", ""FX"", ""GA"", ""GB"", ""GD"", ""GE"", ""GF"", ""GG"", ""GH"", ""GI"", ""GL"", ""GM"", ""GN"", ""GP"", ""GQ"", ""GR"", ""GS"", ""GT"", ""GU"", ""GW"", ""GY"", ""HK"", ""HM"", ""HN"", ""HR"", ""HT"", ""HU"", ""ID"", ""IE"", ""IL"", ""IM"", ""IN"", ""IO"", ""IQ"", ""IR"", ""IS"", ""IT"", ""JE"", ""JM"", ""JO"", ""JP"", ""KE"", ""KG"", ""KH"", ""KI"", ""KM"", ""KN"", ""KP"", ""KR"", ""KW"", ""KY"", ""KZ"", ""LA"", ""LB"", ""LC"", ""LI"", ""LK"", ""LR"", ""LS"", ""LT"", ""LU"", ""LV"", ""LY"", ""MA"", ""MC"", ""MD"", ""ME"", ""MF"", ""MG"", ""MH"", ""MK"", ""ML"", ""MM"", ""MN"", ""MO"", ""MP"", ""MQ"", ""MR"", ""MS"", ""MT"", ""MU"", ""MV"", ""MW"", ""MX"", ""MY"", ""MZ"", ""NA"", ""NC"", ""NE"", ""NF"", ""NG"", ""NI"", ""NL"", ""NO"", ""NP"", ""NR"", ""NU"", ""NZ"", ""OM"", ""PA"", ""PE"", ""PF"", ""PG"", ""PH"", ""PK"", ""PL"", ""PM"", ""PN"", ""PR"", ""PS"", ""PT"", ""PW"", ""PY"", ""QA"", ""RE"", ""RO"", ""RS"", ""RU"", ""RW"", ""SA"", ""SB"", ""SC"", ""SD"", ""SE"", ""SG"", ""SH"", ""SI"", ""SJ"", ""SK"", ""SL"", ""SM"", ""SN"", ""SO"", ""SR"", ""SS"", ""ST"", ""SV"", ""SX"", ""SY"", ""SZ"", ""TC"", ""TD"", ""TF"", ""TG"", ""TH"", ""TJ"", ""TK"", ""TL"", ""TM"", ""TN"", ""TO"", ""TR"", ""TT"", ""TV"", ""TW"", ""TZ"", ""UA"", ""UG"", ""UM"", ""UY"", ""UZ"", ""VA"", ""VC"", ""VE"", ""VG"", ""VI"", ""VN"", ""VU"", ""WF"", ""WS"", ""YE"", ""YT"", ""ZA"", ""ZM"", ""ZW"", ""ZZ""]}"
F0307,STR_ADDRESS,unstructured,$.definitions[].personsOwningUnitsOfTrust[].address.unstructured,#/components/schemas/UnstructuredAddress/properties/unstructured,#/components/schemas/string500,5560,6277,True,entityAndBeneficialOwnershipDetails; UnstructuredAddress,typeCode de définition = 6; propriétaire STR_TRUST_UNIT_OWNER,colonne,"{""type"": ""string"", ""minLength"": 0, ""maxLength"": 500}"
F0308,STR_TRUST_UNIT_OWNER,telephone_number,$.definitions[].personsOwningUnitsOfTrust[].telephoneNumber,#/components/schemas/personContact/properties/telephoneNumber,#/components/schemas/string20,5957,6257,False,entityAndBeneficialOwnershipDetails,typeCode de définition = 6,colonne,"{""type"": ""string"", ""minLength"": 0, ""maxLength"": 20}"
F0309,STR_TRUST_UNIT_OWNER,extension_number,$.definitions[].personsOwningUnitsOfTrust[].extensionNumber,#/components/schemas/personContact/properties/extensionNumber,#/components/schemas/string10,5959,6253,False,entityAndBeneficialOwnershipDetails,typeCode de définition = 6,colonne,"{""type"": ""string"", ""minLength"": 0, ""maxLength"": 10}"
F0310,STR_TRUST_BENEFICIARY,surname,$.definitions[].beneficiariesOfTrust[].surname,#/components/schemas/personContact/properties/surname,#/components/schemas/string100,5945,6269,False,entityAndBeneficialOwnershipDetails,typeCode de définition = 6,colonne,"{""type"": ""string"", ""minLength"": 0, ""maxLength"": 100}"
F0311,STR_TRUST_BENEFICIARY,given_name,$.definitions[].beneficiariesOfTrust[].givenName,#/components/schemas/personContact/properties/givenName,#/components/schemas/string100,5947,6269,False,entityAndBeneficialOwnershipDetails,typeCode de définition = 6,colonne,"{""type"": ""string"", ""minLength"": 0, ""maxLength"": 100}"
F0312,STR_TRUST_BENEFICIARY,other_name_initial,$.definitions[].beneficiariesOfTrust[].otherNameInitial,#/components/schemas/personContact/properties/otherNameInitial,#/components/schemas/string100,5949,6269,False,entityAndBeneficialOwnershipDetails,typeCode de définition = 6,colonne,"{""type"": ""string"", ""minLength"": 0, ""maxLength"": 100}"
F0313,STR_TRUST_BENEFICIARY,address_type_code,$.definitions[].beneficiariesOfTrust[].addressTypeCode,#/components/schemas/personContact/properties/addressTypeCode,#/components/schemas/addressTypeCode,5951,6504,False,entityAndBeneficialOwnershipDetails,typeCode de définition = 6,colonne,"{""type"": ""integer"", ""enum"": [1, 2]}"
F0314,STR_ADDRESS,type_code,$.definitions[].beneficiariesOfTrust[].address.typeCode,#/components/schemas/StructuredAddress/properties/typeCode,#/components/schemas/StructuredAddress/properties/typeCode,5520,5520,True,entityAndBeneficialOwnershipDetails; StructuredAddress,typeCode de définition = 6; propriétaire STR_TRUST_BENEFICIARY,colonne,"{""type"": ""integer"", ""enum"": [1]}"
F0315,STR_ADDRESS,unit_number,$.definitions[].beneficiariesOfTrust[].address.unitNumber,#/components/schemas/StructuredAddress/properties/unitNumber,#/components/schemas/string10,5525,6253,False,entityAndBeneficialOwnershipDetails; StructuredAddress,typeCode de définition = 6; propriétaire STR_TRUST_BENEFICIARY,colonne,"{""type"": ""string"", ""minLength"": 0, ""maxLength"": 10}"
F0316,STR_ADDRESS,building_number,$.definitions[].beneficiariesOfTrust[].address.buildingNumber,#/components/schemas/StructuredAddress/properties/buildingNumber,#/components/schemas/string10,5527,6253,False,entityAndBeneficialOwnershipDetails; StructuredAddress,typeCode de définition = 6; propriétaire STR_TRUST_BENEFICIARY,colonne,"{""type"": ""string"", ""minLength"": 0, ""maxLength"": 10}"
F0317,STR_ADDRESS,street_address,$.definitions[].beneficiariesOfTrust[].address.streetAddress,#/components/schemas/StructuredAddress/properties/streetAddress,#/components/schemas/string100,5529,6269,False,entityAndBeneficialOwnershipDetails; StructuredAddress,typeCode de définition = 6; propriétaire STR_TRUST_BENEFICIARY,colonne,"{""type"": ""string"", ""minLength"": 0, ""maxLength"": 100}"
F0318,STR_ADDRESS,city,$.definitions[].beneficiariesOfTrust[].address.city,#/components/schemas/StructuredAddress/properties/city,#/components/schemas/string100,5531,6269,False,entityAndBeneficialOwnershipDetails; StructuredAddress,typeCode de définition = 6; propriétaire STR_TRUST_BENEFICIARY,colonne,"{""type"": ""string"", ""minLength"": 0, ""maxLength"": 100}"
F0319,STR_ADDRESS,district,$.definitions[].beneficiariesOfTrust[].address.district,#/components/schemas/StructuredAddress/properties/district,#/components/schemas/string100,5533,6269,False,entityAndBeneficialOwnershipDetails; StructuredAddress,typeCode de définition = 6; propriétaire STR_TRUST_BENEFICIARY,colonne,"{""type"": ""string"", ""minLength"": 0, ""maxLength"": 100}"
F0320,STR_ADDRESS,province_state_code,$.definitions[].beneficiariesOfTrust[].address.provinceStateCode,#/components/schemas/StructuredAddress/properties/provinceStateCode,#/components/schemas/ProvinceStateCode/oneOf/0,5535,2776,False,entityAndBeneficialOwnershipDetails; StructuredAddress; ProvinceStateCode/oneOf/0,typeCode de définition = 6; propriétaire STR_TRUST_BENEFICIARY,colonne,"{""type"": ""string"", ""enum"": [""AB"", ""BC"", ""MB"", ""NB"", ""NL"", ""NT"", ""NS"", ""NU"", ""ON"", ""PE"", ""QC"", ""SK"", ""YT""]}"
F0321,STR_ADDRESS,province_state_code,$.definitions[].beneficiariesOfTrust[].address.provinceStateCode,#/components/schemas/StructuredAddress/properties/provinceStateCode,#/components/schemas/ProvinceStateCode/oneOf/1,5535,2805,False,entityAndBeneficialOwnershipDetails; StructuredAddress; ProvinceStateCode/oneOf/1,typeCode de définition = 6; propriétaire STR_TRUST_BENEFICIARY,colonne,"{""type"": ""string"", ""enum"": [""AL"", ""AK"", ""AZ"", ""AR"", ""CA"", ""CO"", ""CT"", ""DE"", ""DC"", ""FL"", ""GA"", ""HI"", ""ID"", ""IL"", ""IN"", ""IA"", ""KS"", ""KY"", ""LA"", ""ME"", ""MD"", ""MA"", ""MI"", ""MN"", ""MS"", ""MO"", ""MT"", ""NE"", ""NV"", ""NH"", ""NJ"", ""NM"", ""NY"", ""NC"", ""ND"", ""OH"", ""OK"", ""OR"", ""PA"", ""RI"", ""SC"", ""SD"", ""TN"", ""TX"", ""UT"", ""VT"", ""VA"", ""WA"", ""WV"", ""WI"", ""WY""]}"
F0322,STR_ADDRESS,province_state_code,$.definitions[].beneficiariesOfTrust[].address.provinceStateCode,#/components/schemas/StructuredAddress/properties/provinceStateCode,#/components/schemas/ProvinceStateCode/oneOf/2,5535,2910,False,entityAndBeneficialOwnershipDetails; StructuredAddress; ProvinceStateCode/oneOf/2,typeCode de définition = 6; propriétaire STR_TRUST_BENEFICIARY,colonne,"{""type"": ""string"", ""enum"": [""AG"", ""BA"", ""BJ"", ""CE"", ""CI"", ""CH"", ""CU"", ""CL"", ""DF"", ""DO"", ""GU"", ""GR"", ""HL"", ""JL"", ""MX"", ""MC"", ""MR"", ""NA"", ""NL"", ""OA"", ""PB"", ""QU"", ""QR"", ""SL"", ""SI"", ""SO"", ""TB"", ""TA"", ""TL"", ""VC"", ""YU"", ""ZA""]}"
F0323,STR_ADDRESS,province_state_code,$.definitions[].beneficiariesOfTrust[].address.provinceStateCode,#/components/schemas/StructuredAddress/properties/provinceStateCode,#/components/schemas/ProvinceStateCode/oneOf/3,5535,2977,False,entityAndBeneficialOwnershipDetails; StructuredAddress; ProvinceStateCode/oneOf/3,typeCode de définition = 6; propriétaire STR_TRUST_BENEFICIARY,colonne,"{""type"": ""string"", ""minLength"": 2, ""maxLength"": 2}"
F0324,STR_ADDRESS,province_state_name,$.definitions[].beneficiariesOfTrust[].address.provinceStateName,#/components/schemas/StructuredAddress/properties/provinceStateName,#/components/schemas/string100,5537,6269,False,entityAndBeneficialOwnershipDetails; StructuredAddress,typeCode de définition = 6; propriétaire STR_TRUST_BENEFICIARY,colonne,"{""type"": ""string"", ""minLength"": 0, ""maxLength"": 100}"
F0325,STR_ADDRESS,sub_province_sub_locality,$.definitions[].beneficiariesOfTrust[].address.subProvinceSubLocality,#/components/schemas/StructuredAddress/properties/subProvinceSubLocality,#/components/schemas/StructuredAddress/properties/subProvinceSubLocality,5539,5539,False,entityAndBeneficialOwnershipDetails; StructuredAddress,typeCode de définition = 6; propriétaire STR_TRUST_BENEFICIARY,colonne,"{""type"": ""string"", ""maxLength"": 100}"
F0326,STR_ADDRESS,postal_zip_code,$.definitions[].beneficiariesOfTrust[].address.postalZipCode,#/components/schemas/StructuredAddress/properties/postalZipCode,#/components/schemas/StructuredAddress/properties/postalZipCode,5542,5542,False,entityAndBeneficialOwnershipDetails; StructuredAddress,typeCode de définition = 6; propriétaire STR_TRUST_BENEFICIARY,colonne,"{""type"": ""string"", ""maxLength"": 20}"
F0327,STR_ADDRESS,country_code,$.definitions[].beneficiariesOfTrust[].address.countryCode,#/components/schemas/StructuredAddress/properties/countryCode,#/components/schemas/CountryCode,5545,4583,False,entityAndBeneficialOwnershipDetails; StructuredAddress,typeCode de définition = 6; propriétaire STR_TRUST_BENEFICIARY,colonne,"{""type"": ""string"", ""enum"": [""CA"", ""US"", ""AD"", ""AE"", ""AF"", ""AG"", ""AI"", ""AL"", ""AM"", ""AN"", ""AO"", ""AQ"", ""AR"", ""AS"", ""AT"", ""AU"", ""AW"", ""AX"", ""AZ"", ""BA"", ""BB"", ""BD"", ""BE"", ""BF"", ""BG"", ""BH"", ""BI"", ""BJ"", ""BL"", ""BM"", ""BN"", ""BO"", ""BQ"", ""BR"", ""BS"", ""BT"", ""BV"", ""BW"", ""BY"", ""BZ"", ""CC"", ""CD"", ""CF"", ""CG"", ""CH"", ""CI"", ""CK"", ""CL"", ""CM"", ""CN"", ""CO"", ""CR"", ""CS"", ""CU"", ""CV"", ""CW"", ""CX"", ""CY"", ""CZ"", ""DE"", ""DJ"", ""DK"", ""DM"", ""DO"", ""DZ"", ""EC"", ""EE"", ""EG"", ""EH"", ""ER"", ""ES"", ""ET"", ""FI"", ""FJ"", ""FK"", ""FM"", ""FO"", ""FR"", ""FX"", ""GA"", ""GB"", ""GD"", ""GE"", ""GF"", ""GG"", ""GH"", ""GI"", ""GL"", ""GM"", ""GN"", ""GP"", ""GQ"", ""GR"", ""GS"", ""GT"", ""GU"", ""GW"", ""GY"", ""HK"", ""HM"", ""HN"", ""HR"", ""HT"", ""HU"", ""ID"", ""IE"", ""IL"", ""IM"", ""IN"", ""IO"", ""IQ"", ""IR"", ""IS"", ""IT"", ""JE"", ""JM"", ""JO"", ""JP"", ""KE"", ""KG"", ""KH"", ""KI"", ""KM"", ""KN"", ""KP"", ""KR"", ""KW"", ""KY"", ""KZ"", ""LA"", ""LB"", ""LC"", ""LI"", ""LK"", ""LR"", ""LS"", ""LT"", ""LU"", ""LV"", ""LY"", ""MA"", ""MC"", ""MD"", ""ME"", ""MF"", ""MG"", ""MH"", ""MK"", ""ML"", ""MM"", ""MN"", ""MO"", ""MP"", ""MQ"", ""MR"", ""MS"", ""MT"", ""MU"", ""MV"", ""MW"", ""MX"", ""MY"", ""MZ"", ""NA"", ""NC"", ""NE"", ""NF"", ""NG"", ""NI"", ""NL"", ""NO"", ""NP"", ""NR"", ""NU"", ""NZ"", ""OM"", ""PA"", ""PE"", ""PF"", ""PG"", ""PH"", ""PK"", ""PL"", ""PM"", ""PN"", ""PR"", ""PS"", ""PT"", ""PW"", ""PY"", ""QA"", ""RE"", ""RO"", ""RS"", ""RU"", ""RW"", ""SA"", ""SB"", ""SC"", ""SD"", ""SE"", ""SG"", ""SH"", ""SI"", ""SJ"", ""SK"", ""SL"", ""SM"", ""SN"", ""SO"", ""SR"", ""SS"", ""ST"", ""SV"", ""SX"", ""SY"", ""SZ"", ""TC"", ""TD"", ""TF"", ""TG"", ""TH"", ""TJ"", ""TK"", ""TL"", ""TM"", ""TN"", ""TO"", ""TR"", ""TT"", ""TV"", ""TW"", ""TZ"", ""UA"", ""UG"", ""UM"", ""UY"", ""UZ"", ""VA"", ""VC"", ""VE"", ""VG"", ""VI"", ""VN"", ""VU"", ""WF"", ""WS"", ""YE"", ""YT"", ""ZA"", ""ZM"", ""ZW"", ""ZZ""]}"
F0328,STR_ADDRESS,type_code,$.definitions[].beneficiariesOfTrust[].address.typeCode,#/components/schemas/UnstructuredAddress/properties/typeCode,#/components/schemas/UnstructuredAddress/properties/typeCode,5553,5553,True,entityAndBeneficialOwnershipDetails; UnstructuredAddress,typeCode de définition = 6; propriétaire STR_TRUST_BENEFICIARY,colonne,"{""type"": ""integer"", ""enum"": [2]}"
F0329,STR_ADDRESS,country_code,$.definitions[].beneficiariesOfTrust[].address.countryCode,#/components/schemas/UnstructuredAddress/properties/countryCode,#/components/schemas/CountryCode,5558,4583,False,entityAndBeneficialOwnershipDetails; UnstructuredAddress,typeCode de définition = 6; propriétaire STR_TRUST_BENEFICIARY,colonne,"{""type"": ""string"", ""enum"": [""CA"", ""US"", ""AD"", ""AE"", ""AF"", ""AG"", ""AI"", ""AL"", ""AM"", ""AN"", ""AO"", ""AQ"", ""AR"", ""AS"", ""AT"", ""AU"", ""AW"", ""AX"", ""AZ"", ""BA"", ""BB"", ""BD"", ""BE"", ""BF"", ""BG"", ""BH"", ""BI"", ""BJ"", ""BL"", ""BM"", ""BN"", ""BO"", ""BQ"", ""BR"", ""BS"", ""BT"", ""BV"", ""BW"", ""BY"", ""BZ"", ""CC"", ""CD"", ""CF"", ""CG"", ""CH"", ""CI"", ""CK"", ""CL"", ""CM"", ""CN"", ""CO"", ""CR"", ""CS"", ""CU"", ""CV"", ""CW"", ""CX"", ""CY"", ""CZ"", ""DE"", ""DJ"", ""DK"", ""DM"", ""DO"", ""DZ"", ""EC"", ""EE"", ""EG"", ""EH"", ""ER"", ""ES"", ""ET"", ""FI"", ""FJ"", ""FK"", ""FM"", ""FO"", ""FR"", ""FX"", ""GA"", ""GB"", ""GD"", ""GE"", ""GF"", ""GG"", ""GH"", ""GI"", ""GL"", ""GM"", ""GN"", ""GP"", ""GQ"", ""GR"", ""GS"", ""GT"", ""GU"", ""GW"", ""GY"", ""HK"", ""HM"", ""HN"", ""HR"", ""HT"", ""HU"", ""ID"", ""IE"", ""IL"", ""IM"", ""IN"", ""IO"", ""IQ"", ""IR"", ""IS"", ""IT"", ""JE"", ""JM"", ""JO"", ""JP"", ""KE"", ""KG"", ""KH"", ""KI"", ""KM"", ""KN"", ""KP"", ""KR"", ""KW"", ""KY"", ""KZ"", ""LA"", ""LB"", ""LC"", ""LI"", ""LK"", ""LR"", ""LS"", ""LT"", ""LU"", ""LV"", ""LY"", ""MA"", ""MC"", ""MD"", ""ME"", ""MF"", ""MG"", ""MH"", ""MK"", ""ML"", ""MM"", ""MN"", ""MO"", ""MP"", ""MQ"", ""MR"", ""MS"", ""MT"", ""MU"", ""MV"", ""MW"", ""MX"", ""MY"", ""MZ"", ""NA"", ""NC"", ""NE"", ""NF"", ""NG"", ""NI"", ""NL"", ""NO"", ""NP"", ""NR"", ""NU"", ""NZ"", ""OM"", ""PA"", ""PE"", ""PF"", ""PG"", ""PH"", ""PK"", ""PL"", ""PM"", ""PN"", ""PR"", ""PS"", ""PT"", ""PW"", ""PY"", ""QA"", ""RE"", ""RO"", ""RS"", ""RU"", ""RW"", ""SA"", ""SB"", ""SC"", ""SD"", ""SE"", ""SG"", ""SH"", ""SI"", ""SJ"", ""SK"", ""SL"", ""SM"", ""SN"", ""SO"", ""SR"", ""SS"", ""ST"", ""SV"", ""SX"", ""SY"", ""SZ"", ""TC"", ""TD"", ""TF"", ""TG"", ""TH"", ""TJ"", ""TK"", ""TL"", ""TM"", ""TN"", ""TO"", ""TR"", ""TT"", ""TV"", ""TW"", ""TZ"", ""UA"", ""UG"", ""UM"", ""UY"", ""UZ"", ""VA"", ""VC"", ""VE"", ""VG"", ""VI"", ""VN"", ""VU"", ""WF"", ""WS"", ""YE"", ""YT"", ""ZA"", ""ZM"", ""ZW"", ""ZZ""]}"
F0330,STR_ADDRESS,unstructured,$.definitions[].beneficiariesOfTrust[].address.unstructured,#/components/schemas/UnstructuredAddress/properties/unstructured,#/components/schemas/string500,5560,6277,True,entityAndBeneficialOwnershipDetails; UnstructuredAddress,typeCode de définition = 6; propriétaire STR_TRUST_BENEFICIARY,colonne,"{""type"": ""string"", ""minLength"": 0, ""maxLength"": 500}"
F0331,STR_TRUST_BENEFICIARY,telephone_number,$.definitions[].beneficiariesOfTrust[].telephoneNumber,#/components/schemas/personContact/properties/telephoneNumber,#/components/schemas/string20,5957,6257,False,entityAndBeneficialOwnershipDetails,typeCode de définition = 6,colonne,"{""type"": ""string"", ""minLength"": 0, ""maxLength"": 20}"
F0332,STR_TRUST_BENEFICIARY,extension_number,$.definitions[].beneficiariesOfTrust[].extensionNumber,#/components/schemas/personContact/properties/extensionNumber,#/components/schemas/string10,5959,6253,False,entityAndBeneficialOwnershipDetails,typeCode de définition = 6,colonne,"{""type"": ""string"", ""minLength"": 0, ""maxLength"": 10}"
F0333,STR_OTHER_ENTITY_OWNER,surname,$.definitions[].personsOwningEntityNotCorporationOrTrust[].surname,#/components/schemas/entityAndBeneficialOwnershipDetails/properties/personsOwningEntityNotCorporationOrTrust/items/properties/surname,#/components/schemas/string100,5922,6269,False,entityAndBeneficialOwnershipDetails,typeCode de définition = 6,colonne,"{""type"": ""string"", ""minLength"": 0, ""maxLength"": 100}"
F0334,STR_OTHER_ENTITY_OWNER,given_name,$.definitions[].personsOwningEntityNotCorporationOrTrust[].givenName,#/components/schemas/entityAndBeneficialOwnershipDetails/properties/personsOwningEntityNotCorporationOrTrust/items/properties/givenName,#/components/schemas/string100,5924,6269,False,entityAndBeneficialOwnershipDetails,typeCode de définition = 6,colonne,"{""type"": ""string"", ""minLength"": 0, ""maxLength"": 100}"
F0335,STR_OTHER_ENTITY_OWNER,other_name_initial,$.definitions[].personsOwningEntityNotCorporationOrTrust[].otherNameInitial,#/components/schemas/entityAndBeneficialOwnershipDetails/properties/personsOwningEntityNotCorporationOrTrust/items/properties/otherNameInitial,#/components/schemas/string100,5926,6269,False,entityAndBeneficialOwnershipDetails,typeCode de définition = 6,colonne,"{""type"": ""string"", ""minLength"": 0, ""maxLength"": 100}"
F0336,STR_TRANSACTION,re_location_id,$.transactions[].reportingEntityLocationId,#/components/schemas/STRReport/properties/transactions/items/properties/reportingEntityLocationId,#/components/schemas/string30,1430,6261,True,,,colonne,"{""type"": ""string"", ""minLength"": 0, ""maxLength"": 30}"
F0337,STR_TRANSACTION,attempted_indicator,$.transactions[].suspiciousTransactionDetails.attemptedTransactionIndicator,#/components/schemas/STRReport/properties/transactions/items/properties/suspiciousTransactionDetails/properties/attemptedTransactionIndicator,#/components/schemas/STRReport/properties/transactions/items/properties/suspiciousTransactionDetails/properties/attemptedTransactionIndicator,1436,1436,True,,,colonne,"{""type"": ""boolean""}"
F0338,STR_TRANSACTION,reason_not_completed,$.transactions[].suspiciousTransactionDetails.reasonNotCompleted,#/components/schemas/STRReport/properties/transactions/items/properties/suspiciousTransactionDetails/properties/reasonNotCompleted,#/components/schemas/string200,1438,6273,False,,,colonne,"{""type"": ""string"", ""minLength"": 0, ""maxLength"": 200}"
F0339,STR_TRANSACTION,date_of_transaction,$.transactions[].suspiciousTransactionDetails.dateOfTransaction,#/components/schemas/STRReport/properties/transactions/items/properties/suspiciousTransactionDetails/properties/dateOfTransaction,#/components/schemas/localDate,1440,6303,False,,,colonne,"{""type"": ""string"", ""pattern"": ""^[0-9]{4}-[0-9]{2}-[0-9]{2}$""}"
F0340,STR_TRANSACTION,time_of_transaction,$.transactions[].suspiciousTransactionDetails.timeOfTransaction,#/components/schemas/STRReport/properties/transactions/items/properties/suspiciousTransactionDetails/properties/timeOfTransaction,#/components/schemas/zonedTime,1442,6306,False,,,colonne,"{""type"": ""string"", ""pattern"": ""^[0-9]{2}:[0-9]{2}:[0-9]{2}[\\-\\+][0-9]{2}:[0-9]{2}$""}"
F0341,STR_TRANSACTION,method_code,$.transactions[].suspiciousTransactionDetails.methodCode,#/components/schemas/STRReport/properties/transactions/items/properties/suspiciousTransactionDetails/properties/methodCode,#/components/schemas/STRReport/properties/transactions/items/properties/suspiciousTransactionDetails/properties/methodCode,1444,1444,False,,,colonne,"{""type"": ""integer"", ""enum"": [1, 2, 3, 4, 5, 6, 7, 8, 9, 10, 11, 12]}"
F0342,STR_TRANSACTION,method_other,$.transactions[].suspiciousTransactionDetails.methodOther,#/components/schemas/STRReport/properties/transactions/items/properties/suspiciousTransactionDetails/properties/methodOther,#/components/schemas/string200,1472,6273,False,,,colonne,"{""type"": ""string"", ""minLength"": 0, ""maxLength"": 200}"
F0343,STR_TRANSACTION,date_of_posting,$.transactions[].suspiciousTransactionDetails.dateOfPosting,#/components/schemas/STRReport/properties/transactions/items/properties/suspiciousTransactionDetails/properties/dateOfPosting,#/components/schemas/localDate,1474,6303,False,,,colonne,"{""type"": ""string"", ""pattern"": ""^[0-9]{4}-[0-9]{2}-[0-9]{2}$""}"
F0344,STR_TRANSACTION,time_of_posting,$.transactions[].suspiciousTransactionDetails.timeOfPosting,#/components/schemas/STRReport/properties/transactions/items/properties/suspiciousTransactionDetails/properties/timeOfPosting,#/components/schemas/zonedTime,1476,6306,False,,,colonne,"{""type"": ""string"", ""pattern"": ""^[0-9]{2}:[0-9]{2}:[0-9]{2}[\\-\\+][0-9]{2}:[0-9]{2}$""}"
F0345,STR_TRANSACTION,re_txn_reference,$.transactions[].suspiciousTransactionDetails.reportingEntityTransactionReference,#/components/schemas/STRReport/properties/transactions/items/properties/suspiciousTransactionDetails/properties/reportingEntityTransactionReference,#/components/schemas/externalTransactionReference,1478,5640,False,,,colonne,"{""type"": ""string"", ""pattern"": ""^[A-Za-z0-9-_]{1,200}$""}"
F0346,STR_TRANSACTION,purpose,$.transactions[].suspiciousTransactionDetails.purpose,#/components/schemas/STRReport/properties/transactions/items/properties/suspiciousTransactionDetails/properties/purpose,#/components/schemas/string200,1480,6273,False,,,colonne,"{""type"": ""string"", ""minLength"": 0, ""maxLength"": 200}"
F0347,STR_STARTING_ACTION,direction,$.transactions[].startingActions[].details.direction,#/components/schemas/STRReport/properties/transactions/items/properties/startingActions/items/properties/details/properties/direction,#/components/schemas/STRReport/properties/transactions/items/properties/startingActions/items/properties/details/properties/direction,1494,1494,False,,action initiale,colonne,"{""type"": ""integer"", ""enum"": [1, 2]}"
F0348,STR_STARTING_ACTION,fund_type_code,$.transactions[].startingActions[].details.fundAssetVirtualCurrencyTypeCode,#/components/schemas/STRReport/properties/transactions/items/properties/startingActions/items/properties/details/properties/fundAssetVirtualCurrencyTypeCode,#/components/schemas/STRReport/properties/transactions/items/properties/startingActions/items/properties/details/properties/fundAssetVirtualCurrencyTypeCode,1502,1502,False,,action initiale,colonne,"{""type"": ""integer"", ""enum"": [1, 2, 3, 4, 5, 6, 7, 8, 9, 10, 11, 12, 13, 14, 16, 17]}"
F0349,STR_STARTING_ACTION,fund_type_other,$.transactions[].startingActions[].details.fundAssetVirtualCurrencyTypeOther,#/components/schemas/STRReport/properties/transactions/items/properties/startingActions/items/properties/details/properties/fundAssetVirtualCurrencyTypeOther,#/components/schemas/string200,1540,6273,False,,action initiale,colonne,"{""type"": ""string"", ""minLength"": 0, ""maxLength"": 200}"
F0350,STR_STARTING_ACTION,amount,$.transactions[].startingActions[].details.amount,#/components/schemas/STRReport/properties/transactions/items/properties/startingActions/items/properties/details/properties/amount,#/components/schemas/currencyAmount,1542,6293,False,,action initiale,colonne,"{""type"": ""string"", ""pattern"": ""^\\d{1,17}(\\.\\d{2,10})?$""}"
F0351,STR_STARTING_ACTION,currency_code,$.transactions[].startingActions[].details.currencyCode,#/components/schemas/STRReport/properties/transactions/items/properties/startingActions/items/properties/details/properties/currencyCode,#/components/schemas/CurrencyCode,1544,4057,False,,action initiale,colonne,"{""type"": ""string"", ""enum"": [""CAD"", ""USD"", ""ADP"", ""AED"", ""AFA"", ""AFN"", ""ALL"", ""AMD"", ""AOA"", ""AOK"", ""AON"", ""ARP"", ""ARS"", ""ATS"", ""AUD"", ""AWF"", ""AWG"", ""AZM"", ""AZN"", ""BAK"", ""BAM"", ""BBD"", ""BDT"", ""BEC"", ""BEF"", ""BEL"", ""BGL"", ""BGN"", ""BHD"", ""BIF"", ""BMD"", ""BND"", ""BOB"", ""BOP"", ""BOV"", ""BRC"", ""BRL"", ""BSD"", ""BTN"", ""BTR"", ""BUK"", ""BWP"", ""BYN"", ""BYR"", ""BZD"", ""CDF"", ""CDZ"", ""CHE"", ""CHF"", ""CHW"", ""CLF"", ""CLP"", ""CNY"", ""COP"", ""COU"", ""CRC"", ""CSD"", ""CSK"", ""CUC"", ""CUP"", ""CVE"", ""CYP"", ""CZK"", ""DDM"", ""DEM"", ""DJF"", ""DKK"", ""DOP"", ""DZD"", ""ECS"", ""EEK"", ""EGP"", ""ERN"", ""ESP"", ""ETB"", ""EUR"", ""FIM"", ""FJD"", ""FKP"", ""FRF"", ""GBP"", ""GEL"", ""GHC"", ""GHS"", ""GIP"", ""GMD"", ""GNF"", ""GNS"", ""GQE"", ""GRD"", ""GTQ"", ""GWP"", ""GYD"", ""HKD"", ""HNL"", ""HRK"", ""HTG"", ""HUF"", ""IDR"", ""IEP"", ""ILS"", ""INR"", ""IQD"", ""IRR"", ""ISK"", ""ITL"", ""JMD"", ""JOD"", ""JPY"", ""KES"", ""KGS"", ""KHR"", ""KMF"", ""KPW"", ""KRW"", ""KWD"", ""KYD"", ""KZT"", ""LAK"", ""LBP"", ""LKR"", ""LRD"", ""LSL"", ""LSM"", ""LTL"", ""LUF"", ""LVL"", ""LYD"", ""MAD"", ""MDL"", ""MGA"", ""MGF"", ""MKD"", ""MLF"", ""MMK"", ""MNT"", ""MOP"", ""MRO"", ""MRU"", ""MTL"", ""MTP"", ""MUR"", ""MVR"", ""MWK"", ""MXN"", ""MXP"", ""MXV"", ""MYR"", ""MZM"", ""MZN"", ""NAD"", ""NGN"", ""NIC"", ""NIO"", ""NLG"", ""NOK"", ""NPR"", ""NZD"", ""OMR"", ""PAB"", ""PEN"", ""PES"", ""PGK"", ""PHP"", ""PKR"", ""PLN"", ""PLZ"", ""PTE"", ""PYG"", ""QAR"", ""ROL"", ""RON"", ""RSD"", ""RUB"", ""RUR"", ""RWF"", ""SAR"", ""SBD"", ""SBL"", ""SCR"", ""SDD"", ""SDG"", ""SDP"", ""SEK"", ""SGD"", ""SHP"", ""SIT"", ""SKK"", ""SLE"", ""SLL"", ""SOS"", ""SRD"", ""SRG"", ""SSP"", ""STD"", ""STN"", ""SUR"", ""SVC"", ""SYP"", ""SZL"", ""THB"", ""TJR"", ""TJS"", ""TMM"", ""TMT"", ""TND"", ""TOP"", ""TPE"", ""TRL"", ""TRY"", ""TTD"", ""TWD"", ""TZS"", ""UAH"", ""UGS"", ""UGX"", ""USN"", ""USS"", ""UYI"", ""UYP"", ""UYU"", ""UYW"", ""UZS"", ""VEB"", ""VEF"", ""VES"", ""VND"", ""VUV"", ""WST"", ""XAF"", ""XAG"", ""XAU"", ""XBA"", ""XBB"", ""XBC"", ""XBD"", ""XBT"", ""XCD"", ""XCG"", ""XDR"", ""XEU"", ""XFO"", ""XFU"", ""XOF"", ""XPD"", ""XPF"", ""XPT"", ""XSU"", ""XXX"", ""YDD"", ""YER"", ""YUD"", ""YUM"", ""YUN"", ""ZAL"", ""ZAR"", ""ZMK"", ""ZMW"", ""ZWD"", ""ZWL"", ""ZZZ""]}"
F0352,STR_STARTING_ACTION,vc_type_code,$.transactions[].startingActions[].details.virtualCurrencyTypeCode,#/components/schemas/STRReport/properties/transactions/items/properties/startingActions/items/properties/details/properties/virtualCurrencyTypeCode,#/components/schemas/VirtualCurrencyCode,1546,2981,False,,action initiale,colonne,"{""type"": ""string"", ""enum"": [""1INCH"", ""AAVE"", ""ABBC"", ""ADA"", ""ADX"", ""AE"", ""AERGO"", ""AGI"", ""AGVC"", ""AIB"", ""AION"", ""AKRO"", ""ALGO"", ""AMO"", ""AMP"", ""AMPL"", ""ANC"", ""ANCT"", ""ANKR"", ""ANT"", ""AOA"", ""APL"", ""APM"", ""AR"", ""ARDR"", ""ARK"", ""ARPA"", ""ARRR"", ""AST"", ""ATOM"", ""ATT"", ""AUDIO"", ""AVA"", ""AVAX"", ""AXC"", ""AXEL"", ""AXS"", ""B2B"", ""BAL"", ""BAND"", ""BASIC"", ""BASID"", ""BAT"", ""BCD"", ""BCH"", ""BCN"", ""BCZERO"", ""BDCC"", ""BDX"", ""BEAM"", ""BEL"", ""BHAO"", ""BHD"", ""BHP"", ""BHT"", ""BICO"", ""BIGONE"", ""BIKI"", ""BLCT"", ""BLOCK"", ""BLZ"", ""BNANA"", ""BNB"", ""BNK"", ""BNT"", ""BOA"", ""BONO"", ""BORA"", ""BOT"", ""BOTX"", ""BPS"", ""BRC"", ""BRG"", ""BRZE"", ""BSV"", ""BTC"", ""BTC2"", ""BTCB"", ""BTG"", ""BTM"", ""BTMX"", ""BTRS"", ""BTS"", ""BTT"", ""BTU"", ""BUSD"", ""BWF"", ""BXK"", ""BZ"", ""BZRX"", ""C20"", ""CADC"", ""CAKE"", ""CCA"", ""CCXX"", ""CEL"", ""CELO"", ""CELR"", ""CENNZ"", ""CHR"", ""CHSB"", ""CHZ"", ""CIPHC"", ""CIX100"", ""CKB"", ""CND"", ""CNX"", ""COCOS"", ""COMP"", ""CON"", ""CORE"", ""COS"", ""COTI"", ""CRE"", ""CRO"", ""CRPT"", ""CRV"", ""CTC"", ""CTCN"", ""CTK"", ""CTSI"", ""CTXC"", ""CUSD"", ""CVA"", ""CVC"", ""CVNT"", ""CVT"", ""CVX"", ""DAC"", ""DAD"", ""DAG"", ""DAI"", ""DASH"", ""DATA"", ""DCR"", ""DCY"", ""DEC"", ""DENT"", ""DFI"", ""DGB"", ""DGD"", ""DGTX"", ""DIA"", ""DIP"", ""DIVI"", ""DMCH"", ""DMG"", ""DNA"", ""DNT"", ""DOGE"", ""DOT"", ""DREP"", ""DRGN"", ""DRS"", ""DTR"", ""DUSK"", ""DX"", ""ECOREAL"", ""EDC"", ""EGLD"", ""ELA"", ""ELF"", ""ELON"", ""EMC2"", ""ENG"", ""ENJ"", ""ENS"", ""EOS"", ""ERC20"", ""ERG"", ""ETC"", ""ETH"", ""ETN"", ""EUM"", ""EURS"", ""EVN"", ""EVR"", ""EWT"", ""FAB"", ""FARM"", ""FET"", ""FIL"", ""FLG"", ""FLM"", ""FLOW"", ""FNB"", ""FSN"", ""FST"", ""FTM"", ""FTT"", ""FUN"", ""FX"", ""FXC"", ""GALA"", ""GARD"", ""GAS"", ""GBYTE"", ""GLEEC"", ""GNO"", ""GNT"", ""GRIN"", ""GRN"", ""GRS"", ""GRT"", ""GT"", ""GUSD"", ""GXC"", ""HBAR"", ""HBTC"", ""HC"", ""HEDG"", ""HEX"", ""HIVE"", ""HMR"", ""HNC"", ""HNS"", ""HNT"", ""HOD"", ""HOT"", ""HPT"", ""HSN"", ""HT"", ""HUSD"", ""HXRO"", ""HYN"", ""ICH"", ""ICP"", ""ICX"", ""IDEX"", ""IGNIS"", ""IHF"", ""ILV"", ""IMX"", ""INB"", ""INJ"", ""INO"", ""INSTAR"", ""IOST"", ""IOTX"", ""IPX"", ""IQ"", ""IRIS"", ""IZE"", ""JST"", ""JUL"", ""JWL"", ""KAI"", ""KAN"", ""KAVA"", ""KBC"", ""KCASH"", ""KCS"", ""KDA"", ""KDAG"", ""KEEP"", ""KIN"", ""KLAY"", ""KMD"", ""KNC"", ""KP3R"", ""KRT"", ""KSM"", ""LA"", ""LAMB"", ""LBC"", ""LCX"", ""LEO"", ""LEVL"", ""LINK"", ""LOKI"", ""LOOM"", ""LPT"", ""LRC"", ""LRG"", ""LSK"", ""LTC"", ""LTO"", ""LUNA"", ""LVX"", ""MAID"", ""MANA"", ""MASS"", ""MATH"", ""MATIC"", ""MBL"", ""MBN"", ""MCO"", ""MDA"", ""MED"", ""MFT"", ""MIN"", ""MIOTA"", ""MKR"", ""MLK"", ""MLN"", ""MOF"", ""MONA"", ""MRPH"", ""MTA"", ""MTC"", ""MTL"", ""MTXLT"", ""MUSD"", ""MVL"", ""MWC"", ""MX"", ""MXC"", ""NANO"", ""NAS"", ""NEAR"", ""NEC"", ""NEO"", ""NEST"", ""NEX"", ""NEXO"", ""NEXXO"", ""NIM"", ""NKN"", ""NMR"", ""NOIA"", ""NPXS"", ""NRG"", ""NU"", ""NULS"", ""NUT"", ""NVT"", ""NWC"", ""NXM"", ""NXS"", ""NYE"", ""OCEAN"", ""OCTO"", ""OGN"", ""OKB"", ""OMG"", ""ONE"", ""ONOT"", ""ONT"", ""ORBS"", ""ORC"", ""ORN"", ""OTH"", ""OXT"", ""PAI"", ""PAX"", ""PAXG"", ""PCN"", ""PCX"", ""PERL"", ""PERP"", ""PHA"", ""PIVX"", ""PLC"", ""PLF"", ""PNK"", ""POLS"", ""POLY"", ""POWR"", ""PPT"", ""PROM"", ""PRQ"", ""PZM"", ""QASH"", ""QC"", ""QKC"", ""QNT"", ""QQQ"", ""QRK"", ""QRL"", ""QSP"", ""QTUM"", ""RCHAINREV"", ""RCN"", ""RDD"", ""RDN"", ""REN"", ""RENBTC"", ""REP"", ""REPO"", ""REQ"", ""REV"", ""RIF"", ""RING"", ""RKN"", ""RLC"", ""RNDR"", ""ROSE"", ""RPL"", ""RSR"", ""RUNE"", ""RVN"", ""S4F"", ""SAFE"", ""SAND"", ""SAPP"", ""SC"", ""SCC"", ""SCRT"", ""SEELE"", ""SERO"", ""SFP"", ""SHIB"", ""SHPING"", ""SHR"", ""SLS"", ""SNB"", ""SNL"", ""SNT"", ""SNTVT"", ""SNX"", ""SOL"", ""SOLO"", ""SOLVE"", ""SPND"", ""SRM"", ""STAKE"", ""STEEM"", ""STMX"", ""STORJ"", ""STP"", ""STPT"", ""STRAT"", ""STRONG"", ""STX"", ""SUKU"", ""SUN"", ""SUSD"", ""SUSHI"", ""SWAP"", ""SWINGBY"", ""SWTH"", ""SXP"", ""SYS"", ""TCAD"", ""TEL"", ""TFUEL"", ""THETA"", ""THR"", ""THX"", ""TITAN"", ""TMTG"", ""TNC"", ""TOMO"", ""TONIC"", ""TRAC"", ""TRAT"", ""TRB"", ""TROY"", ""TRUE"", ""TRX"", ""TSHP"", ""TT"", ""TTT"", ""TUSD"", ""TWT"", ""UBT"", ""ULT"", ""UMA"", ""UNI"", ""UNICOIN"", ""UNO"", ""UOS"", ""UQC"", ""USDC"", ""USDJ"", ""USDK"", ""USDN"", ""USDP"", ""USDT"", ""UST"", ""UTK"", ""VEST"", ""VET"", ""VGX"", ""VIDT"", ""VITAE"", ""VLX"", ""VRSC"", ""VSYS"", ""VTHO"", ""VVS"", ""WAN"", ""WAVES"", ""WAXP"", ""WBNB"", ""WBTC"", ""WET"", ""WICC"", ""WIN"", ""WIX"", ""WOM"", ""WRX"", ""WTC"", ""WXT"", ""XCM"", ""XDC"", ""XEC"", ""XEM"", ""XHV"", ""XIN"", ""XLM"", ""XLT"", ""XMR"", ""XNC"", ""XOR"", ""XPR"", ""XRP"", ""XSN"", ""XSR"", ""XT"", ""XTP"", ""XTZ"", ""XVG"", ""XVS"", ""XWC"", ""XYM"", ""XYO"", ""XZC"", ""YEP"", ""YF-DAI"", ""YFI"", ""YFII"", ""YFL"", ""YGG"", ""YUSRA"", ""ZAP"", ""ZB"", ""ZCN"", ""ZEC"", ""ZEN"", ""ZIL"", ""ZLW"", ""ZNN"", ""ZRX"", ""ZT"", ""ZYN""]}"
F0353,STR_STARTING_ACTION,vc_type_other,$.transactions[].startingActions[].details.virtualCurrencyTypeOther,#/components/schemas/STRReport/properties/transactions/items/properties/startingActions/items/properties/details/properties/virtualCurrencyTypeOther,#/components/schemas/string200,1548,6273,False,,action initiale,colonne,"{""type"": ""string"", ""minLength"": 0, ""maxLength"": 200}"
F0354,STR_STARTING_ACTION,exchange_rate,$.transactions[].startingActions[].details.exchangeRate,#/components/schemas/STRReport/properties/transactions/items/properties/startingActions/items/properties/details/properties/exchangeRate,#/components/schemas/exchangeRate,1550,6296,False,,action initiale,colonne,"{""type"": ""string"", ""pattern"": ""^\\d{1,17}(\\.\\d{2,10})?$""}"
F0355,STR_VC_DATA,value,$.transactions[].startingActions[].details.virtualCurrencyTransactionIds[],#/components/schemas/STRReport/properties/transactions/items/properties/startingActions/items/properties/details/properties/virtualCurrencyTransactionIds/items,#/components/schemas/string200,1554,6273,True,,action initiale; data_type=TXN_ID,colonne,"{""type"": ""string"", ""minLength"": 0, ""maxLength"": 200}"
F0356,STR_VC_DATA,value,$.transactions[].startingActions[].details.sendingVirtualCurrencyAddresses[],#/components/schemas/STRReport/properties/transactions/items/properties/startingActions/items/properties/details/properties/sendingVirtualCurrencyAddresses/items,#/components/schemas/string200,1558,6273,True,,action initiale; data_type=SENDING_ADDR,colonne,"{""type"": ""string"", ""minLength"": 0, ""maxLength"": 200}"
F0357,STR_VC_DATA,value,$.transactions[].startingActions[].details.receivingVirtualCurrencyAddresses[],#/components/schemas/STRReport/properties/transactions/items/properties/startingActions/items/properties/details/properties/receivingVirtualCurrencyAddresses/items,#/components/schemas/string200,1562,6273,True,,action initiale; data_type=RECEIVING_ADDR,colonne,"{""type"": ""string"", ""minLength"": 0, ""maxLength"": 200}"
F0358,STR_STARTING_ACTION,reference_number,$.transactions[].startingActions[].details.referenceNumber,#/components/schemas/STRReport/properties/transactions/items/properties/startingActions/items/properties/details/properties/referenceNumber,#/components/schemas/string200,1564,6273,False,,action initiale,colonne,"{""type"": ""string"", ""minLength"": 0, ""maxLength"": 200}"
F0359,STR_STARTING_ACTION,ref_number_other,$.transactions[].startingActions[].details.referenceNumberOtherRelatedNumber,#/components/schemas/STRReport/properties/transactions/items/properties/startingActions/items/properties/details/properties/referenceNumberOtherRelatedNumber,#/components/schemas/string200,1566,6273,False,,action initiale,colonne,"{""type"": ""string"", ""minLength"": 0, ""maxLength"": 200}"
F0360,STR_ACCOUNT,fi_number,$.transactions[].startingActions[].details.account.financialInstitutionNumber,#/components/schemas/strAccount/properties/financialInstitutionNumber,#/components/schemas/string50,6149,6265,False,,action initiale,colonne,"{""type"": ""string"", ""minLength"": 0, ""maxLength"": 50}"
F0361,STR_ACCOUNT,branch_number,$.transactions[].startingActions[].details.account.branchNumber,#/components/schemas/strAccount/properties/branchNumber,#/components/schemas/string50,6151,6265,False,,action initiale,colonne,"{""type"": ""string"", ""minLength"": 0, ""maxLength"": 50}"
F0362,STR_ACCOUNT,number,$.transactions[].startingActions[].details.account.number,#/components/schemas/strAccount/properties/number,#/components/schemas/string100,6153,6269,False,,action initiale,colonne,"{""type"": ""string"", ""minLength"": 0, ""maxLength"": 100}"
F0363,STR_ACCOUNT,type_code,$.transactions[].startingActions[].details.account.typeCode,#/components/schemas/strAccount/properties/typeCode,#/components/schemas/strAccount/properties/typeCode,6155,6155,False,,action initiale,colonne,"{""type"": ""integer"", ""enum"": [1, 2, 3, 4, 5]}"
F0364,STR_ACCOUNT,type_other,$.transactions[].startingActions[].details.account.typeOther,#/components/schemas/strAccount/properties/typeOther,#/components/schemas/string200,6169,6273,False,,action initiale,colonne,"{""type"": ""string"", ""minLength"": 0, ""maxLength"": 200}"
F0365,STR_ACCOUNT,currency_code,$.transactions[].startingActions[].details.account.currencyCode,#/components/schemas/strAccount/properties/currencyCode,#/components/schemas/CurrencyCode,6171,4057,False,,action initiale,colonne,"{""type"": ""string"", ""enum"": [""CAD"", ""USD"", ""ADP"", ""AED"", ""AFA"", ""AFN"", ""ALL"", ""AMD"", ""AOA"", ""AOK"", ""AON"", ""ARP"", ""ARS"", ""ATS"", ""AUD"", ""AWF"", ""AWG"", ""AZM"", ""AZN"", ""BAK"", ""BAM"", ""BBD"", ""BDT"", ""BEC"", ""BEF"", ""BEL"", ""BGL"", ""BGN"", ""BHD"", ""BIF"", ""BMD"", ""BND"", ""BOB"", ""BOP"", ""BOV"", ""BRC"", ""BRL"", ""BSD"", ""BTN"", ""BTR"", ""BUK"", ""BWP"", ""BYN"", ""BYR"", ""BZD"", ""CDF"", ""CDZ"", ""CHE"", ""CHF"", ""CHW"", ""CLF"", ""CLP"", ""CNY"", ""COP"", ""COU"", ""CRC"", ""CSD"", ""CSK"", ""CUC"", ""CUP"", ""CVE"", ""CYP"", ""CZK"", ""DDM"", ""DEM"", ""DJF"", ""DKK"", ""DOP"", ""DZD"", ""ECS"", ""EEK"", ""EGP"", ""ERN"", ""ESP"", ""ETB"", ""EUR"", ""FIM"", ""FJD"", ""FKP"", ""FRF"", ""GBP"", ""GEL"", ""GHC"", ""GHS"", ""GIP"", ""GMD"", ""GNF"", ""GNS"", ""GQE"", ""GRD"", ""GTQ"", ""GWP"", ""GYD"", ""HKD"", ""HNL"", ""HRK"", ""HTG"", ""HUF"", ""IDR"", ""IEP"", ""ILS"", ""INR"", ""IQD"", ""IRR"", ""ISK"", ""ITL"", ""JMD"", ""JOD"", ""JPY"", ""KES"", ""KGS"", ""KHR"", ""KMF"", ""KPW"", ""KRW"", ""KWD"", ""KYD"", ""KZT"", ""LAK"", ""LBP"", ""LKR"", ""LRD"", ""LSL"", ""LSM"", ""LTL"", ""LUF"", ""LVL"", ""LYD"", ""MAD"", ""MDL"", ""MGA"", ""MGF"", ""MKD"", ""MLF"", ""MMK"", ""MNT"", ""MOP"", ""MRO"", ""MRU"", ""MTL"", ""MTP"", ""MUR"", ""MVR"", ""MWK"", ""MXN"", ""MXP"", ""MXV"", ""MYR"", ""MZM"", ""MZN"", ""NAD"", ""NGN"", ""NIC"", ""NIO"", ""NLG"", ""NOK"", ""NPR"", ""NZD"", ""OMR"", ""PAB"", ""PEN"", ""PES"", ""PGK"", ""PHP"", ""PKR"", ""PLN"", ""PLZ"", ""PTE"", ""PYG"", ""QAR"", ""ROL"", ""RON"", ""RSD"", ""RUB"", ""RUR"", ""RWF"", ""SAR"", ""SBD"", ""SBL"", ""SCR"", ""SDD"", ""SDG"", ""SDP"", ""SEK"", ""SGD"", ""SHP"", ""SIT"", ""SKK"", ""SLE"", ""SLL"", ""SOS"", ""SRD"", ""SRG"", ""SSP"", ""STD"", ""STN"", ""SUR"", ""SVC"", ""SYP"", ""SZL"", ""THB"", ""TJR"", ""TJS"", ""TMM"", ""TMT"", ""TND"", ""TOP"", ""TPE"", ""TRL"", ""TRY"", ""TTD"", ""TWD"", ""TZS"", ""UAH"", ""UGS"", ""UGX"", ""USN"", ""USS"", ""UYI"", ""UYP"", ""UYU"", ""UYW"", ""UZS"", ""VEB"", ""VEF"", ""VES"", ""VND"", ""VUV"", ""WST"", ""XAF"", ""XAG"", ""XAU"", ""XBA"", ""XBB"", ""XBC"", ""XBD"", ""XBT"", ""XCD"", ""XCG"", ""XDR"", ""XEU"", ""XFO"", ""XFU"", ""XOF"", ""XPD"", ""XPF"", ""XPT"", ""XSU"", ""XXX"", ""YDD"", ""YER"", ""YUD"", ""YUM"", ""YUN"", ""ZAL"", ""ZAR"", ""ZMK"", ""ZMW"", ""ZWD"", ""ZWL"", ""ZZZ""]}"
F0366,STR_ACCOUNT,vc_type_code,$.transactions[].startingActions[].details.account.virtualCurrencyTypeCode,#/components/schemas/strAccount/properties/virtualCurrencyTypeCode,#/components/schemas/VirtualCurrencyCode,6173,2981,False,,action initiale,colonne,"{""type"": ""string"", ""enum"": [""1INCH"", ""AAVE"", ""ABBC"", ""ADA"", ""ADX"", ""AE"", ""AERGO"", ""AGI"", ""AGVC"", ""AIB"", ""AION"", ""AKRO"", ""ALGO"", ""AMO"", ""AMP"", ""AMPL"", ""ANC"", ""ANCT"", ""ANKR"", ""ANT"", ""AOA"", ""APL"", ""APM"", ""AR"", ""ARDR"", ""ARK"", ""ARPA"", ""ARRR"", ""AST"", ""ATOM"", ""ATT"", ""AUDIO"", ""AVA"", ""AVAX"", ""AXC"", ""AXEL"", ""AXS"", ""B2B"", ""BAL"", ""BAND"", ""BASIC"", ""BASID"", ""BAT"", ""BCD"", ""BCH"", ""BCN"", ""BCZERO"", ""BDCC"", ""BDX"", ""BEAM"", ""BEL"", ""BHAO"", ""BHD"", ""BHP"", ""BHT"", ""BICO"", ""BIGONE"", ""BIKI"", ""BLCT"", ""BLOCK"", ""BLZ"", ""BNANA"", ""BNB"", ""BNK"", ""BNT"", ""BOA"", ""BONO"", ""BORA"", ""BOT"", ""BOTX"", ""BPS"", ""BRC"", ""BRG"", ""BRZE"", ""BSV"", ""BTC"", ""BTC2"", ""BTCB"", ""BTG"", ""BTM"", ""BTMX"", ""BTRS"", ""BTS"", ""BTT"", ""BTU"", ""BUSD"", ""BWF"", ""BXK"", ""BZ"", ""BZRX"", ""C20"", ""CADC"", ""CAKE"", ""CCA"", ""CCXX"", ""CEL"", ""CELO"", ""CELR"", ""CENNZ"", ""CHR"", ""CHSB"", ""CHZ"", ""CIPHC"", ""CIX100"", ""CKB"", ""CND"", ""CNX"", ""COCOS"", ""COMP"", ""CON"", ""CORE"", ""COS"", ""COTI"", ""CRE"", ""CRO"", ""CRPT"", ""CRV"", ""CTC"", ""CTCN"", ""CTK"", ""CTSI"", ""CTXC"", ""CUSD"", ""CVA"", ""CVC"", ""CVNT"", ""CVT"", ""CVX"", ""DAC"", ""DAD"", ""DAG"", ""DAI"", ""DASH"", ""DATA"", ""DCR"", ""DCY"", ""DEC"", ""DENT"", ""DFI"", ""DGB"", ""DGD"", ""DGTX"", ""DIA"", ""DIP"", ""DIVI"", ""DMCH"", ""DMG"", ""DNA"", ""DNT"", ""DOGE"", ""DOT"", ""DREP"", ""DRGN"", ""DRS"", ""DTR"", ""DUSK"", ""DX"", ""ECOREAL"", ""EDC"", ""EGLD"", ""ELA"", ""ELF"", ""ELON"", ""EMC2"", ""ENG"", ""ENJ"", ""ENS"", ""EOS"", ""ERC20"", ""ERG"", ""ETC"", ""ETH"", ""ETN"", ""EUM"", ""EURS"", ""EVN"", ""EVR"", ""EWT"", ""FAB"", ""FARM"", ""FET"", ""FIL"", ""FLG"", ""FLM"", ""FLOW"", ""FNB"", ""FSN"", ""FST"", ""FTM"", ""FTT"", ""FUN"", ""FX"", ""FXC"", ""GALA"", ""GARD"", ""GAS"", ""GBYTE"", ""GLEEC"", ""GNO"", ""GNT"", ""GRIN"", ""GRN"", ""GRS"", ""GRT"", ""GT"", ""GUSD"", ""GXC"", ""HBAR"", ""HBTC"", ""HC"", ""HEDG"", ""HEX"", ""HIVE"", ""HMR"", ""HNC"", ""HNS"", ""HNT"", ""HOD"", ""HOT"", ""HPT"", ""HSN"", ""HT"", ""HUSD"", ""HXRO"", ""HYN"", ""ICH"", ""ICP"", ""ICX"", ""IDEX"", ""IGNIS"", ""IHF"", ""ILV"", ""IMX"", ""INB"", ""INJ"", ""INO"", ""INSTAR"", ""IOST"", ""IOTX"", ""IPX"", ""IQ"", ""IRIS"", ""IZE"", ""JST"", ""JUL"", ""JWL"", ""KAI"", ""KAN"", ""KAVA"", ""KBC"", ""KCASH"", ""KCS"", ""KDA"", ""KDAG"", ""KEEP"", ""KIN"", ""KLAY"", ""KMD"", ""KNC"", ""KP3R"", ""KRT"", ""KSM"", ""LA"", ""LAMB"", ""LBC"", ""LCX"", ""LEO"", ""LEVL"", ""LINK"", ""LOKI"", ""LOOM"", ""LPT"", ""LRC"", ""LRG"", ""LSK"", ""LTC"", ""LTO"", ""LUNA"", ""LVX"", ""MAID"", ""MANA"", ""MASS"", ""MATH"", ""MATIC"", ""MBL"", ""MBN"", ""MCO"", ""MDA"", ""MED"", ""MFT"", ""MIN"", ""MIOTA"", ""MKR"", ""MLK"", ""MLN"", ""MOF"", ""MONA"", ""MRPH"", ""MTA"", ""MTC"", ""MTL"", ""MTXLT"", ""MUSD"", ""MVL"", ""MWC"", ""MX"", ""MXC"", ""NANO"", ""NAS"", ""NEAR"", ""NEC"", ""NEO"", ""NEST"", ""NEX"", ""NEXO"", ""NEXXO"", ""NIM"", ""NKN"", ""NMR"", ""NOIA"", ""NPXS"", ""NRG"", ""NU"", ""NULS"", ""NUT"", ""NVT"", ""NWC"", ""NXM"", ""NXS"", ""NYE"", ""OCEAN"", ""OCTO"", ""OGN"", ""OKB"", ""OMG"", ""ONE"", ""ONOT"", ""ONT"", ""ORBS"", ""ORC"", ""ORN"", ""OTH"", ""OXT"", ""PAI"", ""PAX"", ""PAXG"", ""PCN"", ""PCX"", ""PERL"", ""PERP"", ""PHA"", ""PIVX"", ""PLC"", ""PLF"", ""PNK"", ""POLS"", ""POLY"", ""POWR"", ""PPT"", ""PROM"", ""PRQ"", ""PZM"", ""QASH"", ""QC"", ""QKC"", ""QNT"", ""QQQ"", ""QRK"", ""QRL"", ""QSP"", ""QTUM"", ""RCHAINREV"", ""RCN"", ""RDD"", ""RDN"", ""REN"", ""RENBTC"", ""REP"", ""REPO"", ""REQ"", ""REV"", ""RIF"", ""RING"", ""RKN"", ""RLC"", ""RNDR"", ""ROSE"", ""RPL"", ""RSR"", ""RUNE"", ""RVN"", ""S4F"", ""SAFE"", ""SAND"", ""SAPP"", ""SC"", ""SCC"", ""SCRT"", ""SEELE"", ""SERO"", ""SFP"", ""SHIB"", ""SHPING"", ""SHR"", ""SLS"", ""SNB"", ""SNL"", ""SNT"", ""SNTVT"", ""SNX"", ""SOL"", ""SOLO"", ""SOLVE"", ""SPND"", ""SRM"", ""STAKE"", ""STEEM"", ""STMX"", ""STORJ"", ""STP"", ""STPT"", ""STRAT"", ""STRONG"", ""STX"", ""SUKU"", ""SUN"", ""SUSD"", ""SUSHI"", ""SWAP"", ""SWINGBY"", ""SWTH"", ""SXP"", ""SYS"", ""TCAD"", ""TEL"", ""TFUEL"", ""THETA"", ""THR"", ""THX"", ""TITAN"", ""TMTG"", ""TNC"", ""TOMO"", ""TONIC"", ""TRAC"", ""TRAT"", ""TRB"", ""TROY"", ""TRUE"", ""TRX"", ""TSHP"", ""TT"", ""TTT"", ""TUSD"", ""TWT"", ""UBT"", ""ULT"", ""UMA"", ""UNI"", ""UNICOIN"", ""UNO"", ""UOS"", ""UQC"", ""USDC"", ""USDJ"", ""USDK"", ""USDN"", ""USDP"", ""USDT"", ""UST"", ""UTK"", ""VEST"", ""VET"", ""VGX"", ""VIDT"", ""VITAE"", ""VLX"", ""VRSC"", ""VSYS"", ""VTHO"", ""VVS"", ""WAN"", ""WAVES"", ""WAXP"", ""WBNB"", ""WBTC"", ""WET"", ""WICC"", ""WIN"", ""WIX"", ""WOM"", ""WRX"", ""WTC"", ""WXT"", ""XCM"", ""XDC"", ""XEC"", ""XEM"", ""XHV"", ""XIN"", ""XLM"", ""XLT"", ""XMR"", ""XNC"", ""XOR"", ""XPR"", ""XRP"", ""XSN"", ""XSR"", ""XT"", ""XTP"", ""XTZ"", ""XVG"", ""XVS"", ""XWC"", ""XYM"", ""XYO"", ""XZC"", ""YEP"", ""YF-DAI"", ""YFI"", ""YFII"", ""YFL"", ""YGG"", ""YUSRA"", ""ZAP"", ""ZB"", ""ZCN"", ""ZEC"", ""ZEN"", ""ZIL"", ""ZLW"", ""ZNN"", ""ZRX"", ""ZT"", ""ZYN""]}"
F0367,STR_ACCOUNT,vc_type_other,$.transactions[].startingActions[].details.account.virtualCurrencyTypeOther,#/components/schemas/strAccount/properties/virtualCurrencyTypeOther,#/components/schemas/string200,6175,6273,False,,action initiale,colonne,"{""type"": ""string"", ""minLength"": 0, ""maxLength"": 200}"
F0368,STR_ACCOUNT,date_opened,$.transactions[].startingActions[].details.account.dateOpened,#/components/schemas/strAccount/properties/dateOpened,#/components/schemas/localDate,6177,6303,False,,action initiale,colonne,"{""type"": ""string"", ""pattern"": ""^[0-9]{4}-[0-9]{2}-[0-9]{2}$""}"
F0369,STR_ACCOUNT,date_closed,$.transactions[].startingActions[].details.account.dateClosed,#/components/schemas/strAccount/properties/dateClosed,#/components/schemas/localDate,6179,6303,False,,action initiale,colonne,"{""type"": ""string"", ""pattern"": ""^[0-9]{4}-[0-9]{2}-[0-9]{2}$""}"
F0370,STR_ACCOUNT_HOLDER,type_code,$.transactions[].startingActions[].details.account.holders[].typeCode,#/components/schemas/strAccount/properties/holders/items/properties/typeCode,#/components/schemas/definitionType12,6187,6512,True,,action initiale,colonne,"{""type"": ""integer"", ""enum"": [1, 2]}"
F0371,STR_ACCOUNT_HOLDER,ref_id,$.transactions[].startingActions[].details.account.holders[].refId,#/components/schemas/strAccount/properties/holders/items/properties/refId,#/components/schemas/refId,6189,6309,True,,action initiale,colonne,"{""type"": ""string"", ""pattern"": ""^[A-Za-z0-9-_]{1,50}$""}"
F0372,STR_STARTING_ACTION,account_status_code,$.transactions[].startingActions[].details.accountStatusAtTimeOfTransaction,#/components/schemas/STRReport/properties/transactions/items/properties/startingActions/items/properties/details/properties/accountStatusAtTimeOfTransaction,#/components/schemas/accountStatusAtTimeOfTransaction,1570,6466,False,,action initiale,colonne,"{""type"": ""integer"", ""enum"": [1, 2, 3, 4]}"
F0373,STR_STARTING_ACTION,how_funds_obtained,$.transactions[].startingActions[].details.howFundsOrVirtualCurrencyObtained,#/components/schemas/STRReport/properties/transactions/items/properties/startingActions/items/properties/details/properties/howFundsOrVirtualCurrencyObtained,#/components/schemas/string200,1572,6273,False,,action initiale,colonne,"{""type"": ""string"", ""minLength"": 0, ""maxLength"": 200}"
F0374,STR_STARTING_ACTION,source_funds_indicator,$.transactions[].startingActions[].details.sourcesOfFundsOrVirtualCurrencyIndicator,#/components/schemas/STRReport/properties/transactions/items/properties/startingActions/items/properties/details/properties/sourcesOfFundsOrVirtualCurrencyIndicator,#/components/schemas/STRReport/properties/transactions/items/properties/startingActions/items/properties/details/properties/sourcesOfFundsOrVirtualCurrencyIndicator,1574,1574,False,,action initiale,colonne,"{""type"": ""boolean""}"
F0375,STR_STARTING_ACTION,conductor_indicator,$.transactions[].startingActions[].details.conductorIndicator,#/components/schemas/STRReport/properties/transactions/items/properties/startingActions/items/properties/details/properties/conductorIndicator,#/components/schemas/STRReport/properties/transactions/items/properties/startingActions/items/properties/details/properties/conductorIndicator,1576,1576,False,,action initiale,colonne,"{""type"": ""boolean""}"
F0376,STR_SOURCE_OF_FUNDS,type_code,$.transactions[].startingActions[].sourcesOfFundsOrVirtualCurrency[].typeCode,#/components/schemas/STRReport/properties/transactions/items/properties/startingActions/items/properties/sourcesOfFundsOrVirtualCurrency/items/properties/typeCode,#/components/schemas/definitionType12,1588,6512,True,,action initiale,colonne,"{""type"": ""integer"", ""enum"": [1, 2]}"
F0377,STR_SOURCE_OF_FUNDS,ref_id,$.transactions[].startingActions[].sourcesOfFundsOrVirtualCurrency[].refId,#/components/schemas/STRReport/properties/transactions/items/properties/startingActions/items/properties/sourcesOfFundsOrVirtualCurrency/items/properties/refId,#/components/schemas/refId,1590,6309,True,,action initiale,colonne,"{""type"": ""string"", ""pattern"": ""^[A-Za-z0-9-_]{1,50}$""}"
F0378,STR_SOURCE_OF_FUNDS,account_number,$.transactions[].startingActions[].sourcesOfFundsOrVirtualCurrency[].details.accountNumber,#/components/schemas/STRReport/properties/transactions/items/properties/startingActions/items/properties/sourcesOfFundsOrVirtualCurrency/items/properties/details/properties/accountNumber,#/components/schemas/string200,1596,6273,False,,action initiale,colonne,"{""type"": ""string"", ""minLength"": 0, ""maxLength"": 200}"
F0379,STR_SOURCE_OF_FUNDS,policy_number,$.transactions[].startingActions[].sourcesOfFundsOrVirtualCurrency[].details.policyNumber,#/components/schemas/STRReport/properties/transactions/items/properties/startingActions/items/properties/sourcesOfFundsOrVirtualCurrency/items/properties/details/properties/policyNumber,#/components/schemas/string100,1598,6269,False,,action initiale,colonne,"{""type"": ""string"", ""minLength"": 0, ""maxLength"": 100}"
F0380,STR_SOURCE_OF_FUNDS,identifying_number,$.transactions[].startingActions[].sourcesOfFundsOrVirtualCurrency[].details.identifyingNumber,#/components/schemas/STRReport/properties/transactions/items/properties/startingActions/items/properties/sourcesOfFundsOrVirtualCurrency/items/properties/details/properties/identifyingNumber,#/components/schemas/string100,1600,6269,False,,action initiale,colonne,"{""type"": ""string"", ""minLength"": 0, ""maxLength"": 100}"
F0381,STR_CONDUCTOR,type_code,$.transactions[].startingActions[].conductors[].typeCode,#/components/schemas/STRReport/properties/transactions/items/properties/startingActions/items/properties/conductors/items/properties/typeCode,#/components/schemas/definitionType56,1611,6528,True,,action initiale,colonne,"{""type"": ""integer"", ""enum"": [5, 6]}"
F0382,STR_CONDUCTOR,ref_id,$.transactions[].startingActions[].conductors[].refId,#/components/schemas/STRReport/properties/transactions/items/properties/startingActions/items/properties/conductors/items/properties/refId,#/components/schemas/refId,1613,6309,True,,action initiale,colonne,"{""type"": ""string"", ""pattern"": ""^[A-Za-z0-9-_]{1,50}$""}"
F0383,STR_CONDUCTOR,client_number,$.transactions[].startingActions[].conductors[].details.clientNumber,#/components/schemas/STRReport/properties/transactions/items/properties/startingActions/items/properties/conductors/items/properties/details/properties/clientNumber,#/components/schemas/string100,1619,6269,False,,action initiale,colonne,"{""type"": ""string"", ""minLength"": 0, ""maxLength"": 100}"
F0384,STR_CONDUCTOR,email_address,$.transactions[].startingActions[].conductors[].details.emailAddress,#/components/schemas/STRReport/properties/transactions/items/properties/startingActions/items/properties/conductors/items/properties/details/properties/emailAddress,#/components/schemas/string200,1621,6273,False,,action initiale,colonne,"{""type"": ""string"", ""minLength"": 0, ""maxLength"": 200}"
F0385,STR_CONDUCTOR,url,$.transactions[].startingActions[].conductors[].details.url,#/components/schemas/STRReport/properties/transactions/items/properties/startingActions/items/properties/conductors/items/properties/details/properties/url,#/components/schemas/string200,1623,6273,False,,action initiale,colonne,"{""type"": ""string"", ""minLength"": 0, ""maxLength"": 200}"
F0386,STR_CONDUCTOR,device_type_code,$.transactions[].startingActions[].conductors[].details.typeOfDeviceCode,#/components/schemas/STRReport/properties/transactions/items/properties/startingActions/items/properties/conductors/items/properties/details/properties/typeOfDeviceCode,#/components/schemas/typeOfDeviceCode,1625,6709,False,,action initiale,colonne,"{""type"": ""integer"", ""enum"": [1, 2, 3, 4]}"
F0387,STR_CONDUCTOR,device_type_other,$.transactions[].startingActions[].conductors[].details.typeOfDeviceOther,#/components/schemas/STRReport/properties/transactions/items/properties/startingActions/items/properties/conductors/items/properties/details/properties/typeOfDeviceOther,#/components/schemas/string200,1627,6273,False,,action initiale,colonne,"{""type"": ""string"", ""minLength"": 0, ""maxLength"": 200}"
F0388,STR_CONDUCTOR,username,$.transactions[].startingActions[].conductors[].details.username,#/components/schemas/STRReport/properties/transactions/items/properties/startingActions/items/properties/conductors/items/properties/details/properties/username,#/components/schemas/string100,1629,6269,False,,action initiale,colonne,"{""type"": ""string"", ""minLength"": 0, ""maxLength"": 100}"
F0389,STR_CONDUCTOR,device_id_number,$.transactions[].startingActions[].conductors[].details.deviceIdentifierNumber,#/components/schemas/STRReport/properties/transactions/items/properties/startingActions/items/properties/conductors/items/properties/details/properties/deviceIdentifierNumber,#/components/schemas/string200,1631,6273,False,,action initiale,colonne,"{""type"": ""string"", ""minLength"": 0, ""maxLength"": 200}"
F0390,STR_CONDUCTOR,ip_address,$.transactions[].startingActions[].conductors[].details.internetProtocolAddress,#/components/schemas/STRReport/properties/transactions/items/properties/startingActions/items/properties/conductors/items/properties/details/properties/internetProtocolAddress,#/components/schemas/string200,1633,6273,False,,action initiale,colonne,"{""type"": ""string"", ""minLength"": 0, ""maxLength"": 200}"
F0391,STR_CONDUCTOR,online_session_datetime,$.transactions[].startingActions[].conductors[].details.dateTimeOfOnlineSession,#/components/schemas/STRReport/properties/transactions/items/properties/startingActions/items/properties/conductors/items/properties/details/properties/dateTimeOfOnlineSession,#/components/schemas/zonedDateTime,1635,6300,False,,action initiale,colonne,"{""type"": ""string"", ""pattern"": ""^[0-9]{4}-[0-9]{2}-[0-9]{2}T[0-9]{2}:[0-9]{2}:[0-9]{2}[\\-\\+][0-9]{2}:[0-9]{2}$""}"
F0392,STR_CONDUCTOR,on_behalf_of_indicator,$.transactions[].startingActions[].conductors[].details.onBehalfOfIndicator,#/components/schemas/STRReport/properties/transactions/items/properties/startingActions/items/properties/conductors/items/properties/details/properties/onBehalfOfIndicator,#/components/schemas/STRReport/properties/transactions/items/properties/startingActions/items/properties/conductors/items/properties/details/properties/onBehalfOfIndicator,1637,1637,False,,action initiale,colonne,"{""type"": ""boolean""}"
F0393,STR_ON_BEHALF_OF,type_code,$.transactions[].startingActions[].conductors[].onBehalfOfs[].typeCode,#/components/schemas/STRReport/properties/transactions/items/properties/startingActions/items/properties/conductors/items/properties/onBehalfOfs/items/properties/typeCode,#/components/schemas/definitionType56,1645,6528,True,,action initiale,colonne,"{""type"": ""integer"", ""enum"": [5, 6]}"
F0394,STR_ON_BEHALF_OF,ref_id,$.transactions[].startingActions[].conductors[].onBehalfOfs[].refId,#/components/schemas/STRReport/properties/transactions/items/properties/startingActions/items/properties/conductors/items/properties/onBehalfOfs/items/properties/refId,#/components/schemas/refId,1647,6309,True,,action initiale,colonne,"{""type"": ""string"", ""pattern"": ""^[A-Za-z0-9-_]{1,50}$""}"
F0395,STR_ON_BEHALF_OF,client_number,$.transactions[].startingActions[].conductors[].onBehalfOfs[].details.clientNumber,#/components/schemas/STRReport/properties/transactions/items/properties/startingActions/items/properties/conductors/items/properties/onBehalfOfs/items/properties/details/properties/clientNumber,#/components/schemas/string100,1653,6269,False,,action initiale,colonne,"{""type"": ""string"", ""minLength"": 0, ""maxLength"": 100}"
F0396,STR_ON_BEHALF_OF,email_address,$.transactions[].startingActions[].conductors[].onBehalfOfs[].details.emailAddress,#/components/schemas/STRReport/properties/transactions/items/properties/startingActions/items/properties/conductors/items/properties/onBehalfOfs/items/properties/details/properties/emailAddress,#/components/schemas/string200,1655,6273,False,,action initiale,colonne,"{""type"": ""string"", ""minLength"": 0, ""maxLength"": 200}"
F0397,STR_ON_BEHALF_OF,url,$.transactions[].startingActions[].conductors[].onBehalfOfs[].details.url,#/components/schemas/STRReport/properties/transactions/items/properties/startingActions/items/properties/conductors/items/properties/onBehalfOfs/items/properties/details/properties/url,#/components/schemas/string200,1657,6273,False,,action initiale,colonne,"{""type"": ""string"", ""minLength"": 0, ""maxLength"": 200}"
F0398,STR_ON_BEHALF_OF,relationship_code,$.transactions[].startingActions[].conductors[].onBehalfOfs[].details.relationshipOfConductorCode,#/components/schemas/STRReport/properties/transactions/items/properties/startingActions/items/properties/conductors/items/properties/onBehalfOfs/items/properties/details/properties/relationshipOfConductorCode,#/components/schemas/relationshipOfConductorCodeWithVendor,1659,6751,False,,action initiale,colonne,"{""type"": ""integer"", ""enum"": [1, 2, 3, 4, 5, 6, 7, 8, 9, 10, 11, 12, 13, 14]}"
F0399,STR_ON_BEHALF_OF,relationship_other,$.transactions[].startingActions[].conductors[].onBehalfOfs[].details.relationshipOfConductorOther,#/components/schemas/STRReport/properties/transactions/items/properties/startingActions/items/properties/conductors/items/properties/onBehalfOfs/items/properties/details/properties/relationshipOfConductorOther,#/components/schemas/string200,1661,6273,False,,action initiale,colonne,"{""type"": ""string"", ""minLength"": 0, ""maxLength"": 200}"
F0400,STR_COMPLETING_ACTION,disposition_code,$.transactions[].completingActions[].details.dispositionCode,#/components/schemas/STRReport/properties/transactions/items/properties/completingActions/items/properties/details/properties/dispositionCode,#/components/schemas/STRReport/properties/transactions/items/properties/completingActions/items/properties/details/properties/dispositionCode,1685,1685,False,,action finale,colonne,"{""type"": ""integer"", ""enum"": [1, 3, 4, 5, 6, 7, 8, 9, 10, 11, 14, 15, 17, 18, 19, 20, 21, 22, 23, 24, 25, 26, 27, 28, 29, 30, 31, 32]}"
F0401,STR_COMPLETING_ACTION,disposition_other,$.transactions[].completingActions[].details.dispositionOther,#/components/schemas/STRReport/properties/transactions/items/properties/completingActions/items/properties/details/properties/dispositionOther,#/components/schemas/string200,1745,6273,False,,action finale,colonne,"{""type"": ""string"", ""minLength"": 0, ""maxLength"": 200}"
F0402,STR_COMPLETING_ACTION,amount,$.transactions[].completingActions[].details.amount,#/components/schemas/STRReport/properties/transactions/items/properties/completingActions/items/properties/details/properties/amount,#/components/schemas/currencyAmount,1747,6293,False,,action finale,colonne,"{""type"": ""string"", ""pattern"": ""^\\d{1,17}(\\.\\d{2,10})?$""}"
F0403,STR_COMPLETING_ACTION,currency_code,$.transactions[].completingActions[].details.currencyCode,#/components/schemas/STRReport/properties/transactions/items/properties/completingActions/items/properties/details/properties/currencyCode,#/components/schemas/CurrencyCode,1749,4057,False,,action finale,colonne,"{""type"": ""string"", ""enum"": [""CAD"", ""USD"", ""ADP"", ""AED"", ""AFA"", ""AFN"", ""ALL"", ""AMD"", ""AOA"", ""AOK"", ""AON"", ""ARP"", ""ARS"", ""ATS"", ""AUD"", ""AWF"", ""AWG"", ""AZM"", ""AZN"", ""BAK"", ""BAM"", ""BBD"", ""BDT"", ""BEC"", ""BEF"", ""BEL"", ""BGL"", ""BGN"", ""BHD"", ""BIF"", ""BMD"", ""BND"", ""BOB"", ""BOP"", ""BOV"", ""BRC"", ""BRL"", ""BSD"", ""BTN"", ""BTR"", ""BUK"", ""BWP"", ""BYN"", ""BYR"", ""BZD"", ""CDF"", ""CDZ"", ""CHE"", ""CHF"", ""CHW"", ""CLF"", ""CLP"", ""CNY"", ""COP"", ""COU"", ""CRC"", ""CSD"", ""CSK"", ""CUC"", ""CUP"", ""CVE"", ""CYP"", ""CZK"", ""DDM"", ""DEM"", ""DJF"", ""DKK"", ""DOP"", ""DZD"", ""ECS"", ""EEK"", ""EGP"", ""ERN"", ""ESP"", ""ETB"", ""EUR"", ""FIM"", ""FJD"", ""FKP"", ""FRF"", ""GBP"", ""GEL"", ""GHC"", ""GHS"", ""GIP"", ""GMD"", ""GNF"", ""GNS"", ""GQE"", ""GRD"", ""GTQ"", ""GWP"", ""GYD"", ""HKD"", ""HNL"", ""HRK"", ""HTG"", ""HUF"", ""IDR"", ""IEP"", ""ILS"", ""INR"", ""IQD"", ""IRR"", ""ISK"", ""ITL"", ""JMD"", ""JOD"", ""JPY"", ""KES"", ""KGS"", ""KHR"", ""KMF"", ""KPW"", ""KRW"", ""KWD"", ""KYD"", ""KZT"", ""LAK"", ""LBP"", ""LKR"", ""LRD"", ""LSL"", ""LSM"", ""LTL"", ""LUF"", ""LVL"", ""LYD"", ""MAD"", ""MDL"", ""MGA"", ""MGF"", ""MKD"", ""MLF"", ""MMK"", ""MNT"", ""MOP"", ""MRO"", ""MRU"", ""MTL"", ""MTP"", ""MUR"", ""MVR"", ""MWK"", ""MXN"", ""MXP"", ""MXV"", ""MYR"", ""MZM"", ""MZN"", ""NAD"", ""NGN"", ""NIC"", ""NIO"", ""NLG"", ""NOK"", ""NPR"", ""NZD"", ""OMR"", ""PAB"", ""PEN"", ""PES"", ""PGK"", ""PHP"", ""PKR"", ""PLN"", ""PLZ"", ""PTE"", ""PYG"", ""QAR"", ""ROL"", ""RON"", ""RSD"", ""RUB"", ""RUR"", ""RWF"", ""SAR"", ""SBD"", ""SBL"", ""SCR"", ""SDD"", ""SDG"", ""SDP"", ""SEK"", ""SGD"", ""SHP"", ""SIT"", ""SKK"", ""SLE"", ""SLL"", ""SOS"", ""SRD"", ""SRG"", ""SSP"", ""STD"", ""STN"", ""SUR"", ""SVC"", ""SYP"", ""SZL"", ""THB"", ""TJR"", ""TJS"", ""TMM"", ""TMT"", ""TND"", ""TOP"", ""TPE"", ""TRL"", ""TRY"", ""TTD"", ""TWD"", ""TZS"", ""UAH"", ""UGS"", ""UGX"", ""USN"", ""USS"", ""UYI"", ""UYP"", ""UYU"", ""UYW"", ""UZS"", ""VEB"", ""VEF"", ""VES"", ""VND"", ""VUV"", ""WST"", ""XAF"", ""XAG"", ""XAU"", ""XBA"", ""XBB"", ""XBC"", ""XBD"", ""XBT"", ""XCD"", ""XCG"", ""XDR"", ""XEU"", ""XFO"", ""XFU"", ""XOF"", ""XPD"", ""XPF"", ""XPT"", ""XSU"", ""XXX"", ""YDD"", ""YER"", ""YUD"", ""YUM"", ""YUN"", ""ZAL"", ""ZAR"", ""ZMK"", ""ZMW"", ""ZWD"", ""ZWL"", ""ZZZ""]}"
F0404,STR_COMPLETING_ACTION,vc_type_code,$.transactions[].completingActions[].details.virtualCurrencyTypeCode,#/components/schemas/STRReport/properties/transactions/items/properties/completingActions/items/properties/details/properties/virtualCurrencyTypeCode,#/components/schemas/VirtualCurrencyCode,1751,2981,False,,action finale,colonne,"{""type"": ""string"", ""enum"": [""1INCH"", ""AAVE"", ""ABBC"", ""ADA"", ""ADX"", ""AE"", ""AERGO"", ""AGI"", ""AGVC"", ""AIB"", ""AION"", ""AKRO"", ""ALGO"", ""AMO"", ""AMP"", ""AMPL"", ""ANC"", ""ANCT"", ""ANKR"", ""ANT"", ""AOA"", ""APL"", ""APM"", ""AR"", ""ARDR"", ""ARK"", ""ARPA"", ""ARRR"", ""AST"", ""ATOM"", ""ATT"", ""AUDIO"", ""AVA"", ""AVAX"", ""AXC"", ""AXEL"", ""AXS"", ""B2B"", ""BAL"", ""BAND"", ""BASIC"", ""BASID"", ""BAT"", ""BCD"", ""BCH"", ""BCN"", ""BCZERO"", ""BDCC"", ""BDX"", ""BEAM"", ""BEL"", ""BHAO"", ""BHD"", ""BHP"", ""BHT"", ""BICO"", ""BIGONE"", ""BIKI"", ""BLCT"", ""BLOCK"", ""BLZ"", ""BNANA"", ""BNB"", ""BNK"", ""BNT"", ""BOA"", ""BONO"", ""BORA"", ""BOT"", ""BOTX"", ""BPS"", ""BRC"", ""BRG"", ""BRZE"", ""BSV"", ""BTC"", ""BTC2"", ""BTCB"", ""BTG"", ""BTM"", ""BTMX"", ""BTRS"", ""BTS"", ""BTT"", ""BTU"", ""BUSD"", ""BWF"", ""BXK"", ""BZ"", ""BZRX"", ""C20"", ""CADC"", ""CAKE"", ""CCA"", ""CCXX"", ""CEL"", ""CELO"", ""CELR"", ""CENNZ"", ""CHR"", ""CHSB"", ""CHZ"", ""CIPHC"", ""CIX100"", ""CKB"", ""CND"", ""CNX"", ""COCOS"", ""COMP"", ""CON"", ""CORE"", ""COS"", ""COTI"", ""CRE"", ""CRO"", ""CRPT"", ""CRV"", ""CTC"", ""CTCN"", ""CTK"", ""CTSI"", ""CTXC"", ""CUSD"", ""CVA"", ""CVC"", ""CVNT"", ""CVT"", ""CVX"", ""DAC"", ""DAD"", ""DAG"", ""DAI"", ""DASH"", ""DATA"", ""DCR"", ""DCY"", ""DEC"", ""DENT"", ""DFI"", ""DGB"", ""DGD"", ""DGTX"", ""DIA"", ""DIP"", ""DIVI"", ""DMCH"", ""DMG"", ""DNA"", ""DNT"", ""DOGE"", ""DOT"", ""DREP"", ""DRGN"", ""DRS"", ""DTR"", ""DUSK"", ""DX"", ""ECOREAL"", ""EDC"", ""EGLD"", ""ELA"", ""ELF"", ""ELON"", ""EMC2"", ""ENG"", ""ENJ"", ""ENS"", ""EOS"", ""ERC20"", ""ERG"", ""ETC"", ""ETH"", ""ETN"", ""EUM"", ""EURS"", ""EVN"", ""EVR"", ""EWT"", ""FAB"", ""FARM"", ""FET"", ""FIL"", ""FLG"", ""FLM"", ""FLOW"", ""FNB"", ""FSN"", ""FST"", ""FTM"", ""FTT"", ""FUN"", ""FX"", ""FXC"", ""GALA"", ""GARD"", ""GAS"", ""GBYTE"", ""GLEEC"", ""GNO"", ""GNT"", ""GRIN"", ""GRN"", ""GRS"", ""GRT"", ""GT"", ""GUSD"", ""GXC"", ""HBAR"", ""HBTC"", ""HC"", ""HEDG"", ""HEX"", ""HIVE"", ""HMR"", ""HNC"", ""HNS"", ""HNT"", ""HOD"", ""HOT"", ""HPT"", ""HSN"", ""HT"", ""HUSD"", ""HXRO"", ""HYN"", ""ICH"", ""ICP"", ""ICX"", ""IDEX"", ""IGNIS"", ""IHF"", ""ILV"", ""IMX"", ""INB"", ""INJ"", ""INO"", ""INSTAR"", ""IOST"", ""IOTX"", ""IPX"", ""IQ"", ""IRIS"", ""IZE"", ""JST"", ""JUL"", ""JWL"", ""KAI"", ""KAN"", ""KAVA"", ""KBC"", ""KCASH"", ""KCS"", ""KDA"", ""KDAG"", ""KEEP"", ""KIN"", ""KLAY"", ""KMD"", ""KNC"", ""KP3R"", ""KRT"", ""KSM"", ""LA"", ""LAMB"", ""LBC"", ""LCX"", ""LEO"", ""LEVL"", ""LINK"", ""LOKI"", ""LOOM"", ""LPT"", ""LRC"", ""LRG"", ""LSK"", ""LTC"", ""LTO"", ""LUNA"", ""LVX"", ""MAID"", ""MANA"", ""MASS"", ""MATH"", ""MATIC"", ""MBL"", ""MBN"", ""MCO"", ""MDA"", ""MED"", ""MFT"", ""MIN"", ""MIOTA"", ""MKR"", ""MLK"", ""MLN"", ""MOF"", ""MONA"", ""MRPH"", ""MTA"", ""MTC"", ""MTL"", ""MTXLT"", ""MUSD"", ""MVL"", ""MWC"", ""MX"", ""MXC"", ""NANO"", ""NAS"", ""NEAR"", ""NEC"", ""NEO"", ""NEST"", ""NEX"", ""NEXO"", ""NEXXO"", ""NIM"", ""NKN"", ""NMR"", ""NOIA"", ""NPXS"", ""NRG"", ""NU"", ""NULS"", ""NUT"", ""NVT"", ""NWC"", ""NXM"", ""NXS"", ""NYE"", ""OCEAN"", ""OCTO"", ""OGN"", ""OKB"", ""OMG"", ""ONE"", ""ONOT"", ""ONT"", ""ORBS"", ""ORC"", ""ORN"", ""OTH"", ""OXT"", ""PAI"", ""PAX"", ""PAXG"", ""PCN"", ""PCX"", ""PERL"", ""PERP"", ""PHA"", ""PIVX"", ""PLC"", ""PLF"", ""PNK"", ""POLS"", ""POLY"", ""POWR"", ""PPT"", ""PROM"", ""PRQ"", ""PZM"", ""QASH"", ""QC"", ""QKC"", ""QNT"", ""QQQ"", ""QRK"", ""QRL"", ""QSP"", ""QTUM"", ""RCHAINREV"", ""RCN"", ""RDD"", ""RDN"", ""REN"", ""RENBTC"", ""REP"", ""REPO"", ""REQ"", ""REV"", ""RIF"", ""RING"", ""RKN"", ""RLC"", ""RNDR"", ""ROSE"", ""RPL"", ""RSR"", ""RUNE"", ""RVN"", ""S4F"", ""SAFE"", ""SAND"", ""SAPP"", ""SC"", ""SCC"", ""SCRT"", ""SEELE"", ""SERO"", ""SFP"", ""SHIB"", ""SHPING"", ""SHR"", ""SLS"", ""SNB"", ""SNL"", ""SNT"", ""SNTVT"", ""SNX"", ""SOL"", ""SOLO"", ""SOLVE"", ""SPND"", ""SRM"", ""STAKE"", ""STEEM"", ""STMX"", ""STORJ"", ""STP"", ""STPT"", ""STRAT"", ""STRONG"", ""STX"", ""SUKU"", ""SUN"", ""SUSD"", ""SUSHI"", ""SWAP"", ""SWINGBY"", ""SWTH"", ""SXP"", ""SYS"", ""TCAD"", ""TEL"", ""TFUEL"", ""THETA"", ""THR"", ""THX"", ""TITAN"", ""TMTG"", ""TNC"", ""TOMO"", ""TONIC"", ""TRAC"", ""TRAT"", ""TRB"", ""TROY"", ""TRUE"", ""TRX"", ""TSHP"", ""TT"", ""TTT"", ""TUSD"", ""TWT"", ""UBT"", ""ULT"", ""UMA"", ""UNI"", ""UNICOIN"", ""UNO"", ""UOS"", ""UQC"", ""USDC"", ""USDJ"", ""USDK"", ""USDN"", ""USDP"", ""USDT"", ""UST"", ""UTK"", ""VEST"", ""VET"", ""VGX"", ""VIDT"", ""VITAE"", ""VLX"", ""VRSC"", ""VSYS"", ""VTHO"", ""VVS"", ""WAN"", ""WAVES"", ""WAXP"", ""WBNB"", ""WBTC"", ""WET"", ""WICC"", ""WIN"", ""WIX"", ""WOM"", ""WRX"", ""WTC"", ""WXT"", ""XCM"", ""XDC"", ""XEC"", ""XEM"", ""XHV"", ""XIN"", ""XLM"", ""XLT"", ""XMR"", ""XNC"", ""XOR"", ""XPR"", ""XRP"", ""XSN"", ""XSR"", ""XT"", ""XTP"", ""XTZ"", ""XVG"", ""XVS"", ""XWC"", ""XYM"", ""XYO"", ""XZC"", ""YEP"", ""YF-DAI"", ""YFI"", ""YFII"", ""YFL"", ""YGG"", ""YUSRA"", ""ZAP"", ""ZB"", ""ZCN"", ""ZEC"", ""ZEN"", ""ZIL"", ""ZLW"", ""ZNN"", ""ZRX"", ""ZT"", ""ZYN""]}"
F0405,STR_COMPLETING_ACTION,vc_type_other,$.transactions[].completingActions[].details.virtualCurrencyTypeOther,#/components/schemas/STRReport/properties/transactions/items/properties/completingActions/items/properties/details/properties/virtualCurrencyTypeOther,#/components/schemas/string200,1753,6273,False,,action finale,colonne,"{""type"": ""string"", ""minLength"": 0, ""maxLength"": 200}"
F0406,STR_COMPLETING_ACTION,exchange_rate,$.transactions[].completingActions[].details.exchangeRate,#/components/schemas/STRReport/properties/transactions/items/properties/completingActions/items/properties/details/properties/exchangeRate,#/components/schemas/exchangeRate,1755,6296,False,,action finale,colonne,"{""type"": ""string"", ""pattern"": ""^\\d{1,17}(\\.\\d{2,10})?$""}"
F0407,STR_COMPLETING_ACTION,value_in_cad,$.transactions[].completingActions[].details.valueInCanadianDollars,#/components/schemas/STRReport/properties/transactions/items/properties/completingActions/items/properties/details/properties/valueInCanadianDollars,#/components/schemas/currencyAmount,1757,6293,False,,action finale,colonne,"{""type"": ""string"", ""pattern"": ""^\\d{1,17}(\\.\\d{2,10})?$""}"
F0408,STR_VC_DATA,value,$.transactions[].completingActions[].details.virtualCurrencyTransactionIds[],#/components/schemas/STRReport/properties/transactions/items/properties/completingActions/items/properties/details/properties/virtualCurrencyTransactionIds/items,#/components/schemas/string200,1761,6273,True,,action finale; data_type=TXN_ID,colonne,"{""type"": ""string"", ""minLength"": 0, ""maxLength"": 200}"
F0409,STR_VC_DATA,value,$.transactions[].completingActions[].details.sendingVirtualCurrencyAddresses[],#/components/schemas/STRReport/properties/transactions/items/properties/completingActions/items/properties/details/properties/sendingVirtualCurrencyAddresses/items,#/components/schemas/string200,1765,6273,True,,action finale; data_type=SENDING_ADDR,colonne,"{""type"": ""string"", ""minLength"": 0, ""maxLength"": 200}"
F0410,STR_VC_DATA,value,$.transactions[].completingActions[].details.receivingVirtualCurrencyAddresses[],#/components/schemas/STRReport/properties/transactions/items/properties/completingActions/items/properties/details/properties/receivingVirtualCurrencyAddresses/items,#/components/schemas/string200,1769,6273,True,,action finale; data_type=RECEIVING_ADDR,colonne,"{""type"": ""string"", ""minLength"": 0, ""maxLength"": 200}"
F0411,STR_COMPLETING_ACTION,reference_number,$.transactions[].completingActions[].details.referenceNumber,#/components/schemas/STRReport/properties/transactions/items/properties/completingActions/items/properties/details/properties/referenceNumber,#/components/schemas/string200,1771,6273,False,,action finale,colonne,"{""type"": ""string"", ""minLength"": 0, ""maxLength"": 200}"
F0412,STR_COMPLETING_ACTION,ref_number_other,$.transactions[].completingActions[].details.referenceNumberOtherRelatedNumber,#/components/schemas/STRReport/properties/transactions/items/properties/completingActions/items/properties/details/properties/referenceNumberOtherRelatedNumber,#/components/schemas/string200,1773,6273,False,,action finale,colonne,"{""type"": ""string"", ""minLength"": 0, ""maxLength"": 200}"
F0413,STR_ACCOUNT,fi_number,$.transactions[].completingActions[].details.account.financialInstitutionNumber,#/components/schemas/strAccount/properties/financialInstitutionNumber,#/components/schemas/string50,6149,6265,False,,action finale,colonne,"{""type"": ""string"", ""minLength"": 0, ""maxLength"": 50}"
F0414,STR_ACCOUNT,branch_number,$.transactions[].completingActions[].details.account.branchNumber,#/components/schemas/strAccount/properties/branchNumber,#/components/schemas/string50,6151,6265,False,,action finale,colonne,"{""type"": ""string"", ""minLength"": 0, ""maxLength"": 50}"
F0415,STR_ACCOUNT,number,$.transactions[].completingActions[].details.account.number,#/components/schemas/strAccount/properties/number,#/components/schemas/string100,6153,6269,False,,action finale,colonne,"{""type"": ""string"", ""minLength"": 0, ""maxLength"": 100}"
F0416,STR_ACCOUNT,type_code,$.transactions[].completingActions[].details.account.typeCode,#/components/schemas/strAccount/properties/typeCode,#/components/schemas/strAccount/properties/typeCode,6155,6155,False,,action finale,colonne,"{""type"": ""integer"", ""enum"": [1, 2, 3, 4, 5]}"
F0417,STR_ACCOUNT,type_other,$.transactions[].completingActions[].details.account.typeOther,#/components/schemas/strAccount/properties/typeOther,#/components/schemas/string200,6169,6273,False,,action finale,colonne,"{""type"": ""string"", ""minLength"": 0, ""maxLength"": 200}"
F0418,STR_ACCOUNT,currency_code,$.transactions[].completingActions[].details.account.currencyCode,#/components/schemas/strAccount/properties/currencyCode,#/components/schemas/CurrencyCode,6171,4057,False,,action finale,colonne,"{""type"": ""string"", ""enum"": [""CAD"", ""USD"", ""ADP"", ""AED"", ""AFA"", ""AFN"", ""ALL"", ""AMD"", ""AOA"", ""AOK"", ""AON"", ""ARP"", ""ARS"", ""ATS"", ""AUD"", ""AWF"", ""AWG"", ""AZM"", ""AZN"", ""BAK"", ""BAM"", ""BBD"", ""BDT"", ""BEC"", ""BEF"", ""BEL"", ""BGL"", ""BGN"", ""BHD"", ""BIF"", ""BMD"", ""BND"", ""BOB"", ""BOP"", ""BOV"", ""BRC"", ""BRL"", ""BSD"", ""BTN"", ""BTR"", ""BUK"", ""BWP"", ""BYN"", ""BYR"", ""BZD"", ""CDF"", ""CDZ"", ""CHE"", ""CHF"", ""CHW"", ""CLF"", ""CLP"", ""CNY"", ""COP"", ""COU"", ""CRC"", ""CSD"", ""CSK"", ""CUC"", ""CUP"", ""CVE"", ""CYP"", ""CZK"", ""DDM"", ""DEM"", ""DJF"", ""DKK"", ""DOP"", ""DZD"", ""ECS"", ""EEK"", ""EGP"", ""ERN"", ""ESP"", ""ETB"", ""EUR"", ""FIM"", ""FJD"", ""FKP"", ""FRF"", ""GBP"", ""GEL"", ""GHC"", ""GHS"", ""GIP"", ""GMD"", ""GNF"", ""GNS"", ""GQE"", ""GRD"", ""GTQ"", ""GWP"", ""GYD"", ""HKD"", ""HNL"", ""HRK"", ""HTG"", ""HUF"", ""IDR"", ""IEP"", ""ILS"", ""INR"", ""IQD"", ""IRR"", ""ISK"", ""ITL"", ""JMD"", ""JOD"", ""JPY"", ""KES"", ""KGS"", ""KHR"", ""KMF"", ""KPW"", ""KRW"", ""KWD"", ""KYD"", ""KZT"", ""LAK"", ""LBP"", ""LKR"", ""LRD"", ""LSL"", ""LSM"", ""LTL"", ""LUF"", ""LVL"", ""LYD"", ""MAD"", ""MDL"", ""MGA"", ""MGF"", ""MKD"", ""MLF"", ""MMK"", ""MNT"", ""MOP"", ""MRO"", ""MRU"", ""MTL"", ""MTP"", ""MUR"", ""MVR"", ""MWK"", ""MXN"", ""MXP"", ""MXV"", ""MYR"", ""MZM"", ""MZN"", ""NAD"", ""NGN"", ""NIC"", ""NIO"", ""NLG"", ""NOK"", ""NPR"", ""NZD"", ""OMR"", ""PAB"", ""PEN"", ""PES"", ""PGK"", ""PHP"", ""PKR"", ""PLN"", ""PLZ"", ""PTE"", ""PYG"", ""QAR"", ""ROL"", ""RON"", ""RSD"", ""RUB"", ""RUR"", ""RWF"", ""SAR"", ""SBD"", ""SBL"", ""SCR"", ""SDD"", ""SDG"", ""SDP"", ""SEK"", ""SGD"", ""SHP"", ""SIT"", ""SKK"", ""SLE"", ""SLL"", ""SOS"", ""SRD"", ""SRG"", ""SSP"", ""STD"", ""STN"", ""SUR"", ""SVC"", ""SYP"", ""SZL"", ""THB"", ""TJR"", ""TJS"", ""TMM"", ""TMT"", ""TND"", ""TOP"", ""TPE"", ""TRL"", ""TRY"", ""TTD"", ""TWD"", ""TZS"", ""UAH"", ""UGS"", ""UGX"", ""USN"", ""USS"", ""UYI"", ""UYP"", ""UYU"", ""UYW"", ""UZS"", ""VEB"", ""VEF"", ""VES"", ""VND"", ""VUV"", ""WST"", ""XAF"", ""XAG"", ""XAU"", ""XBA"", ""XBB"", ""XBC"", ""XBD"", ""XBT"", ""XCD"", ""XCG"", ""XDR"", ""XEU"", ""XFO"", ""XFU"", ""XOF"", ""XPD"", ""XPF"", ""XPT"", ""XSU"", ""XXX"", ""YDD"", ""YER"", ""YUD"", ""YUM"", ""YUN"", ""ZAL"", ""ZAR"", ""ZMK"", ""ZMW"", ""ZWD"", ""ZWL"", ""ZZZ""]}"
F0419,STR_ACCOUNT,vc_type_code,$.transactions[].completingActions[].details.account.virtualCurrencyTypeCode,#/components/schemas/strAccount/properties/virtualCurrencyTypeCode,#/components/schemas/VirtualCurrencyCode,6173,2981,False,,action finale,colonne,"{""type"": ""string"", ""enum"": [""1INCH"", ""AAVE"", ""ABBC"", ""ADA"", ""ADX"", ""AE"", ""AERGO"", ""AGI"", ""AGVC"", ""AIB"", ""AION"", ""AKRO"", ""ALGO"", ""AMO"", ""AMP"", ""AMPL"", ""ANC"", ""ANCT"", ""ANKR"", ""ANT"", ""AOA"", ""APL"", ""APM"", ""AR"", ""ARDR"", ""ARK"", ""ARPA"", ""ARRR"", ""AST"", ""ATOM"", ""ATT"", ""AUDIO"", ""AVA"", ""AVAX"", ""AXC"", ""AXEL"", ""AXS"", ""B2B"", ""BAL"", ""BAND"", ""BASIC"", ""BASID"", ""BAT"", ""BCD"", ""BCH"", ""BCN"", ""BCZERO"", ""BDCC"", ""BDX"", ""BEAM"", ""BEL"", ""BHAO"", ""BHD"", ""BHP"", ""BHT"", ""BICO"", ""BIGONE"", ""BIKI"", ""BLCT"", ""BLOCK"", ""BLZ"", ""BNANA"", ""BNB"", ""BNK"", ""BNT"", ""BOA"", ""BONO"", ""BORA"", ""BOT"", ""BOTX"", ""BPS"", ""BRC"", ""BRG"", ""BRZE"", ""BSV"", ""BTC"", ""BTC2"", ""BTCB"", ""BTG"", ""BTM"", ""BTMX"", ""BTRS"", ""BTS"", ""BTT"", ""BTU"", ""BUSD"", ""BWF"", ""BXK"", ""BZ"", ""BZRX"", ""C20"", ""CADC"", ""CAKE"", ""CCA"", ""CCXX"", ""CEL"", ""CELO"", ""CELR"", ""CENNZ"", ""CHR"", ""CHSB"", ""CHZ"", ""CIPHC"", ""CIX100"", ""CKB"", ""CND"", ""CNX"", ""COCOS"", ""COMP"", ""CON"", ""CORE"", ""COS"", ""COTI"", ""CRE"", ""CRO"", ""CRPT"", ""CRV"", ""CTC"", ""CTCN"", ""CTK"", ""CTSI"", ""CTXC"", ""CUSD"", ""CVA"", ""CVC"", ""CVNT"", ""CVT"", ""CVX"", ""DAC"", ""DAD"", ""DAG"", ""DAI"", ""DASH"", ""DATA"", ""DCR"", ""DCY"", ""DEC"", ""DENT"", ""DFI"", ""DGB"", ""DGD"", ""DGTX"", ""DIA"", ""DIP"", ""DIVI"", ""DMCH"", ""DMG"", ""DNA"", ""DNT"", ""DOGE"", ""DOT"", ""DREP"", ""DRGN"", ""DRS"", ""DTR"", ""DUSK"", ""DX"", ""ECOREAL"", ""EDC"", ""EGLD"", ""ELA"", ""ELF"", ""ELON"", ""EMC2"", ""ENG"", ""ENJ"", ""ENS"", ""EOS"", ""ERC20"", ""ERG"", ""ETC"", ""ETH"", ""ETN"", ""EUM"", ""EURS"", ""EVN"", ""EVR"", ""EWT"", ""FAB"", ""FARM"", ""FET"", ""FIL"", ""FLG"", ""FLM"", ""FLOW"", ""FNB"", ""FSN"", ""FST"", ""FTM"", ""FTT"", ""FUN"", ""FX"", ""FXC"", ""GALA"", ""GARD"", ""GAS"", ""GBYTE"", ""GLEEC"", ""GNO"", ""GNT"", ""GRIN"", ""GRN"", ""GRS"", ""GRT"", ""GT"", ""GUSD"", ""GXC"", ""HBAR"", ""HBTC"", ""HC"", ""HEDG"", ""HEX"", ""HIVE"", ""HMR"", ""HNC"", ""HNS"", ""HNT"", ""HOD"", ""HOT"", ""HPT"", ""HSN"", ""HT"", ""HUSD"", ""HXRO"", ""HYN"", ""ICH"", ""ICP"", ""ICX"", ""IDEX"", ""IGNIS"", ""IHF"", ""ILV"", ""IMX"", ""INB"", ""INJ"", ""INO"", ""INSTAR"", ""IOST"", ""IOTX"", ""IPX"", ""IQ"", ""IRIS"", ""IZE"", ""JST"", ""JUL"", ""JWL"", ""KAI"", ""KAN"", ""KAVA"", ""KBC"", ""KCASH"", ""KCS"", ""KDA"", ""KDAG"", ""KEEP"", ""KIN"", ""KLAY"", ""KMD"", ""KNC"", ""KP3R"", ""KRT"", ""KSM"", ""LA"", ""LAMB"", ""LBC"", ""LCX"", ""LEO"", ""LEVL"", ""LINK"", ""LOKI"", ""LOOM"", ""LPT"", ""LRC"", ""LRG"", ""LSK"", ""LTC"", ""LTO"", ""LUNA"", ""LVX"", ""MAID"", ""MANA"", ""MASS"", ""MATH"", ""MATIC"", ""MBL"", ""MBN"", ""MCO"", ""MDA"", ""MED"", ""MFT"", ""MIN"", ""MIOTA"", ""MKR"", ""MLK"", ""MLN"", ""MOF"", ""MONA"", ""MRPH"", ""MTA"", ""MTC"", ""MTL"", ""MTXLT"", ""MUSD"", ""MVL"", ""MWC"", ""MX"", ""MXC"", ""NANO"", ""NAS"", ""NEAR"", ""NEC"", ""NEO"", ""NEST"", ""NEX"", ""NEXO"", ""NEXXO"", ""NIM"", ""NKN"", ""NMR"", ""NOIA"", ""NPXS"", ""NRG"", ""NU"", ""NULS"", ""NUT"", ""NVT"", ""NWC"", ""NXM"", ""NXS"", ""NYE"", ""OCEAN"", ""OCTO"", ""OGN"", ""OKB"", ""OMG"", ""ONE"", ""ONOT"", ""ONT"", ""ORBS"", ""ORC"", ""ORN"", ""OTH"", ""OXT"", ""PAI"", ""PAX"", ""PAXG"", ""PCN"", ""PCX"", ""PERL"", ""PERP"", ""PHA"", ""PIVX"", ""PLC"", ""PLF"", ""PNK"", ""POLS"", ""POLY"", ""POWR"", ""PPT"", ""PROM"", ""PRQ"", ""PZM"", ""QASH"", ""QC"", ""QKC"", ""QNT"", ""QQQ"", ""QRK"", ""QRL"", ""QSP"", ""QTUM"", ""RCHAINREV"", ""RCN"", ""RDD"", ""RDN"", ""REN"", ""RENBTC"", ""REP"", ""REPO"", ""REQ"", ""REV"", ""RIF"", ""RING"", ""RKN"", ""RLC"", ""RNDR"", ""ROSE"", ""RPL"", ""RSR"", ""RUNE"", ""RVN"", ""S4F"", ""SAFE"", ""SAND"", ""SAPP"", ""SC"", ""SCC"", ""SCRT"", ""SEELE"", ""SERO"", ""SFP"", ""SHIB"", ""SHPING"", ""SHR"", ""SLS"", ""SNB"", ""SNL"", ""SNT"", ""SNTVT"", ""SNX"", ""SOL"", ""SOLO"", ""SOLVE"", ""SPND"", ""SRM"", ""STAKE"", ""STEEM"", ""STMX"", ""STORJ"", ""STP"", ""STPT"", ""STRAT"", ""STRONG"", ""STX"", ""SUKU"", ""SUN"", ""SUSD"", ""SUSHI"", ""SWAP"", ""SWINGBY"", ""SWTH"", ""SXP"", ""SYS"", ""TCAD"", ""TEL"", ""TFUEL"", ""THETA"", ""THR"", ""THX"", ""TITAN"", ""TMTG"", ""TNC"", ""TOMO"", ""TONIC"", ""TRAC"", ""TRAT"", ""TRB"", ""TROY"", ""TRUE"", ""TRX"", ""TSHP"", ""TT"", ""TTT"", ""TUSD"", ""TWT"", ""UBT"", ""ULT"", ""UMA"", ""UNI"", ""UNICOIN"", ""UNO"", ""UOS"", ""UQC"", ""USDC"", ""USDJ"", ""USDK"", ""USDN"", ""USDP"", ""USDT"", ""UST"", ""UTK"", ""VEST"", ""VET"", ""VGX"", ""VIDT"", ""VITAE"", ""VLX"", ""VRSC"", ""VSYS"", ""VTHO"", ""VVS"", ""WAN"", ""WAVES"", ""WAXP"", ""WBNB"", ""WBTC"", ""WET"", ""WICC"", ""WIN"", ""WIX"", ""WOM"", ""WRX"", ""WTC"", ""WXT"", ""XCM"", ""XDC"", ""XEC"", ""XEM"", ""XHV"", ""XIN"", ""XLM"", ""XLT"", ""XMR"", ""XNC"", ""XOR"", ""XPR"", ""XRP"", ""XSN"", ""XSR"", ""XT"", ""XTP"", ""XTZ"", ""XVG"", ""XVS"", ""XWC"", ""XYM"", ""XYO"", ""XZC"", ""YEP"", ""YF-DAI"", ""YFI"", ""YFII"", ""YFL"", ""YGG"", ""YUSRA"", ""ZAP"", ""ZB"", ""ZCN"", ""ZEC"", ""ZEN"", ""ZIL"", ""ZLW"", ""ZNN"", ""ZRX"", ""ZT"", ""ZYN""]}"
F0420,STR_ACCOUNT,vc_type_other,$.transactions[].completingActions[].details.account.virtualCurrencyTypeOther,#/components/schemas/strAccount/properties/virtualCurrencyTypeOther,#/components/schemas/string200,6175,6273,False,,action finale,colonne,"{""type"": ""string"", ""minLength"": 0, ""maxLength"": 200}"
F0421,STR_ACCOUNT,date_opened,$.transactions[].completingActions[].details.account.dateOpened,#/components/schemas/strAccount/properties/dateOpened,#/components/schemas/localDate,6177,6303,False,,action finale,colonne,"{""type"": ""string"", ""pattern"": ""^[0-9]{4}-[0-9]{2}-[0-9]{2}$""}"
F0422,STR_ACCOUNT,date_closed,$.transactions[].completingActions[].details.account.dateClosed,#/components/schemas/strAccount/properties/dateClosed,#/components/schemas/localDate,6179,6303,False,,action finale,colonne,"{""type"": ""string"", ""pattern"": ""^[0-9]{4}-[0-9]{2}-[0-9]{2}$""}"
F0423,STR_ACCOUNT_HOLDER,type_code,$.transactions[].completingActions[].details.account.holders[].typeCode,#/components/schemas/strAccount/properties/holders/items/properties/typeCode,#/components/schemas/definitionType12,6187,6512,True,,action finale,colonne,"{""type"": ""integer"", ""enum"": [1, 2]}"
F0424,STR_ACCOUNT_HOLDER,ref_id,$.transactions[].completingActions[].details.account.holders[].refId,#/components/schemas/strAccount/properties/holders/items/properties/refId,#/components/schemas/refId,6189,6309,True,,action finale,colonne,"{""type"": ""string"", ""pattern"": ""^[A-Za-z0-9-_]{1,50}$""}"
F0425,STR_COMPLETING_ACTION,account_status_code,$.transactions[].completingActions[].details.accountStatusAtTimeOfTransaction,#/components/schemas/STRReport/properties/transactions/items/properties/completingActions/items/properties/details/properties/accountStatusAtTimeOfTransaction,#/components/schemas/accountStatusAtTimeOfTransaction,1777,6466,False,,action finale,colonne,"{""type"": ""integer"", ""enum"": [1, 2, 3, 4]}"
F0426,STR_COMPLETING_ACTION,involvement_indicator,$.transactions[].completingActions[].details.involvementIndicator,#/components/schemas/STRReport/properties/transactions/items/properties/completingActions/items/properties/details/properties/involvementIndicator,#/components/schemas/STRReport/properties/transactions/items/properties/completingActions/items/properties/details/properties/involvementIndicator,1779,1779,False,,action finale,colonne,"{""type"": ""boolean""}"
F0427,STR_COMPLETING_ACTION,beneficiary_indicator,$.transactions[].completingActions[].details.beneficiaryIndicator,#/components/schemas/STRReport/properties/transactions/items/properties/completingActions/items/properties/details/properties/beneficiaryIndicator,#/components/schemas/STRReport/properties/transactions/items/properties/completingActions/items/properties/details/properties/beneficiaryIndicator,1781,1781,False,,action finale,colonne,"{""type"": ""boolean""}"
F0428,STR_INVOLVEMENT,type_code,$.transactions[].completingActions[].involvements[].typeCode,#/components/schemas/STRReport/properties/transactions/items/properties/completingActions/items/properties/involvements/items/properties/typeCode,#/components/schemas/definitionType12,1793,6512,True,,action finale,colonne,"{""type"": ""integer"", ""enum"": [1, 2]}"
F0429,STR_INVOLVEMENT,ref_id,$.transactions[].completingActions[].involvements[].refId,#/components/schemas/STRReport/properties/transactions/items/properties/completingActions/items/properties/involvements/items/properties/refId,#/components/schemas/refId,1795,6309,True,,action finale,colonne,"{""type"": ""string"", ""pattern"": ""^[A-Za-z0-9-_]{1,50}$""}"
F0430,STR_INVOLVEMENT,account_number,$.transactions[].completingActions[].involvements[].details.accountNumber,#/components/schemas/STRReport/properties/transactions/items/properties/completingActions/items/properties/involvements/items/properties/details/properties/accountNumber,#/components/schemas/string200,1801,6273,False,,action finale,colonne,"{""type"": ""string"", ""minLength"": 0, ""maxLength"": 200}"
F0431,STR_INVOLVEMENT,identifying_number,$.transactions[].completingActions[].involvements[].details.identifyingNumber,#/components/schemas/STRReport/properties/transactions/items/properties/completingActions/items/properties/involvements/items/properties/details/properties/identifyingNumber,#/components/schemas/string100,1803,6269,False,,action finale,colonne,"{""type"": ""string"", ""minLength"": 0, ""maxLength"": 100}"
F0432,STR_INVOLVEMENT,policy_number,$.transactions[].completingActions[].involvements[].details.policyNumber,#/components/schemas/STRReport/properties/transactions/items/properties/completingActions/items/properties/involvements/items/properties/details/properties/policyNumber,#/components/schemas/string100,1805,6269,False,,action finale,colonne,"{""type"": ""string"", ""minLength"": 0, ""maxLength"": 100}"
F0433,STR_BENEFICIARY,type_code,$.transactions[].completingActions[].beneficiaries[].typeCode,#/components/schemas/STRReport/properties/transactions/items/properties/completingActions/items/properties/beneficiaries/items/properties/typeCode,#/components/schemas/definitionType34,1816,6520,True,,action finale,colonne,"{""type"": ""integer"", ""enum"": [3, 4]}"
F0434,STR_BENEFICIARY,ref_id,$.transactions[].completingActions[].beneficiaries[].refId,#/components/schemas/STRReport/properties/transactions/items/properties/completingActions/items/properties/beneficiaries/items/properties/refId,#/components/schemas/refId,1818,6309,True,,action finale,colonne,"{""type"": ""string"", ""pattern"": ""^[A-Za-z0-9-_]{1,50}$""}"
F0435,STR_BENEFICIARY,client_number,$.transactions[].completingActions[].beneficiaries[].details.clientNumber,#/components/schemas/STRReport/properties/transactions/items/properties/completingActions/items/properties/beneficiaries/items/properties/details/properties/clientNumber,#/components/schemas/string100,1824,6269,False,,action finale,colonne,"{""type"": ""string"", ""minLength"": 0, ""maxLength"": 100}"
F0436,STR_BENEFICIARY,username,$.transactions[].completingActions[].beneficiaries[].details.username,#/components/schemas/STRReport/properties/transactions/items/properties/completingActions/items/properties/beneficiaries/items/properties/details/properties/username,#/components/schemas/string100,1826,6269,False,,action finale,colonne,"{""type"": ""string"", ""minLength"": 0, ""maxLength"": 100}"
F0437,STR_BENEFICIARY,email_address,$.transactions[].completingActions[].beneficiaries[].details.emailAddress,#/components/schemas/STRReport/properties/transactions/items/properties/completingActions/items/properties/beneficiaries/items/properties/details/properties/emailAddress,#/components/schemas/string200,1828,6273,False,,action finale,colonne,"{""type"": ""string"", ""minLength"": 0, ""maxLength"": 200}"
F0438,STR_API_SUBMISSION,api_response_body,SubmitReportResponse$.code,#/components/schemas/SubmitReportResponse/properties/code,#/components/schemas/SubmitReportResponse/properties/code,5245,5245,False,,Réponse conservée intégralement; chemin interne au JSON,JSON archivé,"{""type"": ""number""}"
F0439,STR_API_SUBMISSION,api_response_body,SubmitReportResponse$.message.en,#/components/schemas/SubmitReportResponse/properties/message/properties/en,#/components/schemas/SubmitReportResponse/properties/message/properties/en,5252,5252,False,,Réponse conservée intégralement; chemin interne au JSON,JSON archivé,"{""type"": ""string""}"
F0440,STR_API_SUBMISSION,api_response_body,SubmitReportResponse$.message.fr,#/components/schemas/SubmitReportResponse/properties/message/properties/fr,#/components/schemas/SubmitReportResponse/properties/message/properties/fr,5255,5255,False,,Réponse conservée intégralement; chemin interne au JSON,JSON archivé,"{""type"": ""string""}"
F0441,STR_API_SUBMISSION,external_report_uuid,SubmitReportResponse$.payload.externalReportUuid,#/components/schemas/SubmitReportResponse/properties/payload/properties/externalReportUuid,#/components/schemas/SubmitReportResponse/properties/payload/properties/externalReportUuid,5262,5262,False,,,colonne,"{""type"": ""string""}"
F0442,STR_API_SUBMISSION,api_response_body,SubmitReportResponse$.payload.reportingEntityReportReference,#/components/schemas/SubmitReportResponse/properties/payload/properties/reportingEntityReportReference,#/components/schemas/externalReportReference,5265,5637,False,,Réponse conservée intégralement; chemin interne au JSON,JSON archivé,"{""type"": ""string"", ""pattern"": ""^[A-Za-z0-9-_]{1,100}$""}"
F0443,STR_API_SUBMISSION,api_response_body,SubmitReportResponse$.payload.submitDateTime,#/components/schemas/SubmitReportResponse/properties/payload/properties/submitDateTime,#/components/schemas/SubmitReportResponse/properties/payload/properties/submitDateTime,5267,5267,False,,Réponse conservée intégralement; chemin interne au JSON,JSON archivé,"{""type"": ""string""}"
F0444,STR_VALIDATION_ERROR,instance_path,SubmitReportResponse$.payload.validationMessages[].path,#/components/schemas/ValidationMessage/properties/path,#/components/schemas/ValidationMessage/properties/path,5096,5096,False,,Message enfant de la réponse,colonne,"{""type"": ""string""}"
F0445,STR_VALIDATION_ERROR,rule_id,SubmitReportResponse$.payload.validationMessages[].rule,#/components/schemas/ValidationMessage/properties/rule,#/components/schemas/ValidationMessage/properties/rule,5098,5098,False,,Message enfant de la réponse,colonne,"{""type"": ""string""}"
F0446,STR_VALIDATION_ERROR,error_code,SubmitReportResponse$.payload.validationMessages[].error.code,#/components/schemas/ValidationMessage/properties/error/properties/code,#/components/schemas/ValidationMessage/properties/error/properties/code,5103,5103,False,,Message enfant de la réponse,colonne,"{""type"": ""number""}"
F0447,STR_VALIDATION_ERROR,message_en,SubmitReportResponse$.payload.validationMessages[].error.en,#/components/schemas/ValidationMessage/properties/error/properties/en,#/components/schemas/ValidationMessage/properties/error/properties/en,5105,5105,False,,Message enfant de la réponse,colonne,"{""type"": ""string""}"
F0448,STR_VALIDATION_ERROR,message_fr,SubmitReportResponse$.payload.validationMessages[].error.fr,#/components/schemas/ValidationMessage/properties/error/properties/fr,#/components/schemas/ValidationMessage/properties/error/properties/fr,5107,5107,False,,Message enfant de la réponse,colonne,"{""type"": ""string""}"
F0449,STR_VALIDATION_ERROR,severity,SubmitReportResponse$.payload.validationMessages[].type,#/components/schemas/ValidationMessage/properties/type,#/components/schemas/ValidationMessage/properties/type,5109,5109,False,,Message enfant de la réponse,colonne,"{""type"": ""string"", ""enum"": [""reject"", ""warning""]}"
F0450,STR_API_SUBMISSION,api_response_body,Validations$.reportingEntityBulkReference,#/components/schemas/Validations/properties/reportingEntityBulkReference,#/components/schemas/Validations/properties/reportingEntityBulkReference,5117,5117,False,,Réponse conservée intégralement; chemin interne au JSON,JSON archivé,"{""type"": ""string""}"
F0451,STR_API_SUBMISSION,api_response_body,Validations$.processedDate,#/components/schemas/Validations/properties/processedDate,#/components/schemas/Validations/properties/processedDate,5119,5119,False,,Réponse conservée intégralement; chemin interne au JSON,JSON archivé,"{""type"": ""string""}"
F0452,STR_API_SUBMISSION,api_response_body,Validations$.status.code,#/components/schemas/Validations/properties/status/properties/code,#/components/schemas/Validations/properties/status/properties/code,5125,5125,False,,Réponse conservée intégralement; chemin interne au JSON,JSON archivé,"{""type"": ""number"", ""enum"": [1000, 2001, 2101, 2102, 4000, 5000, 5004, 5005, 5011, 5012, 5013, 5014, 5015, 5016, 5017, 5018, 5019, 5020, 2021, 5022, 5023]}"
F0453,STR_API_SUBMISSION,api_response_body,Validations$.status.en,#/components/schemas/Validations/properties/status/properties/en,#/components/schemas/Validations/properties/status/properties/en,5150,5150,False,,Réponse conservée intégralement; chemin interne au JSON,JSON archivé,"{""type"": ""string""}"
F0454,STR_API_SUBMISSION,api_response_body,Validations$.status.fr,#/components/schemas/Validations/properties/status/properties/fr,#/components/schemas/Validations/properties/status/properties/fr,5152,5152,False,,Réponse conservée intégralement; chemin interne au JSON,JSON archivé,"{""type"": ""string""}"
F0455,STR_API_SUBMISSION,api_response_body,Validations$.acceptedWithWarningsCount,#/components/schemas/Validations/properties/acceptedWithWarningsCount,#/components/schemas/Validations/properties/acceptedWithWarningsCount,5154,5154,False,,Réponse conservée intégralement; chemin interne au JSON,JSON archivé,"{""type"": ""number""}"
F0456,STR_API_SUBMISSION,api_response_body,Validations$.acceptedNoWarningsCount,#/components/schemas/Validations/properties/acceptedNoWarningsCount,#/components/schemas/Validations/properties/acceptedNoWarningsCount,5156,5156,False,,Réponse conservée intégralement; chemin interne au JSON,JSON archivé,"{""type"": ""number""}"
F0457,STR_API_SUBMISSION,api_response_body,Validations$.rejectedCount,#/components/schemas/Validations/properties/rejectedCount,#/components/schemas/Validations/properties/rejectedCount,5158,5158,False,,Réponse conservée intégralement; chemin interne au JSON,JSON archivé,"{""type"": ""number""}"
F0458,STR_API_SUBMISSION,api_response_body,Validations$.totalCount,#/components/schemas/Validations/properties/totalCount,#/components/schemas/Validations/properties/totalCount,5160,5160,False,,Réponse conservée intégralement; chemin interne au JSON,JSON archivé,"{""type"": ""number""}"
F0459,STR_API_SUBMISSION,api_response_body,Validations$.acknowledgements[].reportingEntityReportReference,#/components/schemas/Validations/properties/acknowledgements/items/properties/reportingEntityReportReference,#/components/schemas/externalReportReference,5167,5637,False,,Réponse conservée intégralement; chemin interne au JSON,JSON archivé,"{""type"": ""string"", ""pattern"": ""^[A-Za-z0-9-_]{1,100}$""}"
F0460,STR_API_SUBMISSION,api_response_body,Validations$.acknowledgements[].messageTypeCode,#/components/schemas/Validations/properties/acknowledgements/items/properties/messageTypeCode,#/components/schemas/Validations/properties/acknowledgements/items/properties/messageTypeCode,5169,5169,False,,Réponse conservée intégralement; chemin interne au JSON,JSON archivé,"{""type"": ""number"", ""enum"": [1, 2]}"
F0461,STR_VALIDATION_ERROR,instance_path,Validations$.acknowledgements[].validationMessages[].path,#/components/schemas/ValidationMessage/properties/path,#/components/schemas/ValidationMessage/properties/path,5096,5096,False,ValidationMessage,Message enfant de la réponse,colonne,"{""type"": ""string""}"
F0462,STR_VALIDATION_ERROR,rule_id,Validations$.acknowledgements[].validationMessages[].rule,#/components/schemas/ValidationMessage/properties/rule,#/components/schemas/ValidationMessage/properties/rule,5098,5098,False,ValidationMessage,Message enfant de la réponse,colonne,"{""type"": ""string""}"
F0463,STR_VALIDATION_ERROR,error_code,Validations$.acknowledgements[].validationMessages[].error.code,#/components/schemas/ValidationMessage/properties/error/properties/code,#/components/schemas/ValidationMessage/properties/error/properties/code,5103,5103,False,ValidationMessage,Message enfant de la réponse,colonne,"{""type"": ""number""}"
F0464,STR_VALIDATION_ERROR,message_en,Validations$.acknowledgements[].validationMessages[].error.en,#/components/schemas/ValidationMessage/properties/error/properties/en,#/components/schemas/ValidationMessage/properties/error/properties/en,5105,5105,False,ValidationMessage,Message enfant de la réponse,colonne,"{""type"": ""string""}"
F0465,STR_VALIDATION_ERROR,message_fr,Validations$.acknowledgements[].validationMessages[].error.fr,#/components/schemas/ValidationMessage/properties/error/properties/fr,#/components/schemas/ValidationMessage/properties/error/properties/fr,5107,5107,False,ValidationMessage,Message enfant de la réponse,colonne,"{""type"": ""string""}"
F0466,STR_VALIDATION_ERROR,severity,Validations$.acknowledgements[].validationMessages[].type,#/components/schemas/ValidationMessage/properties/type,#/components/schemas/ValidationMessage/properties/type,5109,5109,False,ValidationMessage,Message enfant de la réponse,colonne,"{""type"": ""string"", ""enum"": [""reject"", ""warning""]}"
F0467,STR_VALIDATION_ERROR,instance_path,Validations$.acknowledgements[].validationMessages[].instancePath,#/components/schemas/SchemaValidationMessages/properties/instancePath,#/components/schemas/SchemaValidationMessages/properties/instancePath,5600,5600,False,SchemaValidationMessages,Message enfant de la réponse,colonne,"{""type"": ""string""}"
F0468,STR_VALIDATION_ERROR,schema_path,Validations$.acknowledgements[].validationMessages[].schemaPath,#/components/schemas/SchemaValidationMessages/properties/schemaPath,#/components/schemas/SchemaValidationMessages/properties/schemaPath,5602,5602,False,SchemaValidationMessages,Message enfant de la réponse,colonne,"{""type"": ""string""}"
F0469,STR_VALIDATION_ERROR,keyword,Validations$.acknowledgements[].validationMessages[].keyword,#/components/schemas/SchemaValidationMessages/properties/keyword,#/components/schemas/SchemaValidationMessages/properties/keyword,5604,5604,False,SchemaValidationMessages,Message enfant de la réponse,colonne,"{""type"": ""string""}"
F0470,STR_VALIDATION_ERROR,message_en,Validations$.acknowledgements[].validationMessages[].message.en,#/components/schemas/SchemaValidationMessages/properties/message/properties/en,#/components/schemas/SchemaValidationMessages/properties/message/properties/en,5612,5612,False,SchemaValidationMessages,Message enfant de la réponse,colonne,"{""type"": ""string""}"
F0471,STR_VALIDATION_ERROR,message_fr,Validations$.acknowledgements[].validationMessages[].message.fr,#/components/schemas/SchemaValidationMessages/properties/message/properties/fr,#/components/schemas/SchemaValidationMessages/properties/message/properties/fr,5614,5614,False,SchemaValidationMessages,Message enfant de la réponse,colonne,"{""type"": ""string""}"
F0472,STR_API_SUBMISSION,api_response_body,ErrorWithValidation$.code,#/components/schemas/ErrorWithValidation/properties/code,#/components/schemas/ErrorWithValidation/properties/code,5578,5578,False,,Réponse conservée intégralement; chemin interne au JSON,JSON archivé,"{""type"": ""number""}"
F0473,STR_API_SUBMISSION,api_response_body,ErrorWithValidation$.message.en,#/components/schemas/ErrorWithValidation/properties/message/properties/en,#/components/schemas/ErrorWithValidation/properties/message/properties/en,5584,5584,False,,Réponse conservée intégralement; chemin interne au JSON,JSON archivé,"{""type"": ""string""}"
F0474,STR_API_SUBMISSION,api_response_body,ErrorWithValidation$.message.fr,#/components/schemas/ErrorWithValidation/properties/message/properties/fr,#/components/schemas/ErrorWithValidation/properties/message/properties/fr,5587,5587,False,,Réponse conservée intégralement; chemin interne au JSON,JSON archivé,"{""type"": ""string""}"
F0475,STR_VALIDATION_ERROR,instance_path,ErrorWithValidation$.payload.validationMessages[].path,#/components/schemas/ValidationMessage/properties/path,#/components/schemas/ValidationMessage/properties/path,5096,5096,False,,Message enfant de la réponse,colonne,"{""type"": ""string""}"
F0476,STR_VALIDATION_ERROR,rule_id,ErrorWithValidation$.payload.validationMessages[].rule,#/components/schemas/ValidationMessage/properties/rule,#/components/schemas/ValidationMessage/properties/rule,5098,5098,False,,Message enfant de la réponse,colonne,"{""type"": ""string""}"
F0477,STR_VALIDATION_ERROR,error_code,ErrorWithValidation$.payload.validationMessages[].error.code,#/components/schemas/ValidationMessage/properties/error/properties/code,#/components/schemas/ValidationMessage/properties/error/properties/code,5103,5103,False,,Message enfant de la réponse,colonne,"{""type"": ""number""}"
F0478,STR_VALIDATION_ERROR,message_en,ErrorWithValidation$.payload.validationMessages[].error.en,#/components/schemas/ValidationMessage/properties/error/properties/en,#/components/schemas/ValidationMessage/properties/error/properties/en,5105,5105,False,,Message enfant de la réponse,colonne,"{""type"": ""string""}"
F0479,STR_VALIDATION_ERROR,message_fr,ErrorWithValidation$.payload.validationMessages[].error.fr,#/components/schemas/ValidationMessage/properties/error/properties/fr,#/components/schemas/ValidationMessage/properties/error/properties/fr,5107,5107,False,,Message enfant de la réponse,colonne,"{""type"": ""string""}"
F0480,STR_VALIDATION_ERROR,severity,ErrorWithValidation$.payload.validationMessages[].type,#/components/schemas/ValidationMessage/properties/type,#/components/schemas/ValidationMessage/properties/type,5109,5109,False,,Message enfant de la réponse,colonne,"{""type"": ""string"", ""enum"": [""reject"", ""warning""]}"
F0481,STR_SUBMITTED_PAYLOAD,payload_json,DeleteReport$.reportDetails.reportTypeCode,#/components/schemas/DeleteReport/properties/reportDetails/properties/reportTypeCode,#/components/schemas/reportTypeCode,5207,5616,False,,Document DeleteReport conservé intégralement,JSON archivé,"{""type"": ""integer"", ""enum"": [14, 102, 106, 113, 145]}"
F0482,STR_SUBMITTED_PAYLOAD,payload_json,DeleteReport$.reportDetails.submitTypeCode,#/components/schemas/DeleteReport/properties/reportDetails/properties/submitTypeCode,#/components/schemas/submitTypeCode,5209,5630,False,,Document DeleteReport conservé intégralement,JSON archivé,"{""type"": ""integer"", ""enum"": [1, 2, 5]}"
F0483,STR_SUBMITTED_PAYLOAD,payload_json,DeleteReport$.reportDetails.reportingEntityNumber,#/components/schemas/DeleteReport/properties/reportDetails/properties/reportingEntityNumber,#/components/schemas/DeleteReport/properties/reportDetails/properties/reportingEntityNumber,5211,5211,False,,Document DeleteReport conservé intégralement,JSON archivé,"{""type"": ""integer""}"
F0484,STR_SUBMITTED_PAYLOAD,payload_json,DeleteReport$.reportDetails.submittingReportingEntityNumber,#/components/schemas/DeleteReport/properties/reportDetails/properties/submittingReportingEntityNumber,#/components/schemas/DeleteReport/properties/reportDetails/properties/submittingReportingEntityNumber,5213,5213,False,,Document DeleteReport conservé intégralement,JSON archivé,"{""type"": ""integer""}"
F0485,STR_SUBMITTED_PAYLOAD,payload_json,DeleteReport$.reportDetails.reportingEntityReportReference,#/components/schemas/DeleteReport/properties/reportDetails/properties/reportingEntityReportReference,#/components/schemas/externalReportReference,5215,5637,False,,Document DeleteReport conservé intégralement,JSON archivé,"{""type"": ""string"", ""pattern"": ""^[A-Za-z0-9-_]{1,100}$""}"
F0486,STR_SUBMITTED_PAYLOAD,payload_json,DeleteReport$.reportDetails.reportSubmitReasonCode,#/components/schemas/DeleteReport/properties/reportDetails/properties/reportSubmitReasonCode,#/components/schemas/DeleteReport/properties/reportDetails/properties/reportSubmitReasonCode,5217,5217,False,,Document DeleteReport conservé intégralement,JSON archivé,"{""type"": ""integer"", ""enum"": [3, 4]}"
