reference,schema_sha256,identification_family,code,libelle_fr,libelle_en,source_pointer,libelle_source_pointer
REF_TYPE_RAPPORT,78a49aa716180d4b0a3049e76af3ae3b06a188c2bafb789b11d31ddc9edf17f0,,14,Déclaration d'opérations importantes en monnaie virtuelle (DOIMV),Large Virtual Currency Transaction Report (LVCTR),#/components/schemas/reportTypeCode,#/components/schemas/reportTypeCode
REF_TYPE_RAPPORT,78a49aa716180d4b0a3049e76af3ae3b06a188c2bafb789b11d31ddc9edf17f0,,102,Décl. d'opérations douteuses (DOD),Suspicious transaction report (STR),#/components/schemas/reportTypeCode,#/components/schemas/reportTypeCode
REF_TYPE_RAPPORT,78a49aa716180d4b0a3049e76af3ae3b06a188c2bafb789b11d31ddc9edf17f0,,106,Décl. d'opér. importantes en esp. (DOIE),Large cash transaction report (LCTR),#/components/schemas/reportTypeCode,#/components/schemas/reportTypeCode
REF_TYPE_RAPPORT,78a49aa716180d4b0a3049e76af3ae3b06a188c2bafb789b11d31ddc9edf17f0,,113,Déclaration relative à un déboursement de casino (DDC),Casino disbursement report (CDR),#/components/schemas/reportTypeCode,#/components/schemas/reportTypeCode
REF_TYPE_RAPPORT,78a49aa716180d4b0a3049e76af3ae3b06a188c2bafb789b11d31ddc9edf17f0,,145,Déclaration de télévirement,Electronic funds transfer report (EFTR),#/components/schemas/reportTypeCode,#/components/schemas/reportTypeCode
REF_TYPE_SOUMISSION,78a49aa716180d4b0a3049e76af3ae3b06a188c2bafb789b11d31ddc9edf17f0,,1,Soumettre,Submit,#/components/schemas/submitTypeCode,#/components/schemas/submitTypeCode
REF_TYPE_SOUMISSION,78a49aa716180d4b0a3049e76af3ae3b06a188c2bafb789b11d31ddc9edf17f0,,2,Mise à jour,Update,#/components/schemas/submitTypeCode,#/components/schemas/submitTypeCode
REF_TYPE_SOUMISSION,78a49aa716180d4b0a3049e76af3ae3b06a188c2bafb789b11d31ddc9edf17f0,,5,Supprimer,Delete,#/components/schemas/submitTypeCode,#/components/schemas/submitTypeCode
REF_SECTEUR_ACTIVITE,78a49aa716180d4b0a3049e76af3ae3b06a188c2bafb789b11d31ddc9edf17f0,,1,Comptable,Accountant,#/components/schemas/activitySectorCode,#/components/schemas/activitySectorCode
REF_SECTEUR_ACTIVITE,78a49aa716180d4b0a3049e76af3ae3b06a188c2bafb789b11d31ddc9edf17f0,,2,Banque,Bank,#/components/schemas/activitySectorCode,#/components/schemas/activitySectorCode
REF_SECTEUR_ACTIVITE,78a49aa716180d4b0a3049e76af3ae3b06a188c2bafb789b11d31ddc9edf17f0,,3,Caisse populaire,Caisse populaire,#/components/schemas/activitySectorCode,#/components/schemas/activitySectorCode
REF_SECTEUR_ACTIVITE,78a49aa716180d4b0a3049e76af3ae3b06a188c2bafb789b11d31ddc9edf17f0,,4,Mandataire de Sa Majesté,Crown agent,#/components/schemas/activitySectorCode,#/components/schemas/activitySectorCode
REF_SECTEUR_ACTIVITE,78a49aa716180d4b0a3049e76af3ae3b06a188c2bafb789b11d31ddc9edf17f0,,5,Casino,Casino,#/components/schemas/activitySectorCode,#/components/schemas/activitySectorCode
REF_SECTEUR_ACTIVITE,78a49aa716180d4b0a3049e76af3ae3b06a188c2bafb789b11d31ddc9edf17f0,,6,Coopérative de crédit,Co-op credit society,#/components/schemas/activitySectorCode,#/components/schemas/activitySectorCode
REF_SECTEUR_ACTIVITE,78a49aa716180d4b0a3049e76af3ae3b06a188c2bafb789b11d31ddc9edf17f0,,9,Courtier ou agent d'assurance-vie,Life insurance broker or agent,#/components/schemas/activitySectorCode,#/components/schemas/activitySectorCode
REF_SECTEUR_ACTIVITE,78a49aa716180d4b0a3049e76af3ae3b06a188c2bafb789b11d31ddc9edf17f0,,10,Société d'assurance-vie,Life insurance company,#/components/schemas/activitySectorCode,#/components/schemas/activitySectorCode
REF_SECTEUR_ACTIVITE,78a49aa716180d4b0a3049e76af3ae3b06a188c2bafb789b11d31ddc9edf17f0,,11,Entreprise de services monétaires,Money services business,#/components/schemas/activitySectorCode,#/components/schemas/activitySectorCode
REF_SECTEUR_ACTIVITE,78a49aa716180d4b0a3049e76af3ae3b06a188c2bafb789b11d31ddc9edf17f0,,12,Caisse d'épargne provinciale,Provincial savings office,#/components/schemas/activitySectorCode,#/components/schemas/activitySectorCode
REF_SECTEUR_ACTIVITE,78a49aa716180d4b0a3049e76af3ae3b06a188c2bafb789b11d31ddc9edf17f0,,13,Secteur de l'immobilier,Real estate,#/components/schemas/activitySectorCode,#/components/schemas/activitySectorCode
REF_SECTEUR_ACTIVITE,78a49aa716180d4b0a3049e76af3ae3b06a188c2bafb789b11d31ddc9edf17f0,,14,Caisse d'épargne et de crédit,Credit union,#/components/schemas/activitySectorCode,#/components/schemas/activitySectorCode
REF_SECTEUR_ACTIVITE,78a49aa716180d4b0a3049e76af3ae3b06a188c2bafb789b11d31ddc9edf17f0,,15,Courtier en valeurs mobilières,Securities dealer,#/components/schemas/activitySectorCode,#/components/schemas/activitySectorCode
REF_SECTEUR_ACTIVITE,78a49aa716180d4b0a3049e76af3ae3b06a188c2bafb789b11d31ddc9edf17f0,,16,Société de fiducie et/ou de prêt,Trust and/or loan company,#/components/schemas/activitySectorCode,#/components/schemas/activitySectorCode
REF_SECTEUR_ACTIVITE,78a49aa716180d4b0a3049e76af3ae3b06a188c2bafb789b11d31ddc9edf17f0,,17,Notaire de la Colombie-Britannique,British Columbia notary,#/components/schemas/activitySectorCode,#/components/schemas/activitySectorCode
REF_SECTEUR_ACTIVITE,78a49aa716180d4b0a3049e76af3ae3b06a188c2bafb789b11d31ddc9edf17f0,,18,Négociant en pierres et métaux précieux,Dealer in precious metals and stones,#/components/schemas/activitySectorCode,#/components/schemas/activitySectorCode
REF_SECTEUR_ACTIVITE,78a49aa716180d4b0a3049e76af3ae3b06a188c2bafb789b11d31ddc9edf17f0,,19,Centrale de caisses de credit,Credit union central,#/components/schemas/activitySectorCode,#/components/schemas/activitySectorCode
REF_SECTEUR_ACTIVITE,78a49aa716180d4b0a3049e76af3ae3b06a188c2bafb789b11d31ddc9edf17f0,,20,Coopératives de services financiers,Financial services cooperative,#/components/schemas/activitySectorCode,#/components/schemas/activitySectorCode
REF_SECTEUR_ACTIVITE,78a49aa716180d4b0a3049e76af3ae3b06a188c2bafb789b11d31ddc9edf17f0,,21,ESM étrangère,Foreign money services business,#/components/schemas/activitySectorCode,#/components/schemas/activitySectorCode
REF_SECTEUR_ACTIVITE,78a49aa716180d4b0a3049e76af3ae3b06a188c2bafb789b11d31ddc9edf17f0,,22,Administrateurs hypothécaires,Mortgage administrators,#/components/schemas/activitySectorCode,#/components/schemas/activitySectorCode
REF_SECTEUR_ACTIVITE,78a49aa716180d4b0a3049e76af3ae3b06a188c2bafb789b11d31ddc9edf17f0,,24,Courtiers hypothécaires,Mortgage brokers,#/components/schemas/activitySectorCode,#/components/schemas/activitySectorCode
REF_SECTEUR_ACTIVITE,78a49aa716180d4b0a3049e76af3ae3b06a188c2bafb789b11d31ddc9edf17f0,,25,Prêteurs hypothécaires,Mortgage lenders,#/components/schemas/activitySectorCode,#/components/schemas/activitySectorCode
REF_SECTEUR_ACTIVITE,78a49aa716180d4b0a3049e76af3ae3b06a188c2bafb789b11d31ddc9edf17f0,,26,Affactureur,Factor,#/components/schemas/activitySectorCode,#/components/schemas/activitySectorCode
REF_SECTEUR_ACTIVITE,78a49aa716180d4b0a3049e76af3ae3b06a188c2bafb789b11d31ddc9edf17f0,,27,Entité de financement ou de bail,Financing or Leasing Entities,#/components/schemas/activitySectorCode,#/components/schemas/activitySectorCode
REF_SECTEUR_ACTIVITE,78a49aa716180d4b0a3049e76af3ae3b06a188c2bafb789b11d31ddc9edf17f0,,28,Assureurs de titres,Title Insurer,#/components/schemas/activitySectorCode,#/components/schemas/activitySectorCode
REF_DIRECTIVE,78a49aa716180d4b0a3049e76af3ae3b06a188c2bafb789b11d31ddc9edf17f0,,IR2020,IR2020,IR2020,#/components/schemas/ministerialDirectiveCode,#/components/schemas/ministerialDirectiveCode
REF_TYPE_SOUPCON,78a49aa716180d4b0a3049e76af3ae3b06a188c2bafb789b11d31ddc9edf17f0,,1,Blanchiment d'argent,Money laundering,#/components/schemas/STRReport/properties/detailsOfSuspicion/properties/suspicionTypeCode,#/components/schemas/STRReport/properties/detailsOfSuspicion/properties/suspicionTypeCode
REF_TYPE_SOUPCON,78a49aa716180d4b0a3049e76af3ae3b06a188c2bafb789b11d31ddc9edf17f0,,2,Financement du terrorisme,Terrorist financing,#/components/schemas/STRReport/properties/detailsOfSuspicion/properties/suspicionTypeCode,#/components/schemas/STRReport/properties/detailsOfSuspicion/properties/suspicionTypeCode
REF_TYPE_SOUPCON,78a49aa716180d4b0a3049e76af3ae3b06a188c2bafb789b11d31ddc9edf17f0,,3,Blanch. d'argent et fin. du terrorisme,Money laundering and terr. financing,#/components/schemas/STRReport/properties/detailsOfSuspicion/properties/suspicionTypeCode,#/components/schemas/STRReport/properties/detailsOfSuspicion/properties/suspicionTypeCode
REF_TYPE_SOUPCON,78a49aa716180d4b0a3049e76af3ae3b06a188c2bafb789b11d31ddc9edf17f0,,4,Contournement des sanctions,Sanctions evasion,#/components/schemas/STRReport/properties/detailsOfSuspicion/properties/suspicionTypeCode,#/components/schemas/STRReport/properties/detailsOfSuspicion/properties/suspicionTypeCode
REF_TYPE_SOUPCON,78a49aa716180d4b0a3049e76af3ae3b06a188c2bafb789b11d31ddc9edf17f0,,5,Blanch. d’argent/contournement sanctions,Money Laundering and Sanctions Evasion,#/components/schemas/STRReport/properties/detailsOfSuspicion/properties/suspicionTypeCode,#/components/schemas/STRReport/properties/detailsOfSuspicion/properties/suspicionTypeCode
REF_TYPE_SOUPCON,78a49aa716180d4b0a3049e76af3ae3b06a188c2bafb789b11d31ddc9edf17f0,,6,Fin. du terror./contournement sanctions,Terr. Financing and Sanctions Evasion,#/components/schemas/STRReport/properties/detailsOfSuspicion/properties/suspicionTypeCode,#/components/schemas/STRReport/properties/detailsOfSuspicion/properties/suspicionTypeCode
REF_TYPE_SOUPCON,78a49aa716180d4b0a3049e76af3ae3b06a188c2bafb789b11d31ddc9edf17f0,,7,Blanch d’argent/fin. du terror./sanction,M.Launder/Terr. Finance/Sanction Evasion,#/components/schemas/STRReport/properties/detailsOfSuspicion/properties/suspicionTypeCode,#/components/schemas/STRReport/properties/detailsOfSuspicion/properties/suspicionTypeCode
REF_PROJET_PPP,78a49aa716180d4b0a3049e76af3ae3b06a188c2bafb789b11d31ddc9edf17f0,,1,Projet ANTON,Project ANTON,#/components/schemas/STRReport/properties/detailsOfSuspicion/properties/publicPrivatePartnershipProjectNameCodes/items,#/components/schemas/STRReport/properties/detailsOfSuspicion/properties/publicPrivatePartnershipProjectNameCodes/items
REF_PROJET_PPP,78a49aa716180d4b0a3049e76af3ae3b06a188c2bafb789b11d31ddc9edf17f0,,2,Projet ATHENA,Project ATHENA,#/components/schemas/STRReport/properties/detailsOfSuspicion/properties/publicPrivatePartnershipProjectNameCodes/items,#/components/schemas/STRReport/properties/detailsOfSuspicion/properties/publicPrivatePartnershipProjectNameCodes/items
REF_PROJET_PPP,78a49aa716180d4b0a3049e76af3ae3b06a188c2bafb789b11d31ddc9edf17f0,,3,Projet CHAMELEON,Project CHAMELEON,#/components/schemas/STRReport/properties/detailsOfSuspicion/properties/publicPrivatePartnershipProjectNameCodes/items,#/components/schemas/STRReport/properties/detailsOfSuspicion/properties/publicPrivatePartnershipProjectNameCodes/items
REF_PROJET_PPP,78a49aa716180d4b0a3049e76af3ae3b06a188c2bafb789b11d31ddc9edf17f0,,5,Projet GUARDIAN,Project GUARDIAN,#/components/schemas/STRReport/properties/detailsOfSuspicion/properties/publicPrivatePartnershipProjectNameCodes/items,#/components/schemas/STRReport/properties/detailsOfSuspicion/properties/publicPrivatePartnershipProjectNameCodes/items
REF_PROJET_PPP,78a49aa716180d4b0a3049e76af3ae3b06a188c2bafb789b11d31ddc9edf17f0,,6,Projet LEGION,Project LEGION,#/components/schemas/STRReport/properties/detailsOfSuspicion/properties/publicPrivatePartnershipProjectNameCodes/items,#/components/schemas/STRReport/properties/detailsOfSuspicion/properties/publicPrivatePartnershipProjectNameCodes/items
REF_PROJET_PPP,78a49aa716180d4b0a3049e76af3ae3b06a188c2bafb789b11d31ddc9edf17f0,,7,Projet PROTECT,Project PROTECT,#/components/schemas/STRReport/properties/detailsOfSuspicion/properties/publicPrivatePartnershipProjectNameCodes/items,#/components/schemas/STRReport/properties/detailsOfSuspicion/properties/publicPrivatePartnershipProjectNameCodes/items
REF_PROJET_PPP,78a49aa716180d4b0a3049e76af3ae3b06a188c2bafb789b11d31ddc9edf17f0,,8,Projet SHADOW,Project SHADOW,#/components/schemas/STRReport/properties/detailsOfSuspicion/properties/publicPrivatePartnershipProjectNameCodes/items,#/components/schemas/STRReport/properties/detailsOfSuspicion/properties/publicPrivatePartnershipProjectNameCodes/items
REF_TYPE_DEFINITION,78a49aa716180d4b0a3049e76af3ae3b06a188c2bafb789b11d31ddc9edf17f0,,1,Nom de la personne,Person name,#/components/schemas/PersonName/properties/typeCode,#/components/schemas/definitionType12
REF_TYPE_DEFINITION,78a49aa716180d4b0a3049e76af3ae3b06a188c2bafb789b11d31ddc9edf17f0,,2,Nom de l'entité,Entity name,#/components/schemas/EntityName/properties/typeCode,#/components/schemas/definitionType12
REF_TYPE_DEFINITION,78a49aa716180d4b0a3049e76af3ae3b06a188c2bafb789b11d31ddc9edf17f0,,3,Renseignements au sujet de la personne,Person details,#/components/schemas/PersonDetails/properties/typeCode,#/components/schemas/definitionType34
REF_TYPE_DEFINITION,78a49aa716180d4b0a3049e76af3ae3b06a188c2bafb789b11d31ddc9edf17f0,,4,Renseignements au sujet de l'entité,Entity details,#/components/schemas/EntityDetails/properties/typeCode,#/components/schemas/definitionType34
REF_TYPE_DEFINITION,78a49aa716180d4b0a3049e76af3ae3b06a188c2bafb789b11d31ddc9edf17f0,,5,Personne et employeur Détails,Person and employer Details,#/components/schemas/personAndEmployerDetails/properties/typeCode,#/components/schemas/definitionType56
REF_TYPE_DEFINITION,78a49aa716180d4b0a3049e76af3ae3b06a188c2bafb789b11d31ddc9edf17f0,,6,Détails sur l'entité et la propriété réelle,Entity and beneficial ownership details,#/components/schemas/entityAndBeneficialOwnershipDetails/properties/typeCode,#/components/schemas/definitionType56
REF_PAYS,78a49aa716180d4b0a3049e76af3ae3b06a188c2bafb789b11d31ddc9edf17f0,,CA,Canada,Canada,#/components/schemas/CountryCode,#/components/schemas/CountryCode
REF_PAYS,78a49aa716180d4b0a3049e76af3ae3b06a188c2bafb789b11d31ddc9edf17f0,,US,États-Unis d'Amérique,United States,#/components/schemas/CountryCode,#/components/schemas/CountryCode
REF_PAYS,78a49aa716180d4b0a3049e76af3ae3b06a188c2bafb789b11d31ddc9edf17f0,,AD,Andorre,Andorra,#/components/schemas/CountryCode,#/components/schemas/CountryCode
REF_PAYS,78a49aa716180d4b0a3049e76af3ae3b06a188c2bafb789b11d31ddc9edf17f0,,AE,Émirats arabes unis (les),United Arab Emirates (the),#/components/schemas/CountryCode,#/components/schemas/CountryCode
REF_PAYS,78a49aa716180d4b0a3049e76af3ae3b06a188c2bafb789b11d31ddc9edf17f0,,AF,Afghanistan,Afghanistan,#/components/schemas/CountryCode,#/components/schemas/CountryCode
REF_PAYS,78a49aa716180d4b0a3049e76af3ae3b06a188c2bafb789b11d31ddc9edf17f0,,AG,Antigua-et-Barbuda,Antigua and Barbuda,#/components/schemas/CountryCode,#/components/schemas/CountryCode
REF_PAYS,78a49aa716180d4b0a3049e76af3ae3b06a188c2bafb789b11d31ddc9edf17f0,,AI,Anguilla,Anguilla,#/components/schemas/CountryCode,#/components/schemas/CountryCode
REF_PAYS,78a49aa716180d4b0a3049e76af3ae3b06a188c2bafb789b11d31ddc9edf17f0,,AL,Albanie,Albania,#/components/schemas/CountryCode,#/components/schemas/CountryCode
REF_PAYS,78a49aa716180d4b0a3049e76af3ae3b06a188c2bafb789b11d31ddc9edf17f0,,AM,Arménie,Armenia,#/components/schemas/CountryCode,#/components/schemas/CountryCode
REF_PAYS,78a49aa716180d4b0a3049e76af3ae3b06a188c2bafb789b11d31ddc9edf17f0,,AN,Antilles néerlandaises,Netherlands Antilles,#/components/schemas/CountryCode,#/components/schemas/CountryCode
REF_PAYS,78a49aa716180d4b0a3049e76af3ae3b06a188c2bafb789b11d31ddc9edf17f0,,AO,Angola,Angola,#/components/schemas/CountryCode,#/components/schemas/CountryCode
REF_PAYS,78a49aa716180d4b0a3049e76af3ae3b06a188c2bafb789b11d31ddc9edf17f0,,AQ,Antarctique,Antarctica,#/components/schemas/CountryCode,#/components/schemas/CountryCode
REF_PAYS,78a49aa716180d4b0a3049e76af3ae3b06a188c2bafb789b11d31ddc9edf17f0,,AR,Argentine,Argentina,#/components/schemas/CountryCode,#/components/schemas/CountryCode
REF_PAYS,78a49aa716180d4b0a3049e76af3ae3b06a188c2bafb789b11d31ddc9edf17f0,,AS,Samoa américaine,American Samoa,#/components/schemas/CountryCode,#/components/schemas/CountryCode
REF_PAYS,78a49aa716180d4b0a3049e76af3ae3b06a188c2bafb789b11d31ddc9edf17f0,,AT,Autriche,Austria,#/components/schemas/CountryCode,#/components/schemas/CountryCode
REF_PAYS,78a49aa716180d4b0a3049e76af3ae3b06a188c2bafb789b11d31ddc9edf17f0,,AU,Australie,Australia,#/components/schemas/CountryCode,#/components/schemas/CountryCode
REF_PAYS,78a49aa716180d4b0a3049e76af3ae3b06a188c2bafb789b11d31ddc9edf17f0,,AW,Aruba,Aruba,#/components/schemas/CountryCode,#/components/schemas/CountryCode
REF_PAYS,78a49aa716180d4b0a3049e76af3ae3b06a188c2bafb789b11d31ddc9edf17f0,,AX,Îles d'Åland,Åland Islands,#/components/schemas/CountryCode,#/components/schemas/CountryCode
REF_PAYS,78a49aa716180d4b0a3049e76af3ae3b06a188c2bafb789b11d31ddc9edf17f0,,AZ,Azerbaïdjan,Azerbaijan,#/components/schemas/CountryCode,#/components/schemas/CountryCode
REF_PAYS,78a49aa716180d4b0a3049e76af3ae3b06a188c2bafb789b11d31ddc9edf17f0,,BA,Bosnie-Herzégovine,Bosnia and Herzegovina,#/components/schemas/CountryCode,#/components/schemas/CountryCode
REF_PAYS,78a49aa716180d4b0a3049e76af3ae3b06a188c2bafb789b11d31ddc9edf17f0,,BB,Barbade,Barbados,#/components/schemas/CountryCode,#/components/schemas/CountryCode
REF_PAYS,78a49aa716180d4b0a3049e76af3ae3b06a188c2bafb789b11d31ddc9edf17f0,,BD,Bangladesh,Bangladesh,#/components/schemas/CountryCode,#/components/schemas/CountryCode
REF_PAYS,78a49aa716180d4b0a3049e76af3ae3b06a188c2bafb789b11d31ddc9edf17f0,,BE,Belgique,Belgium,#/components/schemas/CountryCode,#/components/schemas/CountryCode
REF_PAYS,78a49aa716180d4b0a3049e76af3ae3b06a188c2bafb789b11d31ddc9edf17f0,,BF,Burkina Faso,Burkina Faso,#/components/schemas/CountryCode,#/components/schemas/CountryCode
REF_PAYS,78a49aa716180d4b0a3049e76af3ae3b06a188c2bafb789b11d31ddc9edf17f0,,BG,Bulgarie,Bulgaria,#/components/schemas/CountryCode,#/components/schemas/CountryCode
REF_PAYS,78a49aa716180d4b0a3049e76af3ae3b06a188c2bafb789b11d31ddc9edf17f0,,BH,Bahreïn,Bahrain,#/components/schemas/CountryCode,#/components/schemas/CountryCode
REF_PAYS,78a49aa716180d4b0a3049e76af3ae3b06a188c2bafb789b11d31ddc9edf17f0,,BI,Burundi,Burundi,#/components/schemas/CountryCode,#/components/schemas/CountryCode
REF_PAYS,78a49aa716180d4b0a3049e76af3ae3b06a188c2bafb789b11d31ddc9edf17f0,,BJ,Bénin,Benin,#/components/schemas/CountryCode,#/components/schemas/CountryCode
REF_PAYS,78a49aa716180d4b0a3049e76af3ae3b06a188c2bafb789b11d31ddc9edf17f0,,BL,Saint-Barthélemy,Saint Barthélemy,#/components/schemas/CountryCode,#/components/schemas/CountryCode
REF_PAYS,78a49aa716180d4b0a3049e76af3ae3b06a188c2bafb789b11d31ddc9edf17f0,,BM,Bermudes,Bermuda,#/components/schemas/CountryCode,#/components/schemas/CountryCode
REF_PAYS,78a49aa716180d4b0a3049e76af3ae3b06a188c2bafb789b11d31ddc9edf17f0,,BN,Brunéi Darussalam,Brunei Darussalam,#/components/schemas/CountryCode,#/components/schemas/CountryCode
REF_PAYS,78a49aa716180d4b0a3049e76af3ae3b06a188c2bafb789b11d31ddc9edf17f0,,BO,Bolivie (État plurinational de),Bolivia (Plurinational State of),#/components/schemas/CountryCode,#/components/schemas/CountryCode
REF_PAYS,78a49aa716180d4b0a3049e76af3ae3b06a188c2bafb789b11d31ddc9edf17f0,,BQ,Bonaire (Saint-Eustache et Saba),Bonaire (Sint Eustatius and Saba),#/components/schemas/CountryCode,#/components/schemas/CountryCode
REF_PAYS,78a49aa716180d4b0a3049e76af3ae3b06a188c2bafb789b11d31ddc9edf17f0,,BR,Brésil,Brazil,#/components/schemas/CountryCode,#/components/schemas/CountryCode
REF_PAYS,78a49aa716180d4b0a3049e76af3ae3b06a188c2bafb789b11d31ddc9edf17f0,,BS,Bahamas,Bahamas,#/components/schemas/CountryCode,#/components/schemas/CountryCode
REF_PAYS,78a49aa716180d4b0a3049e76af3ae3b06a188c2bafb789b11d31ddc9edf17f0,,BT,Bhoutan,Bhutan,#/components/schemas/CountryCode,#/components/schemas/CountryCode
REF_PAYS,78a49aa716180d4b0a3049e76af3ae3b06a188c2bafb789b11d31ddc9edf17f0,,BV,Île Bouvet,Bouvet Island,#/components/schemas/CountryCode,#/components/schemas/CountryCode
REF_PAYS,78a49aa716180d4b0a3049e76af3ae3b06a188c2bafb789b11d31ddc9edf17f0,,BW,Botswana,Botswana,#/components/schemas/CountryCode,#/components/schemas/CountryCode
REF_PAYS,78a49aa716180d4b0a3049e76af3ae3b06a188c2bafb789b11d31ddc9edf17f0,,BY,Bélarus,Belarus,#/components/schemas/CountryCode,#/components/schemas/CountryCode
REF_PAYS,78a49aa716180d4b0a3049e76af3ae3b06a188c2bafb789b11d31ddc9edf17f0,,BZ,Belize,Belize,#/components/schemas/CountryCode,#/components/schemas/CountryCode
REF_PAYS,78a49aa716180d4b0a3049e76af3ae3b06a188c2bafb789b11d31ddc9edf17f0,,CC,Îles Cocos (Keeling),Cocos (Keeling) Islands,#/components/schemas/CountryCode,#/components/schemas/CountryCode
REF_PAYS,78a49aa716180d4b0a3049e76af3ae3b06a188c2bafb789b11d31ddc9edf17f0,,CD,Congo (la République démocratique du),Congo (the Democratic Republic of the),#/components/schemas/CountryCode,#/components/schemas/CountryCode
REF_PAYS,78a49aa716180d4b0a3049e76af3ae3b06a188c2bafb789b11d31ddc9edf17f0,,CF,République centrafricaine,Central African Republic,#/components/schemas/CountryCode,#/components/schemas/CountryCode
REF_PAYS,78a49aa716180d4b0a3049e76af3ae3b06a188c2bafb789b11d31ddc9edf17f0,,CG,Congo (le),Congo (the),#/components/schemas/CountryCode,#/components/schemas/CountryCode
REF_PAYS,78a49aa716180d4b0a3049e76af3ae3b06a188c2bafb789b11d31ddc9edf17f0,,CH,Suisse,Switzerland,#/components/schemas/CountryCode,#/components/schemas/CountryCode
REF_PAYS,78a49aa716180d4b0a3049e76af3ae3b06a188c2bafb789b11d31ddc9edf17f0,,CI,Côte d'Ivoire,Cote d'Ivoire,#/components/schemas/CountryCode,#/components/schemas/CountryCode
REF_PAYS,78a49aa716180d4b0a3049e76af3ae3b06a188c2bafb789b11d31ddc9edf17f0,,CK,Îles Cook,Cook Islands,#/components/schemas/CountryCode,#/components/schemas/CountryCode
REF_PAYS,78a49aa716180d4b0a3049e76af3ae3b06a188c2bafb789b11d31ddc9edf17f0,,CL,Chili,Chile,#/components/schemas/CountryCode,#/components/schemas/CountryCode
REF_PAYS,78a49aa716180d4b0a3049e76af3ae3b06a188c2bafb789b11d31ddc9edf17f0,,CM,Cameroun,Cameroon,#/components/schemas/CountryCode,#/components/schemas/CountryCode
REF_PAYS,78a49aa716180d4b0a3049e76af3ae3b06a188c2bafb789b11d31ddc9edf17f0,,CN,Chine,China,#/components/schemas/CountryCode,#/components/schemas/CountryCode
REF_PAYS,78a49aa716180d4b0a3049e76af3ae3b06a188c2bafb789b11d31ddc9edf17f0,,CO,Colombie,Colombia,#/components/schemas/CountryCode,#/components/schemas/CountryCode
REF_PAYS,78a49aa716180d4b0a3049e76af3ae3b06a188c2bafb789b11d31ddc9edf17f0,,CR,Costa Rica,Costa Rica,#/components/schemas/CountryCode,#/components/schemas/CountryCode
REF_PAYS,78a49aa716180d4b0a3049e76af3ae3b06a188c2bafb789b11d31ddc9edf17f0,,CS,Serbie-et-Monténégro,Serbia and Montenegro,#/components/schemas/CountryCode,#/components/schemas/CountryCode
REF_PAYS,78a49aa716180d4b0a3049e76af3ae3b06a188c2bafb789b11d31ddc9edf17f0,,CU,Cuba,Cuba,#/components/schemas/CountryCode,#/components/schemas/CountryCode
REF_PAYS,78a49aa716180d4b0a3049e76af3ae3b06a188c2bafb789b11d31ddc9edf17f0,,CV,Cap-Vert,Cabo Verde,#/components/schemas/CountryCode,#/components/schemas/CountryCode
REF_PAYS,78a49aa716180d4b0a3049e76af3ae3b06a188c2bafb789b11d31ddc9edf17f0,,CW,Curaçao,Curaçao,#/components/schemas/CountryCode,#/components/schemas/CountryCode
REF_PAYS,78a49aa716180d4b0a3049e76af3ae3b06a188c2bafb789b11d31ddc9edf17f0,,CX,Île Christmas,Christmas Island,#/components/schemas/CountryCode,#/components/schemas/CountryCode
REF_PAYS,78a49aa716180d4b0a3049e76af3ae3b06a188c2bafb789b11d31ddc9edf17f0,,CY,Chypre,Cyprus,#/components/schemas/CountryCode,#/components/schemas/CountryCode
REF_PAYS,78a49aa716180d4b0a3049e76af3ae3b06a188c2bafb789b11d31ddc9edf17f0,,CZ,République tchèque,Czech Republic,#/components/schemas/CountryCode,#/components/schemas/CountryCode
REF_PAYS,78a49aa716180d4b0a3049e76af3ae3b06a188c2bafb789b11d31ddc9edf17f0,,DE,Allemagne,Germany,#/components/schemas/CountryCode,#/components/schemas/CountryCode
REF_PAYS,78a49aa716180d4b0a3049e76af3ae3b06a188c2bafb789b11d31ddc9edf17f0,,DJ,Djibouti,Djibouti,#/components/schemas/CountryCode,#/components/schemas/CountryCode
REF_PAYS,78a49aa716180d4b0a3049e76af3ae3b06a188c2bafb789b11d31ddc9edf17f0,,DK,Danemark,Denmark,#/components/schemas/CountryCode,#/components/schemas/CountryCode
REF_PAYS,78a49aa716180d4b0a3049e76af3ae3b06a188c2bafb789b11d31ddc9edf17f0,,DM,Dominique,Dominica,#/components/schemas/CountryCode,#/components/schemas/CountryCode
REF_PAYS,78a49aa716180d4b0a3049e76af3ae3b06a188c2bafb789b11d31ddc9edf17f0,,DO,République dominicaine,Dominican Republic,#/components/schemas/CountryCode,#/components/schemas/CountryCode
REF_PAYS,78a49aa716180d4b0a3049e76af3ae3b06a188c2bafb789b11d31ddc9edf17f0,,DZ,Algérie,Algeria,#/components/schemas/CountryCode,#/components/schemas/CountryCode
REF_PAYS,78a49aa716180d4b0a3049e76af3ae3b06a188c2bafb789b11d31ddc9edf17f0,,EC,Équateur,Ecuador,#/components/schemas/CountryCode,#/components/schemas/CountryCode
REF_PAYS,78a49aa716180d4b0a3049e76af3ae3b06a188c2bafb789b11d31ddc9edf17f0,,EE,Estonie,Estonia,#/components/schemas/CountryCode,#/components/schemas/CountryCode
REF_PAYS,78a49aa716180d4b0a3049e76af3ae3b06a188c2bafb789b11d31ddc9edf17f0,,EG,Égypte,Egypt,#/components/schemas/CountryCode,#/components/schemas/CountryCode
REF_PAYS,78a49aa716180d4b0a3049e76af3ae3b06a188c2bafb789b11d31ddc9edf17f0,,EH,Sahara occidental,Western Sahara,#/components/schemas/CountryCode,#/components/schemas/CountryCode
REF_PAYS,78a49aa716180d4b0a3049e76af3ae3b06a188c2bafb789b11d31ddc9edf17f0,,ER,Érythrée,Eritrea,#/components/schemas/CountryCode,#/components/schemas/CountryCode
REF_PAYS,78a49aa716180d4b0a3049e76af3ae3b06a188c2bafb789b11d31ddc9edf17f0,,ES,Espagne,Spain,#/components/schemas/CountryCode,#/components/schemas/CountryCode
REF_PAYS,78a49aa716180d4b0a3049e76af3ae3b06a188c2bafb789b11d31ddc9edf17f0,,ET,Éthiopie,Ethiopia,#/components/schemas/CountryCode,#/components/schemas/CountryCode
REF_PAYS,78a49aa716180d4b0a3049e76af3ae3b06a188c2bafb789b11d31ddc9edf17f0,,FI,Finlande,Finland,#/components/schemas/CountryCode,#/components/schemas/CountryCode
REF_PAYS,78a49aa716180d4b0a3049e76af3ae3b06a188c2bafb789b11d31ddc9edf17f0,,FJ,Fidji,Fiji,#/components/schemas/CountryCode,#/components/schemas/CountryCode
REF_PAYS,78a49aa716180d4b0a3049e76af3ae3b06a188c2bafb789b11d31ddc9edf17f0,,FK,Îles Malouines (Falkland; Malvinas),Falkland Islands (Malvinas),#/components/schemas/CountryCode,#/components/schemas/CountryCode
REF_PAYS,78a49aa716180d4b0a3049e76af3ae3b06a188c2bafb789b11d31ddc9edf17f0,,FM,Micronésie (États fédérés de),Micronesia (Federated States of),#/components/schemas/CountryCode,#/components/schemas/CountryCode
REF_PAYS,78a49aa716180d4b0a3049e76af3ae3b06a188c2bafb789b11d31ddc9edf17f0,,FO,Îles Féroé,Faroe Islands,#/components/schemas/CountryCode,#/components/schemas/CountryCode
REF_PAYS,78a49aa716180d4b0a3049e76af3ae3b06a188c2bafb789b11d31ddc9edf17f0,,FR,France,France,#/components/schemas/CountryCode,#/components/schemas/CountryCode
REF_PAYS,78a49aa716180d4b0a3049e76af3ae3b06a188c2bafb789b11d31ddc9edf17f0,,FX,"France, Région métropolitaine","France, Metropolitan",#/components/schemas/CountryCode,#/components/schemas/CountryCode
REF_PAYS,78a49aa716180d4b0a3049e76af3ae3b06a188c2bafb789b11d31ddc9edf17f0,,GA,Gabon,Gabon,#/components/schemas/CountryCode,#/components/schemas/CountryCode
REF_PAYS,78a49aa716180d4b0a3049e76af3ae3b06a188c2bafb789b11d31ddc9edf17f0,,GB,Royaume-Uni (le),United Kingdom (the),#/components/schemas/CountryCode,#/components/schemas/CountryCode
REF_PAYS,78a49aa716180d4b0a3049e76af3ae3b06a188c2bafb789b11d31ddc9edf17f0,,GD,Grenade,Grenada,#/components/schemas/CountryCode,#/components/schemas/CountryCode
REF_PAYS,78a49aa716180d4b0a3049e76af3ae3b06a188c2bafb789b11d31ddc9edf17f0,,GE,Géorgie,Georgia,#/components/schemas/CountryCode,#/components/schemas/CountryCode
REF_PAYS,78a49aa716180d4b0a3049e76af3ae3b06a188c2bafb789b11d31ddc9edf17f0,,GF,Guyane française,French Guiana,#/components/schemas/CountryCode,#/components/schemas/CountryCode
REF_PAYS,78a49aa716180d4b0a3049e76af3ae3b06a188c2bafb789b11d31ddc9edf17f0,,GG,Guernesey,"Guernsey, C.I.",#/components/schemas/CountryCode,#/components/schemas/CountryCode
REF_PAYS,78a49aa716180d4b0a3049e76af3ae3b06a188c2bafb789b11d31ddc9edf17f0,,GH,Ghana,Ghana,#/components/schemas/CountryCode,#/components/schemas/CountryCode
REF_PAYS,78a49aa716180d4b0a3049e76af3ae3b06a188c2bafb789b11d31ddc9edf17f0,,GI,Gibraltar,Gibraltar,#/components/schemas/CountryCode,#/components/schemas/CountryCode
REF_PAYS,78a49aa716180d4b0a3049e76af3ae3b06a188c2bafb789b11d31ddc9edf17f0,,GL,Groenland,Greenland,#/components/schemas/CountryCode,#/components/schemas/CountryCode
REF_PAYS,78a49aa716180d4b0a3049e76af3ae3b06a188c2bafb789b11d31ddc9edf17f0,,GM,Gambie,Gambia,#/components/schemas/CountryCode,#/components/schemas/CountryCode
REF_PAYS,78a49aa716180d4b0a3049e76af3ae3b06a188c2bafb789b11d31ddc9edf17f0,,GN,Guinée,Guinea,#/components/schemas/CountryCode,#/components/schemas/CountryCode
REF_PAYS,78a49aa716180d4b0a3049e76af3ae3b06a188c2bafb789b11d31ddc9edf17f0,,GP,Guadeloupe,Guadeloupe,#/components/schemas/CountryCode,#/components/schemas/CountryCode
REF_PAYS,78a49aa716180d4b0a3049e76af3ae3b06a188c2bafb789b11d31ddc9edf17f0,,GQ,Guinée équatoriale,Equatorial Guinea,#/components/schemas/CountryCode,#/components/schemas/CountryCode
REF_PAYS,78a49aa716180d4b0a3049e76af3ae3b06a188c2bafb789b11d31ddc9edf17f0,,GR,Grèce,Greece,#/components/schemas/CountryCode,#/components/schemas/CountryCode
REF_PAYS,78a49aa716180d4b0a3049e76af3ae3b06a188c2bafb789b11d31ddc9edf17f0,,GS,Îles Géorgie du Sud et Sandwich du Sud,So. Georgia and So. Sandwich Islands,#/components/schemas/CountryCode,#/components/schemas/CountryCode
REF_PAYS,78a49aa716180d4b0a3049e76af3ae3b06a188c2bafb789b11d31ddc9edf17f0,,GT,Guatemala,Guatemala,#/components/schemas/CountryCode,#/components/schemas/CountryCode
REF_PAYS,78a49aa716180d4b0a3049e76af3ae3b06a188c2bafb789b11d31ddc9edf17f0,,GU,Guam,Guam,#/components/schemas/CountryCode,#/components/schemas/CountryCode
REF_PAYS,78a49aa716180d4b0a3049e76af3ae3b06a188c2bafb789b11d31ddc9edf17f0,,GW,Guinée-Bissau,Guinea-Bissau,#/components/schemas/CountryCode,#/components/schemas/CountryCode
REF_PAYS,78a49aa716180d4b0a3049e76af3ae3b06a188c2bafb789b11d31ddc9edf17f0,,GY,Guyana,Guyana,#/components/schemas/CountryCode,#/components/schemas/CountryCode
REF_PAYS,78a49aa716180d4b0a3049e76af3ae3b06a188c2bafb789b11d31ddc9edf17f0,,HK,Hong Kong,Hong Kong,#/components/schemas/CountryCode,#/components/schemas/CountryCode
REF_PAYS,78a49aa716180d4b0a3049e76af3ae3b06a188c2bafb789b11d31ddc9edf17f0,,HM,Îles Heard et McDonald,Heard and McDonald Islands,#/components/schemas/CountryCode,#/components/schemas/CountryCode
REF_PAYS,78a49aa716180d4b0a3049e76af3ae3b06a188c2bafb789b11d31ddc9edf17f0,,HN,Honduras,Honduras,#/components/schemas/CountryCode,#/components/schemas/CountryCode
REF_PAYS,78a49aa716180d4b0a3049e76af3ae3b06a188c2bafb789b11d31ddc9edf17f0,,HR,Croatie (Hrvatska),Croatia (Hrvatska),#/components/schemas/CountryCode,#/components/schemas/CountryCode
REF_PAYS,78a49aa716180d4b0a3049e76af3ae3b06a188c2bafb789b11d31ddc9edf17f0,,HT,Haïti,Haiti,#/components/schemas/CountryCode,#/components/schemas/CountryCode
REF_PAYS,78a49aa716180d4b0a3049e76af3ae3b06a188c2bafb789b11d31ddc9edf17f0,,HU,Hongrie,Hungary,#/components/schemas/CountryCode,#/components/schemas/CountryCode
REF_PAYS,78a49aa716180d4b0a3049e76af3ae3b06a188c2bafb789b11d31ddc9edf17f0,,ID,Indonésie,Indonesia,#/components/schemas/CountryCode,#/components/schemas/CountryCode
REF_PAYS,78a49aa716180d4b0a3049e76af3ae3b06a188c2bafb789b11d31ddc9edf17f0,,IE,Irlande,Ireland,#/components/schemas/CountryCode,#/components/schemas/CountryCode
REF_PAYS,78a49aa716180d4b0a3049e76af3ae3b06a188c2bafb789b11d31ddc9edf17f0,,IL,Israël,Israel,#/components/schemas/CountryCode,#/components/schemas/CountryCode
REF_PAYS,78a49aa716180d4b0a3049e76af3ae3b06a188c2bafb789b11d31ddc9edf17f0,,IM,Île de Man,Isle of Man,#/components/schemas/CountryCode,#/components/schemas/CountryCode
REF_PAYS,78a49aa716180d4b0a3049e76af3ae3b06a188c2bafb789b11d31ddc9edf17f0,,IN,Inde,India,#/components/schemas/CountryCode,#/components/schemas/CountryCode
REF_PAYS,78a49aa716180d4b0a3049e76af3ae3b06a188c2bafb789b11d31ddc9edf17f0,,IO,Territoire britan. de l'océan indien,British Indian Ocean Territory,#/components/schemas/CountryCode,#/components/schemas/CountryCode
REF_PAYS,78a49aa716180d4b0a3049e76af3ae3b06a188c2bafb789b11d31ddc9edf17f0,,IQ,Iraq,Iraq,#/components/schemas/CountryCode,#/components/schemas/CountryCode
REF_PAYS,78a49aa716180d4b0a3049e76af3ae3b06a188c2bafb789b11d31ddc9edf17f0,,IR,Iran (République Islamique d'),Iran (Islamic Republic of),#/components/schemas/CountryCode,#/components/schemas/CountryCode
REF_PAYS,78a49aa716180d4b0a3049e76af3ae3b06a188c2bafb789b11d31ddc9edf17f0,,IS,Islande,Iceland,#/components/schemas/CountryCode,#/components/schemas/CountryCode
REF_PAYS,78a49aa716180d4b0a3049e76af3ae3b06a188c2bafb789b11d31ddc9edf17f0,,IT,Italie,Italy,#/components/schemas/CountryCode,#/components/schemas/CountryCode
REF_PAYS,78a49aa716180d4b0a3049e76af3ae3b06a188c2bafb789b11d31ddc9edf17f0,,JE,Jersey,"Jersey, C.I.",#/components/schemas/CountryCode,#/components/schemas/CountryCode
REF_PAYS,78a49aa716180d4b0a3049e76af3ae3b06a188c2bafb789b11d31ddc9edf17f0,,JM,Jamaïque,Jamaica,#/components/schemas/CountryCode,#/components/schemas/CountryCode
REF_PAYS,78a49aa716180d4b0a3049e76af3ae3b06a188c2bafb789b11d31ddc9edf17f0,,JO,Jordanie,Jordan,#/components/schemas/CountryCode,#/components/schemas/CountryCode
REF_PAYS,78a49aa716180d4b0a3049e76af3ae3b06a188c2bafb789b11d31ddc9edf17f0,,JP,Japon,Japan,#/components/schemas/CountryCode,#/components/schemas/CountryCode
REF_PAYS,78a49aa716180d4b0a3049e76af3ae3b06a188c2bafb789b11d31ddc9edf17f0,,KE,Kenya,Kenya,#/components/schemas/CountryCode,#/components/schemas/CountryCode
REF_PAYS,78a49aa716180d4b0a3049e76af3ae3b06a188c2bafb789b11d31ddc9edf17f0,,KG,Kirghizistan,Kyrgystan,#/components/schemas/CountryCode,#/components/schemas/CountryCode
REF_PAYS,78a49aa716180d4b0a3049e76af3ae3b06a188c2bafb789b11d31ddc9edf17f0,,KH,Cambodge,Cambodia,#/components/schemas/CountryCode,#/components/schemas/CountryCode
REF_PAYS,78a49aa716180d4b0a3049e76af3ae3b06a188c2bafb789b11d31ddc9edf17f0,,KI,Kiribati,Kiribati,#/components/schemas/CountryCode,#/components/schemas/CountryCode
REF_PAYS,78a49aa716180d4b0a3049e76af3ae3b06a188c2bafb789b11d31ddc9edf17f0,,KM,Comores (les),Comoros (the),#/components/schemas/CountryCode,#/components/schemas/CountryCode
REF_PAYS,78a49aa716180d4b0a3049e76af3ae3b06a188c2bafb789b11d31ddc9edf17f0,,KN,Saint-Kitts-et-Nevis,Saint Kitts and Nevis,#/components/schemas/CountryCode,#/components/schemas/CountryCode
REF_PAYS,78a49aa716180d4b0a3049e76af3ae3b06a188c2bafb789b11d31ddc9edf17f0,,KP,Corée (la Rép. populaire dém. de),Korea (Dem. People's Rep. of),#/components/schemas/CountryCode,#/components/schemas/CountryCode
REF_PAYS,78a49aa716180d4b0a3049e76af3ae3b06a188c2bafb789b11d31ddc9edf17f0,,KR,Corée (la République de),Korea (the Republic of),#/components/schemas/CountryCode,#/components/schemas/CountryCode
REF_PAYS,78a49aa716180d4b0a3049e76af3ae3b06a188c2bafb789b11d31ddc9edf17f0,,KW,Koweït,Kuwait,#/components/schemas/CountryCode,#/components/schemas/CountryCode
REF_PAYS,78a49aa716180d4b0a3049e76af3ae3b06a188c2bafb789b11d31ddc9edf17f0,,KY,Îles Caïmans,Cayman Islands,#/components/schemas/CountryCode,#/components/schemas/CountryCode
REF_PAYS,78a49aa716180d4b0a3049e76af3ae3b06a188c2bafb789b11d31ddc9edf17f0,,KZ,Kazakhstan,Kazakhstan,#/components/schemas/CountryCode,#/components/schemas/CountryCode
REF_PAYS,78a49aa716180d4b0a3049e76af3ae3b06a188c2bafb789b11d31ddc9edf17f0,,LA,Laos (République dém. populaire du),Lao People's Dem. Republic,#/components/schemas/CountryCode,#/components/schemas/CountryCode
REF_PAYS,78a49aa716180d4b0a3049e76af3ae3b06a188c2bafb789b11d31ddc9edf17f0,,LB,Liban,Lebanon,#/components/schemas/CountryCode,#/components/schemas/CountryCode
REF_PAYS,78a49aa716180d4b0a3049e76af3ae3b06a188c2bafb789b11d31ddc9edf17f0,,LC,Sainte-Lucie,Saint Lucia,#/components/schemas/CountryCode,#/components/schemas/CountryCode
REF_PAYS,78a49aa716180d4b0a3049e76af3ae3b06a188c2bafb789b11d31ddc9edf17f0,,LI,Liechtenstein,Liechtenstein,#/components/schemas/CountryCode,#/components/schemas/CountryCode
REF_PAYS,78a49aa716180d4b0a3049e76af3ae3b06a188c2bafb789b11d31ddc9edf17f0,,LK,Sri Lanka,Sri Lanka,#/components/schemas/CountryCode,#/components/schemas/CountryCode
REF_PAYS,78a49aa716180d4b0a3049e76af3ae3b06a188c2bafb789b11d31ddc9edf17f0,,LR,Libéria,Liberia,#/components/schemas/CountryCode,#/components/schemas/CountryCode
REF_PAYS,78a49aa716180d4b0a3049e76af3ae3b06a188c2bafb789b11d31ddc9edf17f0,,LS,Lesotho,Lesotho,#/components/schemas/CountryCode,#/components/schemas/CountryCode
REF_PAYS,78a49aa716180d4b0a3049e76af3ae3b06a188c2bafb789b11d31ddc9edf17f0,,LT,Lithuanie,Lithuania,#/components/schemas/CountryCode,#/components/schemas/CountryCode
REF_PAYS,78a49aa716180d4b0a3049e76af3ae3b06a188c2bafb789b11d31ddc9edf17f0,,LU,Luxembourg,Luxembourg,#/components/schemas/CountryCode,#/components/schemas/CountryCode
REF_PAYS,78a49aa716180d4b0a3049e76af3ae3b06a188c2bafb789b11d31ddc9edf17f0,,LV,Lettonie,Latvia,#/components/schemas/CountryCode,#/components/schemas/CountryCode
REF_PAYS,78a49aa716180d4b0a3049e76af3ae3b06a188c2bafb789b11d31ddc9edf17f0,,LY,Jamahiriya arabe libyenne,Libyan Arab Jamahiriya,#/components/schemas/CountryCode,#/components/schemas/CountryCode
REF_PAYS,78a49aa716180d4b0a3049e76af3ae3b06a188c2bafb789b11d31ddc9edf17f0,,MA,Maroc,Morocco,#/components/schemas/CountryCode,#/components/schemas/CountryCode
REF_PAYS,78a49aa716180d4b0a3049e76af3ae3b06a188c2bafb789b11d31ddc9edf17f0,,MC,Monaco,Monaco,#/components/schemas/CountryCode,#/components/schemas/CountryCode
REF_PAYS,78a49aa716180d4b0a3049e76af3ae3b06a188c2bafb789b11d31ddc9edf17f0,,MD,Moldova (République de),Moldova (the Republic of),#/components/schemas/CountryCode,#/components/schemas/CountryCode
REF_PAYS,78a49aa716180d4b0a3049e76af3ae3b06a188c2bafb789b11d31ddc9edf17f0,,ME,Monténégro,Montenegro,#/components/schemas/CountryCode,#/components/schemas/CountryCode
REF_PAYS,78a49aa716180d4b0a3049e76af3ae3b06a188c2bafb789b11d31ddc9edf17f0,,MF,Saint-Martin (partie française),Saint Martin (French part),#/components/schemas/CountryCode,#/components/schemas/CountryCode
REF_PAYS,78a49aa716180d4b0a3049e76af3ae3b06a188c2bafb789b11d31ddc9edf17f0,,MG,Madagascar,Madagascar,#/components/schemas/CountryCode,#/components/schemas/CountryCode
REF_PAYS,78a49aa716180d4b0a3049e76af3ae3b06a188c2bafb789b11d31ddc9edf17f0,,MH,Îles Marshall,Marshall Islands,#/components/schemas/CountryCode,#/components/schemas/CountryCode
REF_PAYS,78a49aa716180d4b0a3049e76af3ae3b06a188c2bafb789b11d31ddc9edf17f0,,MK,Macédoine (Ex république yougoslave),Macedonia (Former Yugoslav Republic),#/components/schemas/CountryCode,#/components/schemas/CountryCode
REF_PAYS,78a49aa716180d4b0a3049e76af3ae3b06a188c2bafb789b11d31ddc9edf17f0,,ML,Mali,Mali,#/components/schemas/CountryCode,#/components/schemas/CountryCode
REF_PAYS,78a49aa716180d4b0a3049e76af3ae3b06a188c2bafb789b11d31ddc9edf17f0,,MM,Myanmar,Myanmar,#/components/schemas/CountryCode,#/components/schemas/CountryCode
REF_PAYS,78a49aa716180d4b0a3049e76af3ae3b06a188c2bafb789b11d31ddc9edf17f0,,MN,Mongolie,Mongolia,#/components/schemas/CountryCode,#/components/schemas/CountryCode
REF_PAYS,78a49aa716180d4b0a3049e76af3ae3b06a188c2bafb789b11d31ddc9edf17f0,,MO,Macao,Macao,#/components/schemas/CountryCode,#/components/schemas/CountryCode
REF_PAYS,78a49aa716180d4b0a3049e76af3ae3b06a188c2bafb789b11d31ddc9edf17f0,,MP,Îles Mariannes du Nord,Northern Mariana Islands,#/components/schemas/CountryCode,#/components/schemas/CountryCode
REF_PAYS,78a49aa716180d4b0a3049e76af3ae3b06a188c2bafb789b11d31ddc9edf17f0,,MQ,Martinique,Martinique,#/components/schemas/CountryCode,#/components/schemas/CountryCode
REF_PAYS,78a49aa716180d4b0a3049e76af3ae3b06a188c2bafb789b11d31ddc9edf17f0,,MR,Mauritanie,Mauritania,#/components/schemas/CountryCode,#/components/schemas/CountryCode
REF_PAYS,78a49aa716180d4b0a3049e76af3ae3b06a188c2bafb789b11d31ddc9edf17f0,,MS,Montserrat,Montserrat,#/components/schemas/CountryCode,#/components/schemas/CountryCode
REF_PAYS,78a49aa716180d4b0a3049e76af3ae3b06a188c2bafb789b11d31ddc9edf17f0,,MT,Malte,Malta,#/components/schemas/CountryCode,#/components/schemas/CountryCode
REF_PAYS,78a49aa716180d4b0a3049e76af3ae3b06a188c2bafb789b11d31ddc9edf17f0,,MU,Maurice (Île),Mauritius,#/components/schemas/CountryCode,#/components/schemas/CountryCode
REF_PAYS,78a49aa716180d4b0a3049e76af3ae3b06a188c2bafb789b11d31ddc9edf17f0,,MV,Maldives,Maldives,#/components/schemas/CountryCode,#/components/schemas/CountryCode
REF_PAYS,78a49aa716180d4b0a3049e76af3ae3b06a188c2bafb789b11d31ddc9edf17f0,,MW,Malawi,Malawi,#/components/schemas/CountryCode,#/components/schemas/CountryCode
REF_PAYS,78a49aa716180d4b0a3049e76af3ae3b06a188c2bafb789b11d31ddc9edf17f0,,MX,Mexique,Mexico,#/components/schemas/CountryCode,#/components/schemas/CountryCode
REF_PAYS,78a49aa716180d4b0a3049e76af3ae3b06a188c2bafb789b11d31ddc9edf17f0,,MY,Malaisie,Malaysia,#/components/schemas/CountryCode,#/components/schemas/CountryCode
REF_PAYS,78a49aa716180d4b0a3049e76af3ae3b06a188c2bafb789b11d31ddc9edf17f0,,MZ,Mozambique,Mozambique,#/components/schemas/CountryCode,#/components/schemas/CountryCode
REF_PAYS,78a49aa716180d4b0a3049e76af3ae3b06a188c2bafb789b11d31ddc9edf17f0,,NA,Namibie,Namibia,#/components/schemas/CountryCode,#/components/schemas/CountryCode
REF_PAYS,78a49aa716180d4b0a3049e76af3ae3b06a188c2bafb789b11d31ddc9edf17f0,,NC,Nouvelle-Calédonie,New Caledonia,#/components/schemas/CountryCode,#/components/schemas/CountryCode
REF_PAYS,78a49aa716180d4b0a3049e76af3ae3b06a188c2bafb789b11d31ddc9edf17f0,,NE,Niger,Niger,#/components/schemas/CountryCode,#/components/schemas/CountryCode
REF_PAYS,78a49aa716180d4b0a3049e76af3ae3b06a188c2bafb789b11d31ddc9edf17f0,,NF,Île Norfolk,Norfolk Island,#/components/schemas/CountryCode,#/components/schemas/CountryCode
REF_PAYS,78a49aa716180d4b0a3049e76af3ae3b06a188c2bafb789b11d31ddc9edf17f0,,NG,Nigéria,Nigeria,#/components/schemas/CountryCode,#/components/schemas/CountryCode
REF_PAYS,78a49aa716180d4b0a3049e76af3ae3b06a188c2bafb789b11d31ddc9edf17f0,,NI,Nicaragua,Nicaragua,#/components/schemas/CountryCode,#/components/schemas/CountryCode
REF_PAYS,78a49aa716180d4b0a3049e76af3ae3b06a188c2bafb789b11d31ddc9edf17f0,,NL,Pays-Bas,Netherlands,#/components/schemas/CountryCode,#/components/schemas/CountryCode
REF_PAYS,78a49aa716180d4b0a3049e76af3ae3b06a188c2bafb789b11d31ddc9edf17f0,,NO,Norvège,Norway,#/components/schemas/CountryCode,#/components/schemas/CountryCode
REF_PAYS,78a49aa716180d4b0a3049e76af3ae3b06a188c2bafb789b11d31ddc9edf17f0,,NP,Népal,Nepal,#/components/schemas/CountryCode,#/components/schemas/CountryCode
REF_PAYS,78a49aa716180d4b0a3049e76af3ae3b06a188c2bafb789b11d31ddc9edf17f0,,NR,Nauru,Nauru,#/components/schemas/CountryCode,#/components/schemas/CountryCode
REF_PAYS,78a49aa716180d4b0a3049e76af3ae3b06a188c2bafb789b11d31ddc9edf17f0,,NU,Niue,Niue,#/components/schemas/CountryCode,#/components/schemas/CountryCode
REF_PAYS,78a49aa716180d4b0a3049e76af3ae3b06a188c2bafb789b11d31ddc9edf17f0,,NZ,Nouvelle-Zélande,New Zealand,#/components/schemas/CountryCode,#/components/schemas/CountryCode
REF_PAYS,78a49aa716180d4b0a3049e76af3ae3b06a188c2bafb789b11d31ddc9edf17f0,,OM,Oman,Oman,#/components/schemas/CountryCode,#/components/schemas/CountryCode
REF_PAYS,78a49aa716180d4b0a3049e76af3ae3b06a188c2bafb789b11d31ddc9edf17f0,,PA,Panama,Panama,#/components/schemas/CountryCode,#/components/schemas/CountryCode
REF_PAYS,78a49aa716180d4b0a3049e76af3ae3b06a188c2bafb789b11d31ddc9edf17f0,,PE,Pérou,Peru,#/components/schemas/CountryCode,#/components/schemas/CountryCode
REF_PAYS,78a49aa716180d4b0a3049e76af3ae3b06a188c2bafb789b11d31ddc9edf17f0,,PF,Polynésie française,French Polynesia,#/components/schemas/CountryCode,#/components/schemas/CountryCode
REF_PAYS,78a49aa716180d4b0a3049e76af3ae3b06a188c2bafb789b11d31ddc9edf17f0,,PG,Papouasie-Nouvelle-Guinée,Papua New Guinea,#/components/schemas/CountryCode,#/components/schemas/CountryCode
REF_PAYS,78a49aa716180d4b0a3049e76af3ae3b06a188c2bafb789b11d31ddc9edf17f0,,PH,Philippines,Philippines,#/components/schemas/CountryCode,#/components/schemas/CountryCode
REF_PAYS,78a49aa716180d4b0a3049e76af3ae3b06a188c2bafb789b11d31ddc9edf17f0,,PK,Pakistan,Pakistan,#/components/schemas/CountryCode,#/components/schemas/CountryCode
REF_PAYS,78a49aa716180d4b0a3049e76af3ae3b06a188c2bafb789b11d31ddc9edf17f0,,PL,Pologne,Poland,#/components/schemas/CountryCode,#/components/schemas/CountryCode
REF_PAYS,78a49aa716180d4b0a3049e76af3ae3b06a188c2bafb789b11d31ddc9edf17f0,,PM,Saint-Pierre-et-Miquelon,Saint Pierre and Miquelon,#/components/schemas/CountryCode,#/components/schemas/CountryCode
REF_PAYS,78a49aa716180d4b0a3049e76af3ae3b06a188c2bafb789b11d31ddc9edf17f0,,PN,Pitcairn,Pitcairn,#/components/schemas/CountryCode,#/components/schemas/CountryCode
REF_PAYS,78a49aa716180d4b0a3049e76af3ae3b06a188c2bafb789b11d31ddc9edf17f0,,PR,Puerto Rico,Puerto Rico,#/components/schemas/CountryCode,#/components/schemas/CountryCode
REF_PAYS,78a49aa716180d4b0a3049e76af3ae3b06a188c2bafb789b11d31ddc9edf17f0,,PS,Palestine (État de),Palestine (State of),#/components/schemas/CountryCode,#/components/schemas/CountryCode
REF_PAYS,78a49aa716180d4b0a3049e76af3ae3b06a188c2bafb789b11d31ddc9edf17f0,,PT,Portugal,Portugal,#/components/schemas/CountryCode,#/components/schemas/CountryCode
REF_PAYS,78a49aa716180d4b0a3049e76af3ae3b06a188c2bafb789b11d31ddc9edf17f0,,PW,Palaos,Palau,#/components/schemas/CountryCode,#/components/schemas/CountryCode
REF_PAYS,78a49aa716180d4b0a3049e76af3ae3b06a188c2bafb789b11d31ddc9edf17f0,,PY,Paraguay,Paraguay,#/components/schemas/CountryCode,#/components/schemas/CountryCode
REF_PAYS,78a49aa716180d4b0a3049e76af3ae3b06a188c2bafb789b11d31ddc9edf17f0,,QA,Qatar,Qatar,#/components/schemas/CountryCode,#/components/schemas/CountryCode
REF_PAYS,78a49aa716180d4b0a3049e76af3ae3b06a188c2bafb789b11d31ddc9edf17f0,,RE,Réunion (Île de la),Reunion Island,#/components/schemas/CountryCode,#/components/schemas/CountryCode
REF_PAYS,78a49aa716180d4b0a3049e76af3ae3b06a188c2bafb789b11d31ddc9edf17f0,,RO,Roumanie,Romania,#/components/schemas/CountryCode,#/components/schemas/CountryCode
REF_PAYS,78a49aa716180d4b0a3049e76af3ae3b06a188c2bafb789b11d31ddc9edf17f0,,RS,Serbie,Serbia,#/components/schemas/CountryCode,#/components/schemas/CountryCode
REF_PAYS,78a49aa716180d4b0a3049e76af3ae3b06a188c2bafb789b11d31ddc9edf17f0,,RU,Russie (la Fédération de),Russian Federation (the),#/components/schemas/CountryCode,#/components/schemas/CountryCode
REF_PAYS,78a49aa716180d4b0a3049e76af3ae3b06a188c2bafb789b11d31ddc9edf17f0,,RW,Rwanda,Rwanda,#/components/schemas/CountryCode,#/components/schemas/CountryCode
REF_PAYS,78a49aa716180d4b0a3049e76af3ae3b06a188c2bafb789b11d31ddc9edf17f0,,SA,Arabie saoudite,Saudi Arabia,#/components/schemas/CountryCode,#/components/schemas/CountryCode
REF_PAYS,78a49aa716180d4b0a3049e76af3ae3b06a188c2bafb789b11d31ddc9edf17f0,,SB,Îles Salomon,Solomon Islands,#/components/schemas/CountryCode,#/components/schemas/CountryCode
REF_PAYS,78a49aa716180d4b0a3049e76af3ae3b06a188c2bafb789b11d31ddc9edf17f0,,SC,Seychelles,Seychelles,#/components/schemas/CountryCode,#/components/schemas/CountryCode
REF_PAYS,78a49aa716180d4b0a3049e76af3ae3b06a188c2bafb789b11d31ddc9edf17f0,,SD,Soudan,Sudan,#/components/schemas/CountryCode,#/components/schemas/CountryCode
REF_PAYS,78a49aa716180d4b0a3049e76af3ae3b06a188c2bafb789b11d31ddc9edf17f0,,SE,Suède,Sweden,#/components/schemas/CountryCode,#/components/schemas/CountryCode
REF_PAYS,78a49aa716180d4b0a3049e76af3ae3b06a188c2bafb789b11d31ddc9edf17f0,,SG,Singapour,Singapore,#/components/schemas/CountryCode,#/components/schemas/CountryCode
REF_PAYS,78a49aa716180d4b0a3049e76af3ae3b06a188c2bafb789b11d31ddc9edf17f0,,SH,Sainte-Hélène,Saint Helena,#/components/schemas/CountryCode,#/components/schemas/CountryCode
REF_PAYS,78a49aa716180d4b0a3049e76af3ae3b06a188c2bafb789b11d31ddc9edf17f0,,SI,Slovénie,Slovenia,#/components/schemas/CountryCode,#/components/schemas/CountryCode
REF_PAYS,78a49aa716180d4b0a3049e76af3ae3b06a188c2bafb789b11d31ddc9edf17f0,,SJ,Îles Svalbard et Jan Mayen,Svalbard and Jan Mayen Islands,#/components/schemas/CountryCode,#/components/schemas/CountryCode
REF_PAYS,78a49aa716180d4b0a3049e76af3ae3b06a188c2bafb789b11d31ddc9edf17f0,,SK,Slovaquie (République slovaque),Slovakia (Slovak Republic),#/components/schemas/CountryCode,#/components/schemas/CountryCode
REF_PAYS,78a49aa716180d4b0a3049e76af3ae3b06a188c2bafb789b11d31ddc9edf17f0,,SL,Sierra Leone,Sierra Leone,#/components/schemas/CountryCode,#/components/schemas/CountryCode
REF_PAYS,78a49aa716180d4b0a3049e76af3ae3b06a188c2bafb789b11d31ddc9edf17f0,,SM,Saint-Marin,San Marino,#/components/schemas/CountryCode,#/components/schemas/CountryCode
REF_PAYS,78a49aa716180d4b0a3049e76af3ae3b06a188c2bafb789b11d31ddc9edf17f0,,SN,Sénégal,Senegal,#/components/schemas/CountryCode,#/components/schemas/CountryCode
REF_PAYS,78a49aa716180d4b0a3049e76af3ae3b06a188c2bafb789b11d31ddc9edf17f0,,SO,Somalie,Somalia,#/components/schemas/CountryCode,#/components/schemas/CountryCode
REF_PAYS,78a49aa716180d4b0a3049e76af3ae3b06a188c2bafb789b11d31ddc9edf17f0,,SR,Suriname,Suriname,#/components/schemas/CountryCode,#/components/schemas/CountryCode
REF_PAYS,78a49aa716180d4b0a3049e76af3ae3b06a188c2bafb789b11d31ddc9edf17f0,,SS,Soudan du Sud (le),South Sudan,#/components/schemas/CountryCode,#/components/schemas/CountryCode
REF_PAYS,78a49aa716180d4b0a3049e76af3ae3b06a188c2bafb789b11d31ddc9edf17f0,,ST,Sao Tomé-et-Principe,Sao Tome and Principe,#/components/schemas/CountryCode,#/components/schemas/CountryCode
REF_PAYS,78a49aa716180d4b0a3049e76af3ae3b06a188c2bafb789b11d31ddc9edf17f0,,SV,El Salvador,El Salvador,#/components/schemas/CountryCode,#/components/schemas/CountryCode
REF_PAYS,78a49aa716180d4b0a3049e76af3ae3b06a188c2bafb789b11d31ddc9edf17f0,,SX,Saint-Martin (partie néerlandaise),Sint Maarten (Dutch part),#/components/schemas/CountryCode,#/components/schemas/CountryCode
REF_PAYS,78a49aa716180d4b0a3049e76af3ae3b06a188c2bafb789b11d31ddc9edf17f0,,SY,République arabe syrienne,Syrian Arab Republic,#/components/schemas/CountryCode,#/components/schemas/CountryCode
REF_PAYS,78a49aa716180d4b0a3049e76af3ae3b06a188c2bafb789b11d31ddc9edf17f0,,SZ,Eswatini,Eswatini,#/components/schemas/CountryCode,#/components/schemas/CountryCode
REF_PAYS,78a49aa716180d4b0a3049e76af3ae3b06a188c2bafb789b11d31ddc9edf17f0,,TC,Turks-et-Caïcos (les Iles),Turks and Caicos Islands (the),#/components/schemas/CountryCode,#/components/schemas/CountryCode
REF_PAYS,78a49aa716180d4b0a3049e76af3ae3b06a188c2bafb789b11d31ddc9edf17f0,,TD,Tchad,Chad,#/components/schemas/CountryCode,#/components/schemas/CountryCode
REF_PAYS,78a49aa716180d4b0a3049e76af3ae3b06a188c2bafb789b11d31ddc9edf17f0,,TF,Territoires méridionaux français,French Southern Territories,#/components/schemas/CountryCode,#/components/schemas/CountryCode
REF_PAYS,78a49aa716180d4b0a3049e76af3ae3b06a188c2bafb789b11d31ddc9edf17f0,,TG,Togo,Togo,#/components/schemas/CountryCode,#/components/schemas/CountryCode
REF_PAYS,78a49aa716180d4b0a3049e76af3ae3b06a188c2bafb789b11d31ddc9edf17f0,,TH,Thaïlande,Thailand,#/components/schemas/CountryCode,#/components/schemas/CountryCode
REF_PAYS,78a49aa716180d4b0a3049e76af3ae3b06a188c2bafb789b11d31ddc9edf17f0,,TJ,Tadjikistan,Tajikistan,#/components/schemas/CountryCode,#/components/schemas/CountryCode
REF_PAYS,78a49aa716180d4b0a3049e76af3ae3b06a188c2bafb789b11d31ddc9edf17f0,,TK,Tokelau,Tokelau,#/components/schemas/CountryCode,#/components/schemas/CountryCode
REF_PAYS,78a49aa716180d4b0a3049e76af3ae3b06a188c2bafb789b11d31ddc9edf17f0,,TL,Timor-Leste,Timor-Leste,#/components/schemas/CountryCode,#/components/schemas/CountryCode
REF_PAYS,78a49aa716180d4b0a3049e76af3ae3b06a188c2bafb789b11d31ddc9edf17f0,,TM,Turkménistan,Turkmenistan,#/components/schemas/CountryCode,#/components/schemas/CountryCode
REF_PAYS,78a49aa716180d4b0a3049e76af3ae3b06a188c2bafb789b11d31ddc9edf17f0,,TN,Tunisie,Tunisia,#/components/schemas/CountryCode,#/components/schemas/CountryCode
REF_PAYS,78a49aa716180d4b0a3049e76af3ae3b06a188c2bafb789b11d31ddc9edf17f0,,TO,Tonga,Tonga,#/components/schemas/CountryCode,#/components/schemas/CountryCode
REF_PAYS,78a49aa716180d4b0a3049e76af3ae3b06a188c2bafb789b11d31ddc9edf17f0,,TR,Turquie,Turkey,#/components/schemas/CountryCode,#/components/schemas/CountryCode
REF_PAYS,78a49aa716180d4b0a3049e76af3ae3b06a188c2bafb789b11d31ddc9edf17f0,,TT,Trinité-et-Tobago,Trinidad and Tobago,#/components/schemas/CountryCode,#/components/schemas/CountryCode
REF_PAYS,78a49aa716180d4b0a3049e76af3ae3b06a188c2bafb789b11d31ddc9edf17f0,,TV,Tuvalu,Tuvalu,#/components/schemas/CountryCode,#/components/schemas/CountryCode
REF_PAYS,78a49aa716180d4b0a3049e76af3ae3b06a188c2bafb789b11d31ddc9edf17f0,,TW,Taïwan,Taiwan,#/components/schemas/CountryCode,#/components/schemas/CountryCode
REF_PAYS,78a49aa716180d4b0a3049e76af3ae3b06a188c2bafb789b11d31ddc9edf17f0,,TZ,Tanzanie (République-Unie de),Tanzania (United Republic of),#/components/schemas/CountryCode,#/components/schemas/CountryCode
REF_PAYS,78a49aa716180d4b0a3049e76af3ae3b06a188c2bafb789b11d31ddc9edf17f0,,UA,Ukraine,Ukraine,#/components/schemas/CountryCode,#/components/schemas/CountryCode
REF_PAYS,78a49aa716180d4b0a3049e76af3ae3b06a188c2bafb789b11d31ddc9edf17f0,,UG,Ouganda,Uganda,#/components/schemas/CountryCode,#/components/schemas/CountryCode
REF_PAYS,78a49aa716180d4b0a3049e76af3ae3b06a188c2bafb789b11d31ddc9edf17f0,,UM,Îles mineures éloignées des États-Unis,United States Minor Outlying Is.'s,#/components/schemas/CountryCode,#/components/schemas/CountryCode
REF_PAYS,78a49aa716180d4b0a3049e76af3ae3b06a188c2bafb789b11d31ddc9edf17f0,,UY,Uruguay,Uruguay,#/components/schemas/CountryCode,#/components/schemas/CountryCode
REF_PAYS,78a49aa716180d4b0a3049e76af3ae3b06a188c2bafb789b11d31ddc9edf17f0,,UZ,Ouzbékistan,Uzbekistan,#/components/schemas/CountryCode,#/components/schemas/CountryCode
REF_PAYS,78a49aa716180d4b0a3049e76af3ae3b06a188c2bafb789b11d31ddc9edf17f0,,VA,Saint-Siège (le),Holy See (the),#/components/schemas/CountryCode,#/components/schemas/CountryCode
REF_PAYS,78a49aa716180d4b0a3049e76af3ae3b06a188c2bafb789b11d31ddc9edf17f0,,VC,Saint-Vincent-et-les-Grenadines,Saint Vincent and the Grenadines,#/components/schemas/CountryCode,#/components/schemas/CountryCode
REF_PAYS,78a49aa716180d4b0a3049e76af3ae3b06a188c2bafb789b11d31ddc9edf17f0,,VE,Venezuela (République bolivarienne du),Venezuela (Bolivarian Republic of),#/components/schemas/CountryCode,#/components/schemas/CountryCode
REF_PAYS,78a49aa716180d4b0a3049e76af3ae3b06a188c2bafb789b11d31ddc9edf17f0,,VG,Vierges britanniques (les Iles),Virgin Islands (British),#/components/schemas/CountryCode,#/components/schemas/CountryCode
REF_PAYS,78a49aa716180d4b0a3049e76af3ae3b06a188c2bafb789b11d31ddc9edf17f0,,VI,Vierges des États-Unix (les Iles),Virgin Islands (U.S.),#/components/schemas/CountryCode,#/components/schemas/CountryCode
REF_PAYS,78a49aa716180d4b0a3049e76af3ae3b06a188c2bafb789b11d31ddc9edf17f0,,VN,Viet Nam,Viet Nam,#/components/schemas/CountryCode,#/components/schemas/CountryCode
REF_PAYS,78a49aa716180d4b0a3049e76af3ae3b06a188c2bafb789b11d31ddc9edf17f0,,VU,Vanuatu,Vanuatu,#/components/schemas/CountryCode,#/components/schemas/CountryCode
REF_PAYS,78a49aa716180d4b0a3049e76af3ae3b06a188c2bafb789b11d31ddc9edf17f0,,WF,Îles Wallis et Futuna,Wallis and Futuna Islands,#/components/schemas/CountryCode,#/components/schemas/CountryCode
REF_PAYS,78a49aa716180d4b0a3049e76af3ae3b06a188c2bafb789b11d31ddc9edf17f0,,WS,Samoa,Samoa,#/components/schemas/CountryCode,#/components/schemas/CountryCode
REF_PAYS,78a49aa716180d4b0a3049e76af3ae3b06a188c2bafb789b11d31ddc9edf17f0,,YE,Yémen,Yemen,#/components/schemas/CountryCode,#/components/schemas/CountryCode
REF_PAYS,78a49aa716180d4b0a3049e76af3ae3b06a188c2bafb789b11d31ddc9edf17f0,,YT,Mayotte,Mayotte,#/components/schemas/CountryCode,#/components/schemas/CountryCode
REF_PAYS,78a49aa716180d4b0a3049e76af3ae3b06a188c2bafb789b11d31ddc9edf17f0,,ZA,Afrique du Sud,South Africa,#/components/schemas/CountryCode,#/components/schemas/CountryCode
REF_PAYS,78a49aa716180d4b0a3049e76af3ae3b06a188c2bafb789b11d31ddc9edf17f0,,ZM,Zambie,Zambia,#/components/schemas/CountryCode,#/components/schemas/CountryCode
REF_PAYS,78a49aa716180d4b0a3049e76af3ae3b06a188c2bafb789b11d31ddc9edf17f0,,ZW,Zimbabwe,Zimbabwe,#/components/schemas/CountryCode,#/components/schemas/CountryCode
REF_PAYS,78a49aa716180d4b0a3049e76af3ae3b06a188c2bafb789b11d31ddc9edf17f0,,ZZ,Inconnu,Unknown,#/components/schemas/CountryCode,#/components/schemas/CountryCode
REF_TYPE_ADRESSE,78a49aa716180d4b0a3049e76af3ae3b06a188c2bafb789b11d31ddc9edf17f0,,1,Adresse structurée,Structured address,#/components/schemas/addressTypeCode,#/components/schemas/addressTypeCode
REF_TYPE_ADRESSE,78a49aa716180d4b0a3049e76af3ae3b06a188c2bafb789b11d31ddc9edf17f0,,2,Adresse non structurée,Unstructured address,#/components/schemas/addressTypeCode,#/components/schemas/addressTypeCode
REF_TYPE_IDENTIFICATION,78a49aa716180d4b0a3049e76af3ae3b06a188c2bafb789b11d31ddc9edf17f0,PERSON,1,Certificat de naissance,Birth certificate,#/components/schemas/personIdentificationWithJurisdiction/properties/identifierTypeCode,#/components/schemas/personIdentificationWithJurisdiction/properties/identifierTypeCode
REF_TYPE_IDENTIFICATION,78a49aa716180d4b0a3049e76af3ae3b06a188c2bafb789b11d31ddc9edf17f0,PERSON,2,Passeport,Passport,#/components/schemas/personIdentificationWithJurisdiction/properties/identifierTypeCode,#/components/schemas/personIdentificationWithJurisdiction/properties/identifierTypeCode
REF_TYPE_IDENTIFICATION,78a49aa716180d4b0a3049e76af3ae3b06a188c2bafb789b11d31ddc9edf17f0,PERSON,3,Autre,Other,#/components/schemas/personIdentificationWithJurisdiction/properties/identifierTypeCode,#/components/schemas/personIdentificationWithJurisdiction/properties/identifierTypeCode
REF_TYPE_IDENTIFICATION,78a49aa716180d4b0a3049e76af3ae3b06a188c2bafb789b11d31ddc9edf17f0,PERSON,4,Permis de conduire,Driver's licence,#/components/schemas/personIdentificationWithJurisdiction/properties/identifierTypeCode,#/components/schemas/personIdentificationWithJurisdiction/properties/identifierTypeCode
REF_TYPE_IDENTIFICATION,78a49aa716180d4b0a3049e76af3ae3b06a188c2bafb789b11d31ddc9edf17f0,PERSON,5,Carte d'assurance-maladie provinciale,Provincial health card,#/components/schemas/personIdentificationWithJurisdiction/properties/identifierTypeCode,#/components/schemas/personIdentificationWithJurisdiction/properties/identifierTypeCode
REF_TYPE_IDENTIFICATION,78a49aa716180d4b0a3049e76af3ae3b06a188c2bafb789b11d31ddc9edf17f0,PERSON,14,Carte de citoyenneté,Citizenship card,#/components/schemas/personIdentificationWithJurisdiction/properties/identifierTypeCode,#/components/schemas/personIdentificationWithJurisdiction/properties/identifierTypeCode
REF_TYPE_IDENTIFICATION,78a49aa716180d4b0a3049e76af3ae3b06a188c2bafb789b11d31ddc9edf17f0,PERSON,15,Certificat de statut d'Indien,Certificate of Indian Status,#/components/schemas/personIdentificationWithJurisdiction/properties/identifierTypeCode,#/components/schemas/personIdentificationWithJurisdiction/properties/identifierTypeCode
REF_TYPE_IDENTIFICATION,78a49aa716180d4b0a3049e76af3ae3b06a188c2bafb789b11d31ddc9edf17f0,PERSON,27,Carte d'assurance sociale,Social Insurance Number card,#/components/schemas/personIdentificationWithJurisdiction/properties/identifierTypeCode,#/components/schemas/personIdentificationWithJurisdiction/properties/identifierTypeCode
REF_TYPE_IDENTIFICATION,78a49aa716180d4b0a3049e76af3ae3b06a188c2bafb789b11d31ddc9edf17f0,PERSON,32,Carte de résident permanent,Permanent resident card,#/components/schemas/personIdentificationWithJurisdiction/properties/identifierTypeCode,#/components/schemas/personIdentificationWithJurisdiction/properties/identifierTypeCode
REF_TYPE_IDENTIFICATION,78a49aa716180d4b0a3049e76af3ae3b06a188c2bafb789b11d31ddc9edf17f0,PERSON,33,Fiche d'établissement,Record of landing,#/components/schemas/personIdentificationWithJurisdiction/properties/identifierTypeCode,#/components/schemas/personIdentificationWithJurisdiction/properties/identifierTypeCode
REF_TYPE_IDENTIFICATION,78a49aa716180d4b0a3049e76af3ae3b06a188c2bafb789b11d31ddc9edf17f0,PERSON,34,Dossier de crédit,Credit file,#/components/schemas/personIdentificationWithJurisdiction/properties/identifierTypeCode,#/components/schemas/personIdentificationWithJurisdiction/properties/identifierTypeCode
REF_TYPE_IDENTIFICATION,78a49aa716180d4b0a3049e76af3ae3b06a188c2bafb789b11d31ddc9edf17f0,PERSON,35,Doc. d'identité délivré par gouvrnement,Government issued identification,#/components/schemas/personIdentificationWithJurisdiction/properties/identifierTypeCode,#/components/schemas/personIdentificationWithJurisdiction/properties/identifierTypeCode
REF_TYPE_IDENTIFICATION,78a49aa716180d4b0a3049e76af3ae3b06a188c2bafb789b11d31ddc9edf17f0,PERSON,36,Document d'assurance,Insurance documents,#/components/schemas/personIdentificationWithJurisdiction/properties/identifierTypeCode,#/components/schemas/personIdentificationWithJurisdiction/properties/identifierTypeCode
REF_TYPE_IDENTIFICATION,78a49aa716180d4b0a3049e76af3ae3b06a188c2bafb789b11d31ddc9edf17f0,PERSON,37,Carte d'identité prov. ou territoriale,Provincial or territorial identity card,#/components/schemas/personIdentificationWithJurisdiction/properties/identifierTypeCode,#/components/schemas/personIdentificationWithJurisdiction/properties/identifierTypeCode
REF_TYPE_IDENTIFICATION,78a49aa716180d4b0a3049e76af3ae3b06a188c2bafb789b11d31ddc9edf17f0,PERSON,38,Relevé d'emploi,Record of employment,#/components/schemas/personIdentificationWithJurisdiction/properties/identifierTypeCode,#/components/schemas/personIdentificationWithJurisdiction/properties/identifierTypeCode
REF_TYPE_IDENTIFICATION,78a49aa716180d4b0a3049e76af3ae3b06a188c2bafb789b11d31ddc9edf17f0,PERSON,39,Visa de visiteur,Travel visa,#/components/schemas/personIdentificationWithJurisdiction/properties/identifierTypeCode,#/components/schemas/personIdentificationWithJurisdiction/properties/identifierTypeCode
REF_TYPE_IDENTIFICATION,78a49aa716180d4b0a3049e76af3ae3b06a188c2bafb789b11d31ddc9edf17f0,PERSON,40,Relevé de compte de services publics,Utility statement,#/components/schemas/personIdentificationWithJurisdiction/properties/identifierTypeCode,#/components/schemas/personIdentificationWithJurisdiction/properties/identifierTypeCode
REF_TYPE_IDENTIFICATION,78a49aa716180d4b0a3049e76af3ae3b06a188c2bafb789b11d31ddc9edf17f0,ENTITY,1,Acte d'association,Articles of association,#/components/schemas/entityIdentificationWithJurisdiction/properties/identifierTypeCode,#/components/schemas/entityIdentificationWithJurisdiction/properties/identifierTypeCode
REF_TYPE_IDENTIFICATION,78a49aa716180d4b0a3049e76af3ae3b06a188c2bafb789b11d31ddc9edf17f0,ENTITY,2,Cert. de constitution en personne morale,Certificate of corporate status,#/components/schemas/entityIdentificationWithJurisdiction/properties/identifierTypeCode,#/components/schemas/entityIdentificationWithJurisdiction/properties/identifierTypeCode
REF_TYPE_IDENTIFICATION,78a49aa716180d4b0a3049e76af3ae3b06a188c2bafb789b11d31ddc9edf17f0,ENTITY,3,Certificat d'incorporation,Certificate of incorporation,#/components/schemas/entityIdentificationWithJurisdiction/properties/identifierTypeCode,#/components/schemas/entityIdentificationWithJurisdiction/properties/identifierTypeCode
REF_TYPE_IDENTIFICATION,78a49aa716180d4b0a3049e76af3ae3b06a188c2bafb789b11d31ddc9edf17f0,ENTITY,4,Letter/Avis de cotisation,Letter/Notice of assessment,#/components/schemas/entityIdentificationWithJurisdiction/properties/identifierTypeCode,#/components/schemas/entityIdentificationWithJurisdiction/properties/identifierTypeCode
REF_TYPE_IDENTIFICATION,78a49aa716180d4b0a3049e76af3ae3b06a188c2bafb789b11d31ddc9edf17f0,ENTITY,5,Accord de partenariat,Partnership agreement,#/components/schemas/entityIdentificationWithJurisdiction/properties/identifierTypeCode,#/components/schemas/entityIdentificationWithJurisdiction/properties/identifierTypeCode
REF_TYPE_IDENTIFICATION,78a49aa716180d4b0a3049e76af3ae3b06a188c2bafb789b11d31ddc9edf17f0,ENTITY,6,Rapport annuel,Annual report,#/components/schemas/entityIdentificationWithJurisdiction/properties/identifierTypeCode,#/components/schemas/entityIdentificationWithJurisdiction/properties/identifierTypeCode
REF_TYPE_IDENTIFICATION,78a49aa716180d4b0a3049e76af3ae3b06a188c2bafb789b11d31ddc9edf17f0,ENTITY,7,Autre,Other,#/components/schemas/entityIdentificationWithJurisdiction/properties/identifierTypeCode,#/components/schemas/entityIdentificationWithJurisdiction/properties/identifierTypeCode
REF_TYPE_ENREGISTREMENT,78a49aa716180d4b0a3049e76af3ae3b06a188c2bafb789b11d31ddc9edf17f0,,1,Enregistrée,Registered,#/components/schemas/IncorporationRegistrationTypeCode,#/components/schemas/IncorporationRegistrationTypeCode
REF_TYPE_ENREGISTREMENT,78a49aa716180d4b0a3049e76af3ae3b06a188c2bafb789b11d31ddc9edf17f0,,2,Constituée,Incorporated,#/components/schemas/IncorporationRegistrationTypeCode,#/components/schemas/IncorporationRegistrationTypeCode
REF_TYPE_ENREGISTREMENT,78a49aa716180d4b0a3049e76af3ae3b06a188c2bafb789b11d31ddc9edf17f0,,4,Enregistrée et constituée,Registered and incorporated,#/components/schemas/IncorporationRegistrationTypeCode,#/components/schemas/IncorporationRegistrationTypeCode
REF_TYPE_ENREGISTREMENT,78a49aa716180d4b0a3049e76af3ae3b06a188c2bafb789b11d31ddc9edf17f0,,5,Inconnu,Unknown,#/components/schemas/IncorporationRegistrationTypeCode,#/components/schemas/IncorporationRegistrationTypeCode
REF_STRUCTURE_ENTITE,78a49aa716180d4b0a3049e76af3ae3b06a188c2bafb789b11d31ddc9edf17f0,,1,Personne morale,Corporation,#/components/schemas/entityAndBeneficialOwnershipDetails/properties/structureTypeCode,#/components/schemas/entityAndBeneficialOwnershipDetails/properties/structureTypeCode
REF_STRUCTURE_ENTITE,78a49aa716180d4b0a3049e76af3ae3b06a188c2bafb789b11d31ddc9edf17f0,,2,Entité autre qu'une pers. morale/fid.,Entity other than a corporation or trust,#/components/schemas/entityAndBeneficialOwnershipDetails/properties/structureTypeCode,#/components/schemas/entityAndBeneficialOwnershipDetails/properties/structureTypeCode
REF_STRUCTURE_ENTITE,78a49aa716180d4b0a3049e76af3ae3b06a188c2bafb789b11d31ddc9edf17f0,,3,Fiducie,Trust,#/components/schemas/entityAndBeneficialOwnershipDetails/properties/structureTypeCode,#/components/schemas/entityAndBeneficialOwnershipDetails/properties/structureTypeCode
REF_STRUCTURE_ENTITE,78a49aa716180d4b0a3049e76af3ae3b06a188c2bafb789b11d31ddc9edf17f0,,4,Fid. à particip. multi./cotée en bourse,Widely held or publicly traded trust,#/components/schemas/entityAndBeneficialOwnershipDetails/properties/structureTypeCode,#/components/schemas/entityAndBeneficialOwnershipDetails/properties/structureTypeCode
REF_METHODE_OPERATION,78a49aa716180d4b0a3049e76af3ae3b06a188c2bafb789b11d31ddc9edf17f0,,1,En personne,In person,#/components/schemas/STRReport/properties/transactions/items/properties/suspiciousTransactionDetails/properties/methodCode,#/components/schemas/STRReport/properties/transactions/items/properties/suspiciousTransactionDetails/properties/methodCode
REF_METHODE_OPERATION,78a49aa716180d4b0a3049e76af3ae3b06a188c2bafb789b11d31ddc9edf17f0,,2,Guichet automatique bancaire,Automated banking machine,#/components/schemas/STRReport/properties/transactions/items/properties/suspiciousTransactionDetails/properties/methodCode,#/components/schemas/STRReport/properties/transactions/items/properties/suspiciousTransactionDetails/properties/methodCode
REF_METHODE_OPERATION,78a49aa716180d4b0a3049e76af3ae3b06a188c2bafb789b11d31ddc9edf17f0,,3,Véhicule blindé,Armoured car,#/components/schemas/STRReport/properties/transactions/items/properties/suspiciousTransactionDetails/properties/methodCode,#/components/schemas/STRReport/properties/transactions/items/properties/suspiciousTransactionDetails/properties/methodCode
REF_METHODE_OPERATION,78a49aa716180d4b0a3049e76af3ae3b06a188c2bafb789b11d31ddc9edf17f0,,4,Messager,Courier,#/components/schemas/STRReport/properties/transactions/items/properties/suspiciousTransactionDetails/properties/methodCode,#/components/schemas/STRReport/properties/transactions/items/properties/suspiciousTransactionDetails/properties/methodCode
REF_METHODE_OPERATION,78a49aa716180d4b0a3049e76af3ae3b06a188c2bafb789b11d31ddc9edf17f0,,5,Poste,Mail deposit,#/components/schemas/STRReport/properties/transactions/items/properties/suspiciousTransactionDetails/properties/methodCode,#/components/schemas/STRReport/properties/transactions/items/properties/suspiciousTransactionDetails/properties/methodCode
REF_METHODE_OPERATION,78a49aa716180d4b0a3049e76af3ae3b06a188c2bafb789b11d31ddc9edf17f0,,6,Téléphone,Telephone,#/components/schemas/STRReport/properties/transactions/items/properties/suspiciousTransactionDetails/properties/methodCode,#/components/schemas/STRReport/properties/transactions/items/properties/suspiciousTransactionDetails/properties/methodCode
REF_METHODE_OPERATION,78a49aa716180d4b0a3049e76af3ae3b06a188c2bafb789b11d31ddc9edf17f0,,7,Autre,Other,#/components/schemas/STRReport/properties/transactions/items/properties/suspiciousTransactionDetails/properties/methodCode,#/components/schemas/STRReport/properties/transactions/items/properties/suspiciousTransactionDetails/properties/methodCode
REF_METHODE_OPERATION,78a49aa716180d4b0a3049e76af3ae3b06a188c2bafb789b11d31ddc9edf17f0,,8,Dépôt de nuit,Night deposit,#/components/schemas/STRReport/properties/transactions/items/properties/suspiciousTransactionDetails/properties/methodCode,#/components/schemas/STRReport/properties/transactions/items/properties/suspiciousTransactionDetails/properties/methodCode
REF_METHODE_OPERATION,78a49aa716180d4b0a3049e76af3ae3b06a188c2bafb789b11d31ddc9edf17f0,,9,Dépôt express,Quick drop,#/components/schemas/STRReport/properties/transactions/items/properties/suspiciousTransactionDetails/properties/methodCode,#/components/schemas/STRReport/properties/transactions/items/properties/suspiciousTransactionDetails/properties/methodCode
REF_METHODE_OPERATION,78a49aa716180d4b0a3049e76af3ae3b06a188c2bafb789b11d31ddc9edf17f0,,10,Guichet de rachat automatique,Self-redemption kiosk,#/components/schemas/STRReport/properties/transactions/items/properties/suspiciousTransactionDetails/properties/methodCode,#/components/schemas/STRReport/properties/transactions/items/properties/suspiciousTransactionDetails/properties/methodCode
REF_METHODE_OPERATION,78a49aa716180d4b0a3049e76af3ae3b06a188c2bafb789b11d31ddc9edf17f0,,11,Guichet automatique de monnaie virtuelle,Virtual currency ATM,#/components/schemas/STRReport/properties/transactions/items/properties/suspiciousTransactionDetails/properties/methodCode,#/components/schemas/STRReport/properties/transactions/items/properties/suspiciousTransactionDetails/properties/methodCode
REF_METHODE_OPERATION,78a49aa716180d4b0a3049e76af3ae3b06a188c2bafb789b11d31ddc9edf17f0,,12,En ligne,Online,#/components/schemas/STRReport/properties/transactions/items/properties/suspiciousTransactionDetails/properties/methodCode,#/components/schemas/STRReport/properties/transactions/items/properties/suspiciousTransactionDetails/properties/methodCode
REF_SENS_ACTION,78a49aa716180d4b0a3049e76af3ae3b06a188c2bafb789b11d31ddc9edf17f0,,1,Entrée,In,#/components/schemas/STRReport/properties/transactions/items/properties/startingActions/items/properties/details/properties/direction,#/components/schemas/STRReport/properties/transactions/items/properties/startingActions/items/properties/details/properties/direction
REF_SENS_ACTION,78a49aa716180d4b0a3049e76af3ae3b06a188c2bafb789b11d31ddc9edf17f0,,2,Sortie,Out,#/components/schemas/STRReport/properties/transactions/items/properties/startingActions/items/properties/details/properties/direction,#/components/schemas/STRReport/properties/transactions/items/properties/startingActions/items/properties/details/properties/direction
REF_NATURE_FONDS,78a49aa716180d4b0a3049e76af3ae3b06a188c2bafb789b11d31ddc9edf17f0,,1,Traite bancaire,Bank draft,#/components/schemas/STRReport/properties/transactions/items/properties/startingActions/items/properties/details/properties/fundAssetVirtualCurrencyTypeCode,#/components/schemas/STRReport/properties/transactions/items/properties/startingActions/items/properties/details/properties/fundAssetVirtualCurrencyTypeCode
REF_NATURE_FONDS,78a49aa716180d4b0a3049e76af3ae3b06a188c2bafb789b11d31ddc9edf17f0,,2,En espèces,Cash,#/components/schemas/STRReport/properties/transactions/items/properties/startingActions/items/properties/details/properties/fundAssetVirtualCurrencyTypeCode,#/components/schemas/STRReport/properties/transactions/items/properties/startingActions/items/properties/details/properties/fundAssetVirtualCurrencyTypeCode
REF_NATURE_FONDS,78a49aa716180d4b0a3049e76af3ae3b06a188c2bafb789b11d31ddc9edf17f0,,3,Produit de casino,Casino product,#/components/schemas/STRReport/properties/transactions/items/properties/startingActions/items/properties/details/properties/fundAssetVirtualCurrencyTypeCode,#/components/schemas/STRReport/properties/transactions/items/properties/startingActions/items/properties/details/properties/fundAssetVirtualCurrencyTypeCode
REF_NATURE_FONDS,78a49aa716180d4b0a3049e76af3ae3b06a188c2bafb789b11d31ddc9edf17f0,,4,Chèque,Cheque,#/components/schemas/STRReport/properties/transactions/items/properties/startingActions/items/properties/details/properties/fundAssetVirtualCurrencyTypeCode,#/components/schemas/STRReport/properties/transactions/items/properties/startingActions/items/properties/details/properties/fundAssetVirtualCurrencyTypeCode
REF_NATURE_FONDS,78a49aa716180d4b0a3049e76af3ae3b06a188c2bafb789b11d31ddc9edf17f0,,5,Transfert de fonds domestique,Domestic funds transfer,#/components/schemas/STRReport/properties/transactions/items/properties/startingActions/items/properties/details/properties/fundAssetVirtualCurrencyTypeCode,#/components/schemas/STRReport/properties/transactions/items/properties/startingActions/items/properties/details/properties/fundAssetVirtualCurrencyTypeCode
REF_NATURE_FONDS,78a49aa716180d4b0a3049e76af3ae3b06a188c2bafb789b11d31ddc9edf17f0,,6,Transfert de fonds par courriel,Email money transfer,#/components/schemas/STRReport/properties/transactions/items/properties/startingActions/items/properties/details/properties/fundAssetVirtualCurrencyTypeCode,#/components/schemas/STRReport/properties/transactions/items/properties/startingActions/items/properties/details/properties/fundAssetVirtualCurrencyTypeCode
REF_NATURE_FONDS,78a49aa716180d4b0a3049e76af3ae3b06a188c2bafb789b11d31ddc9edf17f0,,7,Retrait de fonds,Funds withdrawal,#/components/schemas/STRReport/properties/transactions/items/properties/startingActions/items/properties/details/properties/fundAssetVirtualCurrencyTypeCode,#/components/schemas/STRReport/properties/transactions/items/properties/startingActions/items/properties/details/properties/fundAssetVirtualCurrencyTypeCode
REF_NATURE_FONDS,78a49aa716180d4b0a3049e76af3ae3b06a188c2bafb789b11d31ddc9edf17f0,,8,Transfert de fonds international,International funds transfer,#/components/schemas/STRReport/properties/transactions/items/properties/startingActions/items/properties/details/properties/fundAssetVirtualCurrencyTypeCode,#/components/schemas/STRReport/properties/transactions/items/properties/startingActions/items/properties/details/properties/fundAssetVirtualCurrencyTypeCode
REF_NATURE_FONDS,78a49aa716180d4b0a3049e76af3ae3b06a188c2bafb789b11d31ddc9edf17f0,,9,Produit d'investissement,Investment product,#/components/schemas/STRReport/properties/transactions/items/properties/startingActions/items/properties/details/properties/fundAssetVirtualCurrencyTypeCode,#/components/schemas/STRReport/properties/transactions/items/properties/startingActions/items/properties/details/properties/fundAssetVirtualCurrencyTypeCode
REF_NATURE_FONDS,78a49aa716180d4b0a3049e76af3ae3b06a188c2bafb789b11d31ddc9edf17f0,,10,Bijoux,Jewellery,#/components/schemas/STRReport/properties/transactions/items/properties/startingActions/items/properties/details/properties/fundAssetVirtualCurrencyTypeCode,#/components/schemas/STRReport/properties/transactions/items/properties/startingActions/items/properties/details/properties/fundAssetVirtualCurrencyTypeCode
REF_NATURE_FONDS,78a49aa716180d4b0a3049e76af3ae3b06a188c2bafb789b11d31ddc9edf17f0,,11,Transfert d'argent mobile,Mobile money transfer,#/components/schemas/STRReport/properties/transactions/items/properties/startingActions/items/properties/details/properties/fundAssetVirtualCurrencyTypeCode,#/components/schemas/STRReport/properties/transactions/items/properties/startingActions/items/properties/details/properties/fundAssetVirtualCurrencyTypeCode
REF_NATURE_FONDS,78a49aa716180d4b0a3049e76af3ae3b06a188c2bafb789b11d31ddc9edf17f0,,12,Mandat,Money order,#/components/schemas/STRReport/properties/transactions/items/properties/startingActions/items/properties/details/properties/fundAssetVirtualCurrencyTypeCode,#/components/schemas/STRReport/properties/transactions/items/properties/startingActions/items/properties/details/properties/fundAssetVirtualCurrencyTypeCode
REF_NATURE_FONDS,78a49aa716180d4b0a3049e76af3ae3b06a188c2bafb789b11d31ddc9edf17f0,,13,Métaux précieux,Precious metals,#/components/schemas/STRReport/properties/transactions/items/properties/startingActions/items/properties/details/properties/fundAssetVirtualCurrencyTypeCode,#/components/schemas/STRReport/properties/transactions/items/properties/startingActions/items/properties/details/properties/fundAssetVirtualCurrencyTypeCode
REF_NATURE_FONDS,78a49aa716180d4b0a3049e76af3ae3b06a188c2bafb789b11d31ddc9edf17f0,,14,Pierres précieuses,Precious stones,#/components/schemas/STRReport/properties/transactions/items/properties/startingActions/items/properties/details/properties/fundAssetVirtualCurrencyTypeCode,#/components/schemas/STRReport/properties/transactions/items/properties/startingActions/items/properties/details/properties/fundAssetVirtualCurrencyTypeCode
REF_NATURE_FONDS,78a49aa716180d4b0a3049e76af3ae3b06a188c2bafb789b11d31ddc9edf17f0,,16,Monnaie virtuelle,Virtual currency,#/components/schemas/STRReport/properties/transactions/items/properties/startingActions/items/properties/details/properties/fundAssetVirtualCurrencyTypeCode,#/components/schemas/STRReport/properties/transactions/items/properties/startingActions/items/properties/details/properties/fundAssetVirtualCurrencyTypeCode
REF_NATURE_FONDS,78a49aa716180d4b0a3049e76af3ae3b06a188c2bafb789b11d31ddc9edf17f0,,17,Autre,Other,#/components/schemas/STRReport/properties/transactions/items/properties/startingActions/items/properties/details/properties/fundAssetVirtualCurrencyTypeCode,#/components/schemas/STRReport/properties/transactions/items/properties/startingActions/items/properties/details/properties/fundAssetVirtualCurrencyTypeCode
REF_DEVISE,78a49aa716180d4b0a3049e76af3ae3b06a188c2bafb789b11d31ddc9edf17f0,,CAD,Dollar canadien,Canadian Dollar,#/components/schemas/CurrencyCode,#/components/schemas/CurrencyCode
REF_DEVISE,78a49aa716180d4b0a3049e76af3ae3b06a188c2bafb789b11d31ddc9edf17f0,,USD,Dollar américain,United States Dollar,#/components/schemas/CurrencyCode,#/components/schemas/CurrencyCode
REF_DEVISE,78a49aa716180d4b0a3049e76af3ae3b06a188c2bafb789b11d31ddc9edf17f0,,ADP,Peseta (Andorre),Andorran Peseta,#/components/schemas/CurrencyCode,#/components/schemas/CurrencyCode
REF_DEVISE,78a49aa716180d4b0a3049e76af3ae3b06a188c2bafb789b11d31ddc9edf17f0,,AED,Dirham des Émirats arabes unis,United Arab Emirates Dirham,#/components/schemas/CurrencyCode,#/components/schemas/CurrencyCode
REF_DEVISE,78a49aa716180d4b0a3049e76af3ae3b06a188c2bafb789b11d31ddc9edf17f0,,AFA,Afghani,Afghani,#/components/schemas/CurrencyCode,#/components/schemas/CurrencyCode
REF_DEVISE,78a49aa716180d4b0a3049e76af3ae3b06a188c2bafb789b11d31ddc9edf17f0,,AFN,Afghani,Afghani,#/components/schemas/CurrencyCode,#/components/schemas/CurrencyCode
REF_DEVISE,78a49aa716180d4b0a3049e76af3ae3b06a188c2bafb789b11d31ddc9edf17f0,,ALL,Lek (Albanie),Lek (Albania),#/components/schemas/CurrencyCode,#/components/schemas/CurrencyCode
REF_DEVISE,78a49aa716180d4b0a3049e76af3ae3b06a188c2bafb789b11d31ddc9edf17f0,,AMD,Dram arménien,Armenian Dram,#/components/schemas/CurrencyCode,#/components/schemas/CurrencyCode
REF_DEVISE,78a49aa716180d4b0a3049e76af3ae3b06a188c2bafb789b11d31ddc9edf17f0,,AOA,Kwanza (Angola),Kwanza (Angola),#/components/schemas/CurrencyCode,#/components/schemas/CurrencyCode
REF_DEVISE,78a49aa716180d4b0a3049e76af3ae3b06a188c2bafb789b11d31ddc9edf17f0,,AOK,Kwanza,Kwanza,#/components/schemas/CurrencyCode,#/components/schemas/CurrencyCode
REF_DEVISE,78a49aa716180d4b0a3049e76af3ae3b06a188c2bafb789b11d31ddc9edf17f0,,AON,Nouveau kwanza,New Kwanza,#/components/schemas/CurrencyCode,#/components/schemas/CurrencyCode
REF_DEVISE,78a49aa716180d4b0a3049e76af3ae3b06a188c2bafb789b11d31ddc9edf17f0,,ARP,Peso argentin,Argentine Peso,#/components/schemas/CurrencyCode,#/components/schemas/CurrencyCode
REF_DEVISE,78a49aa716180d4b0a3049e76af3ae3b06a188c2bafb789b11d31ddc9edf17f0,,ARS,Peso argentin,Argentine Peso,#/components/schemas/CurrencyCode,#/components/schemas/CurrencyCode
REF_DEVISE,78a49aa716180d4b0a3049e76af3ae3b06a188c2bafb789b11d31ddc9edf17f0,,ATS,Schilling (Autriche),Schilling (Austria),#/components/schemas/CurrencyCode,#/components/schemas/CurrencyCode
REF_DEVISE,78a49aa716180d4b0a3049e76af3ae3b06a188c2bafb789b11d31ddc9edf17f0,,AUD,Dollar australien,Australian Dollar,#/components/schemas/CurrencyCode,#/components/schemas/CurrencyCode
REF_DEVISE,78a49aa716180d4b0a3049e76af3ae3b06a188c2bafb789b11d31ddc9edf17f0,,AWF,Florin d'Aruba,Aruba Florin,#/components/schemas/CurrencyCode,#/components/schemas/CurrencyCode
REF_DEVISE,78a49aa716180d4b0a3049e76af3ae3b06a188c2bafb789b11d31ddc9edf17f0,,AWG,Florin d'Aruba,Aruban Guilder,#/components/schemas/CurrencyCode,#/components/schemas/CurrencyCode
REF_DEVISE,78a49aa716180d4b0a3049e76af3ae3b06a188c2bafb789b11d31ddc9edf17f0,,AZM,Manat (Azerbaïdjan),Azerbaijanian Manat,#/components/schemas/CurrencyCode,#/components/schemas/CurrencyCode
REF_DEVISE,78a49aa716180d4b0a3049e76af3ae3b06a188c2bafb789b11d31ddc9edf17f0,,AZN,Manat azerbaïdjanais,Azerbaijan Manat,#/components/schemas/CurrencyCode,#/components/schemas/CurrencyCode
REF_DEVISE,78a49aa716180d4b0a3049e76af3ae3b06a188c2bafb789b11d31ddc9edf17f0,,BAK,Mark convertible,Convertible Mark,#/components/schemas/CurrencyCode,#/components/schemas/CurrencyCode
REF_DEVISE,78a49aa716180d4b0a3049e76af3ae3b06a188c2bafb789b11d31ddc9edf17f0,,BAM,Mark convertible (Bosnie et Herzégovine),Convert. Marks (Bosnia/Herzegovina),#/components/schemas/CurrencyCode,#/components/schemas/CurrencyCode
REF_DEVISE,78a49aa716180d4b0a3049e76af3ae3b06a188c2bafb789b11d31ddc9edf17f0,,BBD,Dollar de la Barbade,Barbados Dollar,#/components/schemas/CurrencyCode,#/components/schemas/CurrencyCode
REF_DEVISE,78a49aa716180d4b0a3049e76af3ae3b06a188c2bafb789b11d31ddc9edf17f0,,BDT,Taka (Bangladesh),Taka (Bangladesh),#/components/schemas/CurrencyCode,#/components/schemas/CurrencyCode
REF_DEVISE,78a49aa716180d4b0a3049e76af3ae3b06a188c2bafb789b11d31ddc9edf17f0,,BEC,Franc belge  (convertible),Belgian Franc (convertible),#/components/schemas/CurrencyCode,#/components/schemas/CurrencyCode
REF_DEVISE,78a49aa716180d4b0a3049e76af3ae3b06a188c2bafb789b11d31ddc9edf17f0,,BEF,Franc belge,Belgian Franc,#/components/schemas/CurrencyCode,#/components/schemas/CurrencyCode
REF_DEVISE,78a49aa716180d4b0a3049e76af3ae3b06a188c2bafb789b11d31ddc9edf17f0,,BEL,Franc Belge  (financier),Belgian Franc (financial),#/components/schemas/CurrencyCode,#/components/schemas/CurrencyCode
REF_DEVISE,78a49aa716180d4b0a3049e76af3ae3b06a188c2bafb789b11d31ddc9edf17f0,,BGL,Lev,Lev,#/components/schemas/CurrencyCode,#/components/schemas/CurrencyCode
REF_DEVISE,78a49aa716180d4b0a3049e76af3ae3b06a188c2bafb789b11d31ddc9edf17f0,,BGN,Leva (Bulgarie),Bulgarian Lev,#/components/schemas/CurrencyCode,#/components/schemas/CurrencyCode
REF_DEVISE,78a49aa716180d4b0a3049e76af3ae3b06a188c2bafb789b11d31ddc9edf17f0,,BHD,Dinar de Bahreïn,Bahraini Dinar,#/components/schemas/CurrencyCode,#/components/schemas/CurrencyCode
REF_DEVISE,78a49aa716180d4b0a3049e76af3ae3b06a188c2bafb789b11d31ddc9edf17f0,,BIF,Franc du Burundi,Burundi Franc,#/components/schemas/CurrencyCode,#/components/schemas/CurrencyCode
REF_DEVISE,78a49aa716180d4b0a3049e76af3ae3b06a188c2bafb789b11d31ddc9edf17f0,,BMD,Dollar des Bermudes,Bermudian Dollar,#/components/schemas/CurrencyCode,#/components/schemas/CurrencyCode
REF_DEVISE,78a49aa716180d4b0a3049e76af3ae3b06a188c2bafb789b11d31ddc9edf17f0,,BND,Dollar de Brunei,Brunei Dollar,#/components/schemas/CurrencyCode,#/components/schemas/CurrencyCode
REF_DEVISE,78a49aa716180d4b0a3049e76af3ae3b06a188c2bafb789b11d31ddc9edf17f0,,BOB,Boliviano,Boliviano,#/components/schemas/CurrencyCode,#/components/schemas/CurrencyCode
REF_DEVISE,78a49aa716180d4b0a3049e76af3ae3b06a188c2bafb789b11d31ddc9edf17f0,,BOP,Peso bolivien,Bolivian Peso,#/components/schemas/CurrencyCode,#/components/schemas/CurrencyCode
REF_DEVISE,78a49aa716180d4b0a3049e76af3ae3b06a188c2bafb789b11d31ddc9edf17f0,,BOV,Mvdol (Bolivie),Mvdol (Bolivia),#/components/schemas/CurrencyCode,#/components/schemas/CurrencyCode
REF_DEVISE,78a49aa716180d4b0a3049e76af3ae3b06a188c2bafb789b11d31ddc9edf17f0,,BRC,Cruzeiro,Cruzeiro,#/components/schemas/CurrencyCode,#/components/schemas/CurrencyCode
REF_DEVISE,78a49aa716180d4b0a3049e76af3ae3b06a188c2bafb789b11d31ddc9edf17f0,,BRL,Réal brésilien,Brazilian Real,#/components/schemas/CurrencyCode,#/components/schemas/CurrencyCode
REF_DEVISE,78a49aa716180d4b0a3049e76af3ae3b06a188c2bafb789b11d31ddc9edf17f0,,BSD,Dollar des Bahamas,Bahamian Dollar,#/components/schemas/CurrencyCode,#/components/schemas/CurrencyCode
REF_DEVISE,78a49aa716180d4b0a3049e76af3ae3b06a188c2bafb789b11d31ddc9edf17f0,,BTN,Ngultrum (Bhoutan),Ngultrum (Bhutan),#/components/schemas/CurrencyCode,#/components/schemas/CurrencyCode
REF_DEVISE,78a49aa716180d4b0a3049e76af3ae3b06a188c2bafb789b11d31ddc9edf17f0,,BTR,Roupie du Bhoutan,Bhutan Rupee,#/components/schemas/CurrencyCode,#/components/schemas/CurrencyCode
REF_DEVISE,78a49aa716180d4b0a3049e76af3ae3b06a188c2bafb789b11d31ddc9edf17f0,,BUK,Kyat,Kyat,#/components/schemas/CurrencyCode,#/components/schemas/CurrencyCode
REF_DEVISE,78a49aa716180d4b0a3049e76af3ae3b06a188c2bafb789b11d31ddc9edf17f0,,BWP,Pula (Botswana),Pula (Botswana),#/components/schemas/CurrencyCode,#/components/schemas/CurrencyCode
REF_DEVISE,78a49aa716180d4b0a3049e76af3ae3b06a188c2bafb789b11d31ddc9edf17f0,,BYN,Rouble bélorusse,Belarusian Ruble,#/components/schemas/CurrencyCode,#/components/schemas/CurrencyCode
REF_DEVISE,78a49aa716180d4b0a3049e76af3ae3b06a188c2bafb789b11d31ddc9edf17f0,,BYR,Rouble bélorusse,Belarusian Ruble,#/components/schemas/CurrencyCode,#/components/schemas/CurrencyCode
REF_DEVISE,78a49aa716180d4b0a3049e76af3ae3b06a188c2bafb789b11d31ddc9edf17f0,,BZD,Dollar de Belize,Belize Dollar,#/components/schemas/CurrencyCode,#/components/schemas/CurrencyCode
REF_DEVISE,78a49aa716180d4b0a3049e76af3ae3b06a188c2bafb789b11d31ddc9edf17f0,,CDF,Franc congolais,Congolese Franc,#/components/schemas/CurrencyCode,#/components/schemas/CurrencyCode
REF_DEVISE,78a49aa716180d4b0a3049e76af3ae3b06a188c2bafb789b11d31ddc9edf17f0,,CDZ,Nouveau zaïre,New Zaire,#/components/schemas/CurrencyCode,#/components/schemas/CurrencyCode
REF_DEVISE,78a49aa716180d4b0a3049e76af3ae3b06a188c2bafb789b11d31ddc9edf17f0,,CHE,WIR Euro (Suisse),WIR Euro (Suisse),#/components/schemas/CurrencyCode,#/components/schemas/CurrencyCode
REF_DEVISE,78a49aa716180d4b0a3049e76af3ae3b06a188c2bafb789b11d31ddc9edf17f0,,CHF,Franc suisse (Liechtenstein),Swiss Franc (Liechtenstein),#/components/schemas/CurrencyCode,#/components/schemas/CurrencyCode
REF_DEVISE,78a49aa716180d4b0a3049e76af3ae3b06a188c2bafb789b11d31ddc9edf17f0,,CHW,WIR Franc (Suisse),WIR Franc Switzerland,#/components/schemas/CurrencyCode,#/components/schemas/CurrencyCode
REF_DEVISE,78a49aa716180d4b0a3049e76af3ae3b06a188c2bafb789b11d31ddc9edf17f0,,CLF,Unidades chilien,Unidades de Formento (Chile),#/components/schemas/CurrencyCode,#/components/schemas/CurrencyCode
REF_DEVISE,78a49aa716180d4b0a3049e76af3ae3b06a188c2bafb789b11d31ddc9edf17f0,,CLP,Peso chilien,Chilean Peso,#/components/schemas/CurrencyCode,#/components/schemas/CurrencyCode
REF_DEVISE,78a49aa716180d4b0a3049e76af3ae3b06a188c2bafb789b11d31ddc9edf17f0,,CNY,Yuan Ren-Min-Bi (Chine),Yuan Renminbi (China),#/components/schemas/CurrencyCode,#/components/schemas/CurrencyCode
REF_DEVISE,78a49aa716180d4b0a3049e76af3ae3b06a188c2bafb789b11d31ddc9edf17f0,,COP,Peso colombien,Colombian Peso,#/components/schemas/CurrencyCode,#/components/schemas/CurrencyCode
REF_DEVISE,78a49aa716180d4b0a3049e76af3ae3b06a188c2bafb789b11d31ddc9edf17f0,,COU,Unidad de Valor Real (Columbie),Unidad de Valor Real (Columbia),#/components/schemas/CurrencyCode,#/components/schemas/CurrencyCode
REF_DEVISE,78a49aa716180d4b0a3049e76af3ae3b06a188c2bafb789b11d31ddc9edf17f0,,CRC,Colon du Costa Rica,Costa Rican Colon,#/components/schemas/CurrencyCode,#/components/schemas/CurrencyCode
REF_DEVISE,78a49aa716180d4b0a3049e76af3ae3b06a188c2bafb789b11d31ddc9edf17f0,,CSD,Dinar serbe,Serbian Dinar,#/components/schemas/CurrencyCode,#/components/schemas/CurrencyCode
REF_DEVISE,78a49aa716180d4b0a3049e76af3ae3b06a188c2bafb789b11d31ddc9edf17f0,,CSK,Couronne,Koruna (Czechoslovakia),#/components/schemas/CurrencyCode,#/components/schemas/CurrencyCode
REF_DEVISE,78a49aa716180d4b0a3049e76af3ae3b06a188c2bafb789b11d31ddc9edf17f0,,CUC,Peso convertible,Peso Convertible,#/components/schemas/CurrencyCode,#/components/schemas/CurrencyCode
REF_DEVISE,78a49aa716180d4b0a3049e76af3ae3b06a188c2bafb789b11d31ddc9edf17f0,,CUP,Peso cubain,Cuban Peso,#/components/schemas/CurrencyCode,#/components/schemas/CurrencyCode
REF_DEVISE,78a49aa716180d4b0a3049e76af3ae3b06a188c2bafb789b11d31ddc9edf17f0,,CVE,Escudo du Cap-Vert,Cape Verde Escudo,#/components/schemas/CurrencyCode,#/components/schemas/CurrencyCode
REF_DEVISE,78a49aa716180d4b0a3049e76af3ae3b06a188c2bafb789b11d31ddc9edf17f0,,CYP,Livre chypriote,Cyprus Pound,#/components/schemas/CurrencyCode,#/components/schemas/CurrencyCode
REF_DEVISE,78a49aa716180d4b0a3049e76af3ae3b06a188c2bafb789b11d31ddc9edf17f0,,CZK,Couronne tchèque,Czech Koruna,#/components/schemas/CurrencyCode,#/components/schemas/CurrencyCode
REF_DEVISE,78a49aa716180d4b0a3049e76af3ae3b06a188c2bafb789b11d31ddc9edf17f0,,DDM,Mark der DDR,Mark der DDR,#/components/schemas/CurrencyCode,#/components/schemas/CurrencyCode
REF_DEVISE,78a49aa716180d4b0a3049e76af3ae3b06a188c2bafb789b11d31ddc9edf17f0,,DEM,Mark allemand,Deutsche Mark,#/components/schemas/CurrencyCode,#/components/schemas/CurrencyCode
REF_DEVISE,78a49aa716180d4b0a3049e76af3ae3b06a188c2bafb789b11d31ddc9edf17f0,,DJF,Franc djiboutien,Djibouti Franc,#/components/schemas/CurrencyCode,#/components/schemas/CurrencyCode
REF_DEVISE,78a49aa716180d4b0a3049e76af3ae3b06a188c2bafb789b11d31ddc9edf17f0,,DKK,Couronne danoise,Danish Krone,#/components/schemas/CurrencyCode,#/components/schemas/CurrencyCode
REF_DEVISE,78a49aa716180d4b0a3049e76af3ae3b06a188c2bafb789b11d31ddc9edf17f0,,DOP,Peso dominicain,Dominican Peso,#/components/schemas/CurrencyCode,#/components/schemas/CurrencyCode
REF_DEVISE,78a49aa716180d4b0a3049e76af3ae3b06a188c2bafb789b11d31ddc9edf17f0,,DZD,Dinar algérien,Algerian Dinar,#/components/schemas/CurrencyCode,#/components/schemas/CurrencyCode
REF_DEVISE,78a49aa716180d4b0a3049e76af3ae3b06a188c2bafb789b11d31ddc9edf17f0,,ECS,Sucre,Sucre,#/components/schemas/CurrencyCode,#/components/schemas/CurrencyCode
REF_DEVISE,78a49aa716180d4b0a3049e76af3ae3b06a188c2bafb789b11d31ddc9edf17f0,,EEK,Couronne estonienne,Kroon (Estonia),#/components/schemas/CurrencyCode,#/components/schemas/CurrencyCode
REF_DEVISE,78a49aa716180d4b0a3049e76af3ae3b06a188c2bafb789b11d31ddc9edf17f0,,EGP,Livre égyptienne,Egyptian Pound,#/components/schemas/CurrencyCode,#/components/schemas/CurrencyCode
REF_DEVISE,78a49aa716180d4b0a3049e76af3ae3b06a188c2bafb789b11d31ddc9edf17f0,,ERN,Nakfa (Érythrée),Nakfa (Eritrea),#/components/schemas/CurrencyCode,#/components/schemas/CurrencyCode
REF_DEVISE,78a49aa716180d4b0a3049e76af3ae3b06a188c2bafb789b11d31ddc9edf17f0,,ESP,Peseta espagnole,Spanish Peseta,#/components/schemas/CurrencyCode,#/components/schemas/CurrencyCode
REF_DEVISE,78a49aa716180d4b0a3049e76af3ae3b06a188c2bafb789b11d31ddc9edf17f0,,ETB,Birr éthiopien,Ethiopian Birr,#/components/schemas/CurrencyCode,#/components/schemas/CurrencyCode
REF_DEVISE,78a49aa716180d4b0a3049e76af3ae3b06a188c2bafb789b11d31ddc9edf17f0,,EUR,Euro,Euro,#/components/schemas/CurrencyCode,#/components/schemas/CurrencyCode
REF_DEVISE,78a49aa716180d4b0a3049e76af3ae3b06a188c2bafb789b11d31ddc9edf17f0,,FIM,Markka,Markka,#/components/schemas/CurrencyCode,#/components/schemas/CurrencyCode
REF_DEVISE,78a49aa716180d4b0a3049e76af3ae3b06a188c2bafb789b11d31ddc9edf17f0,,FJD,Dollar fidjien,Fiji Dollar,#/components/schemas/CurrencyCode,#/components/schemas/CurrencyCode
REF_DEVISE,78a49aa716180d4b0a3049e76af3ae3b06a188c2bafb789b11d31ddc9edf17f0,,FKP,Livre des Îles Malouines,Falkland Islands Pound,#/components/schemas/CurrencyCode,#/components/schemas/CurrencyCode
REF_DEVISE,78a49aa716180d4b0a3049e76af3ae3b06a188c2bafb789b11d31ddc9edf17f0,,FRF,Franc français,French Franc,#/components/schemas/CurrencyCode,#/components/schemas/CurrencyCode
REF_DEVISE,78a49aa716180d4b0a3049e76af3ae3b06a188c2bafb789b11d31ddc9edf17f0,,GBP,Livre sterling (Royaume-Uni),Pound Sterling (United Kingdom),#/components/schemas/CurrencyCode,#/components/schemas/CurrencyCode
REF_DEVISE,78a49aa716180d4b0a3049e76af3ae3b06a188c2bafb789b11d31ddc9edf17f0,,GEL,Lari (Georgia),Lari (Georgia),#/components/schemas/CurrencyCode,#/components/schemas/CurrencyCode
REF_DEVISE,78a49aa716180d4b0a3049e76af3ae3b06a188c2bafb789b11d31ddc9edf17f0,,GHC,Cédi (Ghana),Cedi (Ghana),#/components/schemas/CurrencyCode,#/components/schemas/CurrencyCode
REF_DEVISE,78a49aa716180d4b0a3049e76af3ae3b06a188c2bafb789b11d31ddc9edf17f0,,GHS,Cédi (Ghana),Cedi (Ghana),#/components/schemas/CurrencyCode,#/components/schemas/CurrencyCode
REF_DEVISE,78a49aa716180d4b0a3049e76af3ae3b06a188c2bafb789b11d31ddc9edf17f0,,GIP,Livre de Gibraltar,Gibraltar Pound,#/components/schemas/CurrencyCode,#/components/schemas/CurrencyCode
REF_DEVISE,78a49aa716180d4b0a3049e76af3ae3b06a188c2bafb789b11d31ddc9edf17f0,,GMD,Dalasi (Gambie),Dalasi (Gambia),#/components/schemas/CurrencyCode,#/components/schemas/CurrencyCode
REF_DEVISE,78a49aa716180d4b0a3049e76af3ae3b06a188c2bafb789b11d31ddc9edf17f0,,GNF,Franc guinéen,Guinean Franc,#/components/schemas/CurrencyCode,#/components/schemas/CurrencyCode
REF_DEVISE,78a49aa716180d4b0a3049e76af3ae3b06a188c2bafb789b11d31ddc9edf17f0,,GNS,Syli,Syli,#/components/schemas/CurrencyCode,#/components/schemas/CurrencyCode
REF_DEVISE,78a49aa716180d4b0a3049e76af3ae3b06a188c2bafb789b11d31ddc9edf17f0,,GQE,Ekue,Ekwele,#/components/schemas/CurrencyCode,#/components/schemas/CurrencyCode
REF_DEVISE,78a49aa716180d4b0a3049e76af3ae3b06a188c2bafb789b11d31ddc9edf17f0,,GRD,Drachme,Drachma,#/components/schemas/CurrencyCode,#/components/schemas/CurrencyCode
REF_DEVISE,78a49aa716180d4b0a3049e76af3ae3b06a188c2bafb789b11d31ddc9edf17f0,,GTQ,Quetzal (Guatemala),Quetzal (Guatemala),#/components/schemas/CurrencyCode,#/components/schemas/CurrencyCode
REF_DEVISE,78a49aa716180d4b0a3049e76af3ae3b06a188c2bafb789b11d31ddc9edf17f0,,GWP,Peso de Guinée-Bissau,Guinea-Bissau Peso,#/components/schemas/CurrencyCode,#/components/schemas/CurrencyCode
REF_DEVISE,78a49aa716180d4b0a3049e76af3ae3b06a188c2bafb789b11d31ddc9edf17f0,,GYD,Dollar de Guyana,Guyana Dollar,#/components/schemas/CurrencyCode,#/components/schemas/CurrencyCode
REF_DEVISE,78a49aa716180d4b0a3049e76af3ae3b06a188c2bafb789b11d31ddc9edf17f0,,HKD,Dollar de Hong Kong,Hong Kong Dollar,#/components/schemas/CurrencyCode,#/components/schemas/CurrencyCode
REF_DEVISE,78a49aa716180d4b0a3049e76af3ae3b06a188c2bafb789b11d31ddc9edf17f0,,HNL,Lempira (Honduras),Lempira (Honduras),#/components/schemas/CurrencyCode,#/components/schemas/CurrencyCode
REF_DEVISE,78a49aa716180d4b0a3049e76af3ae3b06a188c2bafb789b11d31ddc9edf17f0,,HRK,Kuna (Croatie),Croatian Kuna,#/components/schemas/CurrencyCode,#/components/schemas/CurrencyCode
REF_DEVISE,78a49aa716180d4b0a3049e76af3ae3b06a188c2bafb789b11d31ddc9edf17f0,,HTG,Gourde (Haïti),Gourde (Haiti),#/components/schemas/CurrencyCode,#/components/schemas/CurrencyCode
REF_DEVISE,78a49aa716180d4b0a3049e76af3ae3b06a188c2bafb789b11d31ddc9edf17f0,,HUF,Forint (Hongrie),Forint (Hungary),#/components/schemas/CurrencyCode,#/components/schemas/CurrencyCode
REF_DEVISE,78a49aa716180d4b0a3049e76af3ae3b06a188c2bafb789b11d31ddc9edf17f0,,IDR,Rupiah (Indonésie),Rupiah (Indonesia),#/components/schemas/CurrencyCode,#/components/schemas/CurrencyCode
REF_DEVISE,78a49aa716180d4b0a3049e76af3ae3b06a188c2bafb789b11d31ddc9edf17f0,,IEP,Livre irlandaise,Irish Pound,#/components/schemas/CurrencyCode,#/components/schemas/CurrencyCode
REF_DEVISE,78a49aa716180d4b0a3049e76af3ae3b06a188c2bafb789b11d31ddc9edf17f0,,ILS,Nouveau shekel israëli,New Israeli Shekel,#/components/schemas/CurrencyCode,#/components/schemas/CurrencyCode
REF_DEVISE,78a49aa716180d4b0a3049e76af3ae3b06a188c2bafb789b11d31ddc9edf17f0,,INR,Roupie indienne,Indian Rupee,#/components/schemas/CurrencyCode,#/components/schemas/CurrencyCode
REF_DEVISE,78a49aa716180d4b0a3049e76af3ae3b06a188c2bafb789b11d31ddc9edf17f0,,IQD,Dinar irakien,Iraqi Dinar,#/components/schemas/CurrencyCode,#/components/schemas/CurrencyCode
REF_DEVISE,78a49aa716180d4b0a3049e76af3ae3b06a188c2bafb789b11d31ddc9edf17f0,,IRR,Rial iranien,Iranian Rial,#/components/schemas/CurrencyCode,#/components/schemas/CurrencyCode
REF_DEVISE,78a49aa716180d4b0a3049e76af3ae3b06a188c2bafb789b11d31ddc9edf17f0,,ISK,Couronne islandaise,Iceland Krona,#/components/schemas/CurrencyCode,#/components/schemas/CurrencyCode
REF_DEVISE,78a49aa716180d4b0a3049e76af3ae3b06a188c2bafb789b11d31ddc9edf17f0,,ITL,Lire,Lira,#/components/schemas/CurrencyCode,#/components/schemas/CurrencyCode
REF_DEVISE,78a49aa716180d4b0a3049e76af3ae3b06a188c2bafb789b11d31ddc9edf17f0,,JMD,Dollar de la Jamaïque,Jamaican Dollar,#/components/schemas/CurrencyCode,#/components/schemas/CurrencyCode
REF_DEVISE,78a49aa716180d4b0a3049e76af3ae3b06a188c2bafb789b11d31ddc9edf17f0,,JOD,Dinar jordanien,Jordanian Dinar,#/components/schemas/CurrencyCode,#/components/schemas/CurrencyCode
REF_DEVISE,78a49aa716180d4b0a3049e76af3ae3b06a188c2bafb789b11d31ddc9edf17f0,,JPY,Yen (Japon),Yen (Japan),#/components/schemas/CurrencyCode,#/components/schemas/CurrencyCode
REF_DEVISE,78a49aa716180d4b0a3049e76af3ae3b06a188c2bafb789b11d31ddc9edf17f0,,KES,Shilling du Kenya,Kenyan Shilling,#/components/schemas/CurrencyCode,#/components/schemas/CurrencyCode
REF_DEVISE,78a49aa716180d4b0a3049e76af3ae3b06a188c2bafb789b11d31ddc9edf17f0,,KGS,Som (Kirghizistan),Som (Kyrgyzstan),#/components/schemas/CurrencyCode,#/components/schemas/CurrencyCode
REF_DEVISE,78a49aa716180d4b0a3049e76af3ae3b06a188c2bafb789b11d31ddc9edf17f0,,KHR,Riel (Cambodge),Riel (Cambodia),#/components/schemas/CurrencyCode,#/components/schemas/CurrencyCode
REF_DEVISE,78a49aa716180d4b0a3049e76af3ae3b06a188c2bafb789b11d31ddc9edf17f0,,KMF,Franc des Comores,Comorian Franc,#/components/schemas/CurrencyCode,#/components/schemas/CurrencyCode
REF_DEVISE,78a49aa716180d4b0a3049e76af3ae3b06a188c2bafb789b11d31ddc9edf17f0,,KPW,Won nord-coréen,North Korean Won,#/components/schemas/CurrencyCode,#/components/schemas/CurrencyCode
REF_DEVISE,78a49aa716180d4b0a3049e76af3ae3b06a188c2bafb789b11d31ddc9edf17f0,,KRW,Won (Corée du Sud),Won (South Korea),#/components/schemas/CurrencyCode,#/components/schemas/CurrencyCode
REF_DEVISE,78a49aa716180d4b0a3049e76af3ae3b06a188c2bafb789b11d31ddc9edf17f0,,KWD,Dinar koweïtien,Kuwaiti Dinar,#/components/schemas/CurrencyCode,#/components/schemas/CurrencyCode
REF_DEVISE,78a49aa716180d4b0a3049e76af3ae3b06a188c2bafb789b11d31ddc9edf17f0,,KYD,Dollar des Îles Caïmans,Cayman Islands Dollar,#/components/schemas/CurrencyCode,#/components/schemas/CurrencyCode
REF_DEVISE,78a49aa716180d4b0a3049e76af3ae3b06a188c2bafb789b11d31ddc9edf17f0,,KZT,Tengue (Kazakhstan),Tenge (Kazakstan),#/components/schemas/CurrencyCode,#/components/schemas/CurrencyCode
REF_DEVISE,78a49aa716180d4b0a3049e76af3ae3b06a188c2bafb789b11d31ddc9edf17f0,,LAK,Laos Kip,Lao Kip,#/components/schemas/CurrencyCode,#/components/schemas/CurrencyCode
REF_DEVISE,78a49aa716180d4b0a3049e76af3ae3b06a188c2bafb789b11d31ddc9edf17f0,,LBP,Livre libanaise,Lebanese Pound,#/components/schemas/CurrencyCode,#/components/schemas/CurrencyCode
REF_DEVISE,78a49aa716180d4b0a3049e76af3ae3b06a188c2bafb789b11d31ddc9edf17f0,,LKR,Roupie sri-lankaise,Sri Lankan Rupee,#/components/schemas/CurrencyCode,#/components/schemas/CurrencyCode
REF_DEVISE,78a49aa716180d4b0a3049e76af3ae3b06a188c2bafb789b11d31ddc9edf17f0,,LRD,Dollar libérien,Liberian Dollar,#/components/schemas/CurrencyCode,#/components/schemas/CurrencyCode
REF_DEVISE,78a49aa716180d4b0a3049e76af3ae3b06a188c2bafb789b11d31ddc9edf17f0,,LSL,Loti (Lesotho),Loti (Lesotho),#/components/schemas/CurrencyCode,#/components/schemas/CurrencyCode
REF_DEVISE,78a49aa716180d4b0a3049e76af3ae3b06a188c2bafb789b11d31ddc9edf17f0,,LSM,Maloti,Maloti,#/components/schemas/CurrencyCode,#/components/schemas/CurrencyCode
REF_DEVISE,78a49aa716180d4b0a3049e76af3ae3b06a188c2bafb789b11d31ddc9edf17f0,,LTL,Litas lituanien,Lithuanian Litas,#/components/schemas/CurrencyCode,#/components/schemas/CurrencyCode
REF_DEVISE,78a49aa716180d4b0a3049e76af3ae3b06a188c2bafb789b11d31ddc9edf17f0,,LUF,Franc luxembourgeois,Luxembourg Franc,#/components/schemas/CurrencyCode,#/components/schemas/CurrencyCode
REF_DEVISE,78a49aa716180d4b0a3049e76af3ae3b06a188c2bafb789b11d31ddc9edf17f0,,LVL,Lats letton,Latvian Lat,#/components/schemas/CurrencyCode,#/components/schemas/CurrencyCode
REF_DEVISE,78a49aa716180d4b0a3049e76af3ae3b06a188c2bafb789b11d31ddc9edf17f0,,LYD,Dinar lybien,Libyan Dinar,#/components/schemas/CurrencyCode,#/components/schemas/CurrencyCode
REF_DEVISE,78a49aa716180d4b0a3049e76af3ae3b06a188c2bafb789b11d31ddc9edf17f0,,MAD,Dirham marocain,Moroccan Dirham,#/components/schemas/CurrencyCode,#/components/schemas/CurrencyCode
REF_DEVISE,78a49aa716180d4b0a3049e76af3ae3b06a188c2bafb789b11d31ddc9edf17f0,,MDL,Leu de Modovie,Moldovan Leu,#/components/schemas/CurrencyCode,#/components/schemas/CurrencyCode
REF_DEVISE,78a49aa716180d4b0a3049e76af3ae3b06a188c2bafb789b11d31ddc9edf17f0,,MGA,Malagasy Ariary (Madagascar),Malagasy Ariary (Madagascar),#/components/schemas/CurrencyCode,#/components/schemas/CurrencyCode
REF_DEVISE,78a49aa716180d4b0a3049e76af3ae3b06a188c2bafb789b11d31ddc9edf17f0,,MGF,Franc malgache,Malagasy Franc,#/components/schemas/CurrencyCode,#/components/schemas/CurrencyCode
REF_DEVISE,78a49aa716180d4b0a3049e76af3ae3b06a188c2bafb789b11d31ddc9edf17f0,,MKD,Denar (Macédoine),Denar (Macedonia),#/components/schemas/CurrencyCode,#/components/schemas/CurrencyCode
REF_DEVISE,78a49aa716180d4b0a3049e76af3ae3b06a188c2bafb789b11d31ddc9edf17f0,,MLF,Franc malien,Mali Franc,#/components/schemas/CurrencyCode,#/components/schemas/CurrencyCode
REF_DEVISE,78a49aa716180d4b0a3049e76af3ae3b06a188c2bafb789b11d31ddc9edf17f0,,MMK,Kyat (Myanmar),Kyat (Myanmar),#/components/schemas/CurrencyCode,#/components/schemas/CurrencyCode
REF_DEVISE,78a49aa716180d4b0a3049e76af3ae3b06a188c2bafb789b11d31ddc9edf17f0,,MNT,Tugrik (Mongolie),Tugrik (Mongolia),#/components/schemas/CurrencyCode,#/components/schemas/CurrencyCode
REF_DEVISE,78a49aa716180d4b0a3049e76af3ae3b06a188c2bafb789b11d31ddc9edf17f0,,MOP,Pataca (Macau),Pataca (Macau),#/components/schemas/CurrencyCode,#/components/schemas/CurrencyCode
REF_DEVISE,78a49aa716180d4b0a3049e76af3ae3b06a188c2bafb789b11d31ddc9edf17f0,,MRO,Ouguiya (Mauritanie),Ouguiya (Mauritania),#/components/schemas/CurrencyCode,#/components/schemas/CurrencyCode
REF_DEVISE,78a49aa716180d4b0a3049e76af3ae3b06a188c2bafb789b11d31ddc9edf17f0,,MRU,Ouguiya,Ouguiya,#/components/schemas/CurrencyCode,#/components/schemas/CurrencyCode
REF_DEVISE,78a49aa716180d4b0a3049e76af3ae3b06a188c2bafb789b11d31ddc9edf17f0,,MTL,Lire maltaise,Maltese Lira,#/components/schemas/CurrencyCode,#/components/schemas/CurrencyCode
REF_DEVISE,78a49aa716180d4b0a3049e76af3ae3b06a188c2bafb789b11d31ddc9edf17f0,,MTP,Livre maltaise,Maltese Pound,#/components/schemas/CurrencyCode,#/components/schemas/CurrencyCode
REF_DEVISE,78a49aa716180d4b0a3049e76af3ae3b06a188c2bafb789b11d31ddc9edf17f0,,MUR,Roupie de Maurice,Mauritian Rupee,#/components/schemas/CurrencyCode,#/components/schemas/CurrencyCode
REF_DEVISE,78a49aa716180d4b0a3049e76af3ae3b06a188c2bafb789b11d31ddc9edf17f0,,MVR,Rufiyaa (Maldives),Rufiyaa (Maldives),#/components/schemas/CurrencyCode,#/components/schemas/CurrencyCode
REF_DEVISE,78a49aa716180d4b0a3049e76af3ae3b06a188c2bafb789b11d31ddc9edf17f0,,MWK,Malawi Kwacha,Malawi Kwacha,#/components/schemas/CurrencyCode,#/components/schemas/CurrencyCode
REF_DEVISE,78a49aa716180d4b0a3049e76af3ae3b06a188c2bafb789b11d31ddc9edf17f0,,MXN,Nouveau peso mexicain,Mexcian Peso,#/components/schemas/CurrencyCode,#/components/schemas/CurrencyCode
REF_DEVISE,78a49aa716180d4b0a3049e76af3ae3b06a188c2bafb789b11d31ddc9edf17f0,,MXP,Peso mexicain,Mexican Peso,#/components/schemas/CurrencyCode,#/components/schemas/CurrencyCode
REF_DEVISE,78a49aa716180d4b0a3049e76af3ae3b06a188c2bafb789b11d31ddc9edf17f0,,MXV,Unidad de Inversion (Mexique),Mexican Unidad de Inversion,#/components/schemas/CurrencyCode,#/components/schemas/CurrencyCode
REF_DEVISE,78a49aa716180d4b0a3049e76af3ae3b06a188c2bafb789b11d31ddc9edf17f0,,MYR,Ringgit malaisien,Malaysian Ringgit,#/components/schemas/CurrencyCode,#/components/schemas/CurrencyCode
REF_DEVISE,78a49aa716180d4b0a3049e76af3ae3b06a188c2bafb789b11d31ddc9edf17f0,,MZM,Metical (Mozambique),Metical (Mosambique),#/components/schemas/CurrencyCode,#/components/schemas/CurrencyCode
REF_DEVISE,78a49aa716180d4b0a3049e76af3ae3b06a188c2bafb789b11d31ddc9edf17f0,,MZN,Metical (Mozambique),Metical (Mozambique),#/components/schemas/CurrencyCode,#/components/schemas/CurrencyCode
REF_DEVISE,78a49aa716180d4b0a3049e76af3ae3b06a188c2bafb789b11d31ddc9edf17f0,,NAD,Dollar namibien,Namibian Dollar,#/components/schemas/CurrencyCode,#/components/schemas/CurrencyCode
REF_DEVISE,78a49aa716180d4b0a3049e76af3ae3b06a188c2bafb789b11d31ddc9edf17f0,,NGN,Naira (Nigeria),Naira (Nigeria),#/components/schemas/CurrencyCode,#/components/schemas/CurrencyCode
REF_DEVISE,78a49aa716180d4b0a3049e76af3ae3b06a188c2bafb789b11d31ddc9edf17f0,,NIC,Cordoba,Cordoba,#/components/schemas/CurrencyCode,#/components/schemas/CurrencyCode
REF_DEVISE,78a49aa716180d4b0a3049e76af3ae3b06a188c2bafb789b11d31ddc9edf17f0,,NIO,Cordoba d'or,Cordoba Oro,#/components/schemas/CurrencyCode,#/components/schemas/CurrencyCode
REF_DEVISE,78a49aa716180d4b0a3049e76af3ae3b06a188c2bafb789b11d31ddc9edf17f0,,NLG,Florin néerlandais,Netherlands Guilder,#/components/schemas/CurrencyCode,#/components/schemas/CurrencyCode
REF_DEVISE,78a49aa716180d4b0a3049e76af3ae3b06a188c2bafb789b11d31ddc9edf17f0,,NOK,Couronne norvégienne,Norwegian Krone,#/components/schemas/CurrencyCode,#/components/schemas/CurrencyCode
REF_DEVISE,78a49aa716180d4b0a3049e76af3ae3b06a188c2bafb789b11d31ddc9edf17f0,,NPR,Roupie népalaise,Nepalese Rupee,#/components/schemas/CurrencyCode,#/components/schemas/CurrencyCode
REF_DEVISE,78a49aa716180d4b0a3049e76af3ae3b06a188c2bafb789b11d31ddc9edf17f0,,NZD,Dollar néo-zélandais,New Zealand Dollar,#/components/schemas/CurrencyCode,#/components/schemas/CurrencyCode
REF_DEVISE,78a49aa716180d4b0a3049e76af3ae3b06a188c2bafb789b11d31ddc9edf17f0,,OMR,Riyal omanais,Omani Rial,#/components/schemas/CurrencyCode,#/components/schemas/CurrencyCode
REF_DEVISE,78a49aa716180d4b0a3049e76af3ae3b06a188c2bafb789b11d31ddc9edf17f0,,PAB,Balboa (Panama),Balboa (Panama),#/components/schemas/CurrencyCode,#/components/schemas/CurrencyCode
REF_DEVISE,78a49aa716180d4b0a3049e76af3ae3b06a188c2bafb789b11d31ddc9edf17f0,,PEN,Sol,Sol,#/components/schemas/CurrencyCode,#/components/schemas/CurrencyCode
REF_DEVISE,78a49aa716180d4b0a3049e76af3ae3b06a188c2bafb789b11d31ddc9edf17f0,,PES,Sol,Sol,#/components/schemas/CurrencyCode,#/components/schemas/CurrencyCode
REF_DEVISE,78a49aa716180d4b0a3049e76af3ae3b06a188c2bafb789b11d31ddc9edf17f0,,PGK,Kina (Papouaise-Nouvelle-Guinée),Kina (Papua New Guinea),#/components/schemas/CurrencyCode,#/components/schemas/CurrencyCode
REF_DEVISE,78a49aa716180d4b0a3049e76af3ae3b06a188c2bafb789b11d31ddc9edf17f0,,PHP,Peso philippin,Philippine Peso,#/components/schemas/CurrencyCode,#/components/schemas/CurrencyCode
REF_DEVISE,78a49aa716180d4b0a3049e76af3ae3b06a188c2bafb789b11d31ddc9edf17f0,,PKR,Roupie pakistanaise,Pakistan Rupee,#/components/schemas/CurrencyCode,#/components/schemas/CurrencyCode
REF_DEVISE,78a49aa716180d4b0a3049e76af3ae3b06a188c2bafb789b11d31ddc9edf17f0,,PLN,Zloty (Pologne),Zloty (Poland),#/components/schemas/CurrencyCode,#/components/schemas/CurrencyCode
REF_DEVISE,78a49aa716180d4b0a3049e76af3ae3b06a188c2bafb789b11d31ddc9edf17f0,,PLZ,Zloty,Zloty,#/components/schemas/CurrencyCode,#/components/schemas/CurrencyCode
REF_DEVISE,78a49aa716180d4b0a3049e76af3ae3b06a188c2bafb789b11d31ddc9edf17f0,,PTE,Escudo portugais,Portugese Escudo,#/components/schemas/CurrencyCode,#/components/schemas/CurrencyCode
REF_DEVISE,78a49aa716180d4b0a3049e76af3ae3b06a188c2bafb789b11d31ddc9edf17f0,,PYG,Guarani (Paraguay),Guarani (Paraguay),#/components/schemas/CurrencyCode,#/components/schemas/CurrencyCode
REF_DEVISE,78a49aa716180d4b0a3049e76af3ae3b06a188c2bafb789b11d31ddc9edf17f0,,QAR,Riyal qatari,Qatari Rial,#/components/schemas/CurrencyCode,#/components/schemas/CurrencyCode
REF_DEVISE,78a49aa716180d4b0a3049e76af3ae3b06a188c2bafb789b11d31ddc9edf17f0,,ROL,Leu (Roumanie),Old Leu (Romania),#/components/schemas/CurrencyCode,#/components/schemas/CurrencyCode
REF_DEVISE,78a49aa716180d4b0a3049e76af3ae3b06a188c2bafb789b11d31ddc9edf17f0,,RON,Leu (Nouveau) (Roumanie),New Leu (Romania),#/components/schemas/CurrencyCode,#/components/schemas/CurrencyCode
REF_DEVISE,78a49aa716180d4b0a3049e76af3ae3b06a188c2bafb789b11d31ddc9edf17f0,,RSD,Dinar serbe,Serbian Dinar,#/components/schemas/CurrencyCode,#/components/schemas/CurrencyCode
REF_DEVISE,78a49aa716180d4b0a3049e76af3ae3b06a188c2bafb789b11d31ddc9edf17f0,,RUB,Rouble russe,Russian Ruble,#/components/schemas/CurrencyCode,#/components/schemas/CurrencyCode
REF_DEVISE,78a49aa716180d4b0a3049e76af3ae3b06a188c2bafb789b11d31ddc9edf17f0,,RUR,Rouble russe,Russian Ruble,#/components/schemas/CurrencyCode,#/components/schemas/CurrencyCode
REF_DEVISE,78a49aa716180d4b0a3049e76af3ae3b06a188c2bafb789b11d31ddc9edf17f0,,RWF,Franc du Rwanda,Rwandan Franc,#/components/schemas/CurrencyCode,#/components/schemas/CurrencyCode
REF_DEVISE,78a49aa716180d4b0a3049e76af3ae3b06a188c2bafb789b11d31ddc9edf17f0,,SAR,Riyal saoudien,Saudi Riyal,#/components/schemas/CurrencyCode,#/components/schemas/CurrencyCode
REF_DEVISE,78a49aa716180d4b0a3049e76af3ae3b06a188c2bafb789b11d31ddc9edf17f0,,SBD,Dollar des Îles Salomon,Solomon Islands Dollar,#/components/schemas/CurrencyCode,#/components/schemas/CurrencyCode
REF_DEVISE,78a49aa716180d4b0a3049e76af3ae3b06a188c2bafb789b11d31ddc9edf17f0,,SBL,Luigino,Luigino,#/components/schemas/CurrencyCode,#/components/schemas/CurrencyCode
REF_DEVISE,78a49aa716180d4b0a3049e76af3ae3b06a188c2bafb789b11d31ddc9edf17f0,,SCR,Roupie seychelloise,Seychelles Rupee,#/components/schemas/CurrencyCode,#/components/schemas/CurrencyCode
REF_DEVISE,78a49aa716180d4b0a3049e76af3ae3b06a188c2bafb789b11d31ddc9edf17f0,,SDD,Dinar soudanaise,Sudanese Dinar,#/components/schemas/CurrencyCode,#/components/schemas/CurrencyCode
REF_DEVISE,78a49aa716180d4b0a3049e76af3ae3b06a188c2bafb789b11d31ddc9edf17f0,,SDG,Livre soudanaise,Sudanese Pound,#/components/schemas/CurrencyCode,#/components/schemas/CurrencyCode
REF_DEVISE,78a49aa716180d4b0a3049e76af3ae3b06a188c2bafb789b11d31ddc9edf17f0,,SDP,Livre soudanaise,Sudanese Pound,#/components/schemas/CurrencyCode,#/components/schemas/CurrencyCode
REF_DEVISE,78a49aa716180d4b0a3049e76af3ae3b06a188c2bafb789b11d31ddc9edf17f0,,SEK,Couronne suédoise,Swedish Krona,#/components/schemas/CurrencyCode,#/components/schemas/CurrencyCode
REF_DEVISE,78a49aa716180d4b0a3049e76af3ae3b06a188c2bafb789b11d31ddc9edf17f0,,SGD,Dollar de Singapour,Singapore Dollar,#/components/schemas/CurrencyCode,#/components/schemas/CurrencyCode
REF_DEVISE,78a49aa716180d4b0a3049e76af3ae3b06a188c2bafb789b11d31ddc9edf17f0,,SHP,Livre de Sainte-Hélène,Saint Helena Pound,#/components/schemas/CurrencyCode,#/components/schemas/CurrencyCode
REF_DEVISE,78a49aa716180d4b0a3049e76af3ae3b06a188c2bafb789b11d31ddc9edf17f0,,SIT,Tolar (Slovénie),Tolar (Slovenia),#/components/schemas/CurrencyCode,#/components/schemas/CurrencyCode
REF_DEVISE,78a49aa716180d4b0a3049e76af3ae3b06a188c2bafb789b11d31ddc9edf17f0,,SKK,Couronne slovaque,Slovak Koruna,#/components/schemas/CurrencyCode,#/components/schemas/CurrencyCode
REF_DEVISE,78a49aa716180d4b0a3049e76af3ae3b06a188c2bafb789b11d31ddc9edf17f0,,SLE,Leone (Sierra Leone),Leone (Sierra Leone),#/components/schemas/CurrencyCode,#/components/schemas/CurrencyCode
REF_DEVISE,78a49aa716180d4b0a3049e76af3ae3b06a188c2bafb789b11d31ddc9edf17f0,,SLL,Leone (Sierra Leone),Leone (Sierra Leone),#/components/schemas/CurrencyCode,#/components/schemas/CurrencyCode
REF_DEVISE,78a49aa716180d4b0a3049e76af3ae3b06a188c2bafb789b11d31ddc9edf17f0,,SOS,Shilling somalien,Somalian Shilling,#/components/schemas/CurrencyCode,#/components/schemas/CurrencyCode
REF_DEVISE,78a49aa716180d4b0a3049e76af3ae3b06a188c2bafb789b11d31ddc9edf17f0,,SRD,Dollar de Surinam,Surinam Dollar,#/components/schemas/CurrencyCode,#/components/schemas/CurrencyCode
REF_DEVISE,78a49aa716180d4b0a3049e76af3ae3b06a188c2bafb789b11d31ddc9edf17f0,,SRG,Guinée de Surinam,Suriname Guilder,#/components/schemas/CurrencyCode,#/components/schemas/CurrencyCode
REF_DEVISE,78a49aa716180d4b0a3049e76af3ae3b06a188c2bafb789b11d31ddc9edf17f0,,SSP,Livre sud-soudanaise,South Sudanese Pound,#/components/schemas/CurrencyCode,#/components/schemas/CurrencyCode
REF_DEVISE,78a49aa716180d4b0a3049e76af3ae3b06a188c2bafb789b11d31ddc9edf17f0,,STD,Dobra (Sao Tomé et Principe),Dobra (Sao Tome and Principa),#/components/schemas/CurrencyCode,#/components/schemas/CurrencyCode
REF_DEVISE,78a49aa716180d4b0a3049e76af3ae3b06a188c2bafb789b11d31ddc9edf17f0,,STN,Dobra,Dobra,#/components/schemas/CurrencyCode,#/components/schemas/CurrencyCode
REF_DEVISE,78a49aa716180d4b0a3049e76af3ae3b06a188c2bafb789b11d31ddc9edf17f0,,SUR,Rouble,Ruble,#/components/schemas/CurrencyCode,#/components/schemas/CurrencyCode
REF_DEVISE,78a49aa716180d4b0a3049e76af3ae3b06a188c2bafb789b11d31ddc9edf17f0,,SVC,Colon du Salvador,El Salvador Colon,#/components/schemas/CurrencyCode,#/components/schemas/CurrencyCode
REF_DEVISE,78a49aa716180d4b0a3049e76af3ae3b06a188c2bafb789b11d31ddc9edf17f0,,SYP,Livre syrienne,Syrian Pound,#/components/schemas/CurrencyCode,#/components/schemas/CurrencyCode
REF_DEVISE,78a49aa716180d4b0a3049e76af3ae3b06a188c2bafb789b11d31ddc9edf17f0,,SZL,Lilangeni (Swaziland),Lilangeni (Swaziland),#/components/schemas/CurrencyCode,#/components/schemas/CurrencyCode
REF_DEVISE,78a49aa716180d4b0a3049e76af3ae3b06a188c2bafb789b11d31ddc9edf17f0,,THB,Baht (Thaïlande),Baht (Thailand),#/components/schemas/CurrencyCode,#/components/schemas/CurrencyCode
REF_DEVISE,78a49aa716180d4b0a3049e76af3ae3b06a188c2bafb789b11d31ddc9edf17f0,,TJR,Rouble tadjik,Tajik Ruble,#/components/schemas/CurrencyCode,#/components/schemas/CurrencyCode
REF_DEVISE,78a49aa716180d4b0a3049e76af3ae3b06a188c2bafb789b11d31ddc9edf17f0,,TJS,Somoni (Tadjikistan),Somoni (Tajikistan),#/components/schemas/CurrencyCode,#/components/schemas/CurrencyCode
REF_DEVISE,78a49aa716180d4b0a3049e76af3ae3b06a188c2bafb789b11d31ddc9edf17f0,,TMM,Manat (Turkménistan),Manat (Turkmenistan),#/components/schemas/CurrencyCode,#/components/schemas/CurrencyCode
REF_DEVISE,78a49aa716180d4b0a3049e76af3ae3b06a188c2bafb789b11d31ddc9edf17f0,,TMT,Manat (Turkménistan),Manat (Turkmenistan),#/components/schemas/CurrencyCode,#/components/schemas/CurrencyCode
REF_DEVISE,78a49aa716180d4b0a3049e76af3ae3b06a188c2bafb789b11d31ddc9edf17f0,,TND,Dinar tunisien,Tunisian Dinar,#/components/schemas/CurrencyCode,#/components/schemas/CurrencyCode
REF_DEVISE,78a49aa716180d4b0a3049e76af3ae3b06a188c2bafb789b11d31ddc9edf17f0,,TOP,Pa'anga (Tonga),Pa'anga (Tonga),#/components/schemas/CurrencyCode,#/components/schemas/CurrencyCode
REF_DEVISE,78a49aa716180d4b0a3049e76af3ae3b06a188c2bafb789b11d31ddc9edf17f0,,TPE,Escudo du Timor oriental,Timor Escudo,#/components/schemas/CurrencyCode,#/components/schemas/CurrencyCode
REF_DEVISE,78a49aa716180d4b0a3049e76af3ae3b06a188c2bafb789b11d31ddc9edf17f0,,TRL,Livre turque (l'ancienne),Old Turkish Lira,#/components/schemas/CurrencyCode,#/components/schemas/CurrencyCode
REF_DEVISE,78a49aa716180d4b0a3049e76af3ae3b06a188c2bafb789b11d31ddc9edf17f0,,TRY,Livre turque (nouvelle),New Turkish Lira,#/components/schemas/CurrencyCode,#/components/schemas/CurrencyCode
REF_DEVISE,78a49aa716180d4b0a3049e76af3ae3b06a188c2bafb789b11d31ddc9edf17f0,,TTD,Dollar de Trinité-et-Tobago,Trinidad and Tobago Dollar,#/components/schemas/CurrencyCode,#/components/schemas/CurrencyCode
REF_DEVISE,78a49aa716180d4b0a3049e76af3ae3b06a188c2bafb789b11d31ddc9edf17f0,,TWD,Nouveau dollar taïwanais,New Taiwan Dollar,#/components/schemas/CurrencyCode,#/components/schemas/CurrencyCode
REF_DEVISE,78a49aa716180d4b0a3049e76af3ae3b06a188c2bafb789b11d31ddc9edf17f0,,TZS,Shilling tanzanien,Tanzanian Shilling,#/components/schemas/CurrencyCode,#/components/schemas/CurrencyCode
REF_DEVISE,78a49aa716180d4b0a3049e76af3ae3b06a188c2bafb789b11d31ddc9edf17f0,,UAH,Grivna (Ukraine),Hryvnia (Ukraine),#/components/schemas/CurrencyCode,#/components/schemas/CurrencyCode
REF_DEVISE,78a49aa716180d4b0a3049e76af3ae3b06a188c2bafb789b11d31ddc9edf17f0,,UGS,Shilling ougandais,Uganda Shilling,#/components/schemas/CurrencyCode,#/components/schemas/CurrencyCode
REF_DEVISE,78a49aa716180d4b0a3049e76af3ae3b06a188c2bafb789b11d31ddc9edf17f0,,UGX,Shilling ougandais,Uganda Shilling,#/components/schemas/CurrencyCode,#/components/schemas/CurrencyCode
REF_DEVISE,78a49aa716180d4b0a3049e76af3ae3b06a188c2bafb789b11d31ddc9edf17f0,,USN,"Dollar américain, lendemain","United States Dollar, next day",#/components/schemas/CurrencyCode,#/components/schemas/CurrencyCode
REF_DEVISE,78a49aa716180d4b0a3049e76af3ae3b06a188c2bafb789b11d31ddc9edf17f0,,USS,Dollar des États-Unis (même jour),US Dollar (same day),#/components/schemas/CurrencyCode,#/components/schemas/CurrencyCode
REF_DEVISE,78a49aa716180d4b0a3049e76af3ae3b06a188c2bafb789b11d31ddc9edf17f0,,UYI,Uruguay Peso en Unidades Indexadas,Uruguay Peso en Unidades Indexadas,#/components/schemas/CurrencyCode,#/components/schemas/CurrencyCode
REF_DEVISE,78a49aa716180d4b0a3049e76af3ae3b06a188c2bafb789b11d31ddc9edf17f0,,UYP,Peso uruguayen,Uruguayan Peso,#/components/schemas/CurrencyCode,#/components/schemas/CurrencyCode
REF_DEVISE,78a49aa716180d4b0a3049e76af3ae3b06a188c2bafb789b11d31ddc9edf17f0,,UYU,Peso uruguayen,Uruguayan Peso,#/components/schemas/CurrencyCode,#/components/schemas/CurrencyCode
REF_DEVISE,78a49aa716180d4b0a3049e76af3ae3b06a188c2bafb789b11d31ddc9edf17f0,,UYW,Unidad Previsional,Unidad Previsional,#/components/schemas/CurrencyCode,#/components/schemas/CurrencyCode
REF_DEVISE,78a49aa716180d4b0a3049e76af3ae3b06a188c2bafb789b11d31ddc9edf17f0,,UZS,Soum (Ouzbékistan),Som (Uzbekistan),#/components/schemas/CurrencyCode,#/components/schemas/CurrencyCode
REF_DEVISE,78a49aa716180d4b0a3049e76af3ae3b06a188c2bafb789b11d31ddc9edf17f0,,VEB,Bolivar (Venezuela),Bolivar (Venezuela),#/components/schemas/CurrencyCode,#/components/schemas/CurrencyCode
REF_DEVISE,78a49aa716180d4b0a3049e76af3ae3b06a188c2bafb789b11d31ddc9edf17f0,,VEF,Bolívar,Bolívar,#/components/schemas/CurrencyCode,#/components/schemas/CurrencyCode
REF_DEVISE,78a49aa716180d4b0a3049e76af3ae3b06a188c2bafb789b11d31ddc9edf17f0,,VES,Bolívar Soberano,Bolívar Soberano,#/components/schemas/CurrencyCode,#/components/schemas/CurrencyCode
REF_DEVISE,78a49aa716180d4b0a3049e76af3ae3b06a188c2bafb789b11d31ddc9edf17f0,,VND,Dong (Vietnam),Dong (Vietnam),#/components/schemas/CurrencyCode,#/components/schemas/CurrencyCode
REF_DEVISE,78a49aa716180d4b0a3049e76af3ae3b06a188c2bafb789b11d31ddc9edf17f0,,VUV,Vatu (Vanuatu),Vatu (Vanuatu),#/components/schemas/CurrencyCode,#/components/schemas/CurrencyCode
REF_DEVISE,78a49aa716180d4b0a3049e76af3ae3b06a188c2bafb789b11d31ddc9edf17f0,,WST,Tala (Samoa),Tala (Samoa),#/components/schemas/CurrencyCode,#/components/schemas/CurrencyCode
REF_DEVISE,78a49aa716180d4b0a3049e76af3ae3b06a188c2bafb789b11d31ddc9edf17f0,,XAF,Franc CFA - BEAC,CFA Franc BEAC,#/components/schemas/CurrencyCode,#/components/schemas/CurrencyCode
REF_DEVISE,78a49aa716180d4b0a3049e76af3ae3b06a188c2bafb789b11d31ddc9edf17f0,,XAG,Argent (en onces),Silver (in ounces),#/components/schemas/CurrencyCode,#/components/schemas/CurrencyCode
REF_DEVISE,78a49aa716180d4b0a3049e76af3ae3b06a188c2bafb789b11d31ddc9edf17f0,,XAU,Or (en onces),Gold (in ounces),#/components/schemas/CurrencyCode,#/components/schemas/CurrencyCode
REF_DEVISE,78a49aa716180d4b0a3049e76af3ae3b06a188c2bafb789b11d31ddc9edf17f0,,XBA,Unité composite européenne (EURCO),European Composite Unit (EURCO),#/components/schemas/CurrencyCode,#/components/schemas/CurrencyCode
REF_DEVISE,78a49aa716180d4b0a3049e76af3ae3b06a188c2bafb789b11d31ddc9edf17f0,,XBB,Unité monétaire européenne - 6 monnaie,European Monetary Unit (E.M.U. - 6),#/components/schemas/CurrencyCode,#/components/schemas/CurrencyCode
REF_DEVISE,78a49aa716180d4b0a3049e76af3ae3b06a188c2bafb789b11d31ddc9edf17f0,,XBC,Unité européenne de compte 9,European Unit of Account 9 (E.U.A. - 9),#/components/schemas/CurrencyCode,#/components/schemas/CurrencyCode
REF_DEVISE,78a49aa716180d4b0a3049e76af3ae3b06a188c2bafb789b11d31ddc9edf17f0,,XBD,Unité européenne de compte 17,European Unit of Account 17,#/components/schemas/CurrencyCode,#/components/schemas/CurrencyCode
REF_DEVISE,78a49aa716180d4b0a3049e76af3ae3b06a188c2bafb789b11d31ddc9edf17f0,,XBT,Bitcoin,Bitcoin,#/components/schemas/CurrencyCode,#/components/schemas/CurrencyCode
REF_DEVISE,78a49aa716180d4b0a3049e76af3ae3b06a188c2bafb789b11d31ddc9edf17f0,,XCD,Dollar des Caraïbes orientales,East Caribbean Dollar,#/components/schemas/CurrencyCode,#/components/schemas/CurrencyCode
REF_DEVISE,78a49aa716180d4b0a3049e76af3ae3b06a188c2bafb789b11d31ddc9edf17f0,,XCG,Florin caribéen,Caribbean Guilder,#/components/schemas/CurrencyCode,#/components/schemas/CurrencyCode
REF_DEVISE,78a49aa716180d4b0a3049e76af3ae3b06a188c2bafb789b11d31ddc9edf17f0,,XDR,Droits de tirage spéciaux (FMI),Special Drawing Rights (IMF),#/components/schemas/CurrencyCode,#/components/schemas/CurrencyCode
REF_DEVISE,78a49aa716180d4b0a3049e76af3ae3b06a188c2bafb789b11d31ddc9edf17f0,,XEU,Unité monétaire européenne (ECU),European Currency Unit,#/components/schemas/CurrencyCode,#/components/schemas/CurrencyCode
REF_DEVISE,78a49aa716180d4b0a3049e76af3ae3b06a188c2bafb789b11d31ddc9edf17f0,,XFO,Franc-or (monnaie de règlement spécial),Gold-Franc (Special Settlement Currency),#/components/schemas/CurrencyCode,#/components/schemas/CurrencyCode
REF_DEVISE,78a49aa716180d4b0a3049e76af3ae3b06a188c2bafb789b11d31ddc9edf17f0,,XFU,Franc UIC (monnaie de règlement spécial),UIC-Franc (Special Settlement Currency),#/components/schemas/CurrencyCode,#/components/schemas/CurrencyCode
REF_DEVISE,78a49aa716180d4b0a3049e76af3ae3b06a188c2bafb789b11d31ddc9edf17f0,,XOF,Franc CFA - BCEAO,CFA Franc BCEAO,#/components/schemas/CurrencyCode,#/components/schemas/CurrencyCode
REF_DEVISE,78a49aa716180d4b0a3049e76af3ae3b06a188c2bafb789b11d31ddc9edf17f0,,XPD,Palladium (en onces),Palladium (in ounces),#/components/schemas/CurrencyCode,#/components/schemas/CurrencyCode
REF_DEVISE,78a49aa716180d4b0a3049e76af3ae3b06a188c2bafb789b11d31ddc9edf17f0,,XPF,Franc CFP (Polynésie française),CFP Franc (French Polynesia),#/components/schemas/CurrencyCode,#/components/schemas/CurrencyCode
REF_DEVISE,78a49aa716180d4b0a3049e76af3ae3b06a188c2bafb789b11d31ddc9edf17f0,,XPT,Platine (en onces),Platinum (in ounces),#/components/schemas/CurrencyCode,#/components/schemas/CurrencyCode
REF_DEVISE,78a49aa716180d4b0a3049e76af3ae3b06a188c2bafb789b11d31ddc9edf17f0,,XSU,SUCRE,SUCRE,#/components/schemas/CurrencyCode,#/components/schemas/CurrencyCode
REF_DEVISE,78a49aa716180d4b0a3049e76af3ae3b06a188c2bafb789b11d31ddc9edf17f0,,XXX,Pas de code de change,No currency code,#/components/schemas/CurrencyCode,#/components/schemas/CurrencyCode
REF_DEVISE,78a49aa716180d4b0a3049e76af3ae3b06a188c2bafb789b11d31ddc9edf17f0,,YDD,Dinar yéménite,Yemeni Dinar,#/components/schemas/CurrencyCode,#/components/schemas/CurrencyCode
REF_DEVISE,78a49aa716180d4b0a3049e76af3ae3b06a188c2bafb789b11d31ddc9edf17f0,,YER,Riyal yéménite,Yemeni Rial,#/components/schemas/CurrencyCode,#/components/schemas/CurrencyCode
REF_DEVISE,78a49aa716180d4b0a3049e76af3ae3b06a188c2bafb789b11d31ddc9edf17f0,,YUD,Dinar yougoslave,Yugoslavian Dinar,#/components/schemas/CurrencyCode,#/components/schemas/CurrencyCode
REF_DEVISE,78a49aa716180d4b0a3049e76af3ae3b06a188c2bafb789b11d31ddc9edf17f0,,YUM,Nouveau dinar,New Dinar,#/components/schemas/CurrencyCode,#/components/schemas/CurrencyCode
REF_DEVISE,78a49aa716180d4b0a3049e76af3ae3b06a188c2bafb789b11d31ddc9edf17f0,,YUN,Nouveau dinar yougoslave,Yugoslav New Dinar,#/components/schemas/CurrencyCode,#/components/schemas/CurrencyCode
REF_DEVISE,78a49aa716180d4b0a3049e76af3ae3b06a188c2bafb789b11d31ddc9edf17f0,,ZAL,Rand (financier),Rand (financial),#/components/schemas/CurrencyCode,#/components/schemas/CurrencyCode
REF_DEVISE,78a49aa716180d4b0a3049e76af3ae3b06a188c2bafb789b11d31ddc9edf17f0,,ZAR,"Rand (Lesotho, Namibie, Afrique du Sud)","Rand (Lesotho, Namibia, South Africa)",#/components/schemas/CurrencyCode,#/components/schemas/CurrencyCode
REF_DEVISE,78a49aa716180d4b0a3049e76af3ae3b06a188c2bafb789b11d31ddc9edf17f0,,ZMK,Kwacha (Zambie),Kwacha (Zambia),#/components/schemas/CurrencyCode,#/components/schemas/CurrencyCode
REF_DEVISE,78a49aa716180d4b0a3049e76af3ae3b06a188c2bafb789b11d31ddc9edf17f0,,ZMW,Kwacha (Zambie),Kwacha (Zambia),#/components/schemas/CurrencyCode,#/components/schemas/CurrencyCode
REF_DEVISE,78a49aa716180d4b0a3049e76af3ae3b06a188c2bafb789b11d31ddc9edf17f0,,ZWD,Dollar zimbabwéen,Zimbabwe Dollar,#/components/schemas/CurrencyCode,#/components/schemas/CurrencyCode
REF_DEVISE,78a49aa716180d4b0a3049e76af3ae3b06a188c2bafb789b11d31ddc9edf17f0,,ZWL,Dollar zimbabwéen,Zimbabwe Dollar,#/components/schemas/CurrencyCode,#/components/schemas/CurrencyCode
REF_DEVISE,78a49aa716180d4b0a3049e76af3ae3b06a188c2bafb789b11d31ddc9edf17f0,,ZZZ,Inconnu,Unknown,#/components/schemas/CurrencyCode,#/components/schemas/CurrencyCode
REF_MONNAIE_VIRTUELLE,78a49aa716180d4b0a3049e76af3ae3b06a188c2bafb789b11d31ddc9edf17f0,,1INCH,1inch Network (1INCH),1inch Network (1INCH),#/components/schemas/VirtualCurrencyCode,#/components/schemas/VirtualCurrencyCode
REF_MONNAIE_VIRTUELLE,78a49aa716180d4b0a3049e76af3ae3b06a188c2bafb789b11d31ddc9edf17f0,,AAVE,Aave (AAVE),Aave (AAVE),#/components/schemas/VirtualCurrencyCode,#/components/schemas/VirtualCurrencyCode
REF_MONNAIE_VIRTUELLE,78a49aa716180d4b0a3049e76af3ae3b06a188c2bafb789b11d31ddc9edf17f0,,ABBC,ABBC Coin (ABBC),ABBC Coin (ABBC),#/components/schemas/VirtualCurrencyCode,#/components/schemas/VirtualCurrencyCode
REF_MONNAIE_VIRTUELLE,78a49aa716180d4b0a3049e76af3ae3b06a188c2bafb789b11d31ddc9edf17f0,,ADA,Cardano (ADA),Cardano (ADA),#/components/schemas/VirtualCurrencyCode,#/components/schemas/VirtualCurrencyCode
REF_MONNAIE_VIRTUELLE,78a49aa716180d4b0a3049e76af3ae3b06a188c2bafb789b11d31ddc9edf17f0,,ADX,AdEx Network (ADX),AdEx Network (ADX),#/components/schemas/VirtualCurrencyCode,#/components/schemas/VirtualCurrencyCode
REF_MONNAIE_VIRTUELLE,78a49aa716180d4b0a3049e76af3ae3b06a188c2bafb789b11d31ddc9edf17f0,,AE,Aeternity (AE),Aeternity (AE),#/components/schemas/VirtualCurrencyCode,#/components/schemas/VirtualCurrencyCode
REF_MONNAIE_VIRTUELLE,78a49aa716180d4b0a3049e76af3ae3b06a188c2bafb789b11d31ddc9edf17f0,,AERGO,Aergo (AERGO),Aergo (AERGO),#/components/schemas/VirtualCurrencyCode,#/components/schemas/VirtualCurrencyCode
REF_MONNAIE_VIRTUELLE,78a49aa716180d4b0a3049e76af3ae3b06a188c2bafb789b11d31ddc9edf17f0,,AGI,SingularityNET (AGI),SingularityNET (AGI),#/components/schemas/VirtualCurrencyCode,#/components/schemas/VirtualCurrencyCode
REF_MONNAIE_VIRTUELLE,78a49aa716180d4b0a3049e76af3ae3b06a188c2bafb789b11d31ddc9edf17f0,,AGVC,AgaveCoin (AGVC),AgaveCoin (AGVC),#/components/schemas/VirtualCurrencyCode,#/components/schemas/VirtualCurrencyCode
REF_MONNAIE_VIRTUELLE,78a49aa716180d4b0a3049e76af3ae3b06a188c2bafb789b11d31ddc9edf17f0,,AIB,Advanced Internet Blocks (AIB),Advanced Internet Blocks (AIB),#/components/schemas/VirtualCurrencyCode,#/components/schemas/VirtualCurrencyCode
REF_MONNAIE_VIRTUELLE,78a49aa716180d4b0a3049e76af3ae3b06a188c2bafb789b11d31ddc9edf17f0,,AION,Aion (AION),Aion (AION),#/components/schemas/VirtualCurrencyCode,#/components/schemas/VirtualCurrencyCode
REF_MONNAIE_VIRTUELLE,78a49aa716180d4b0a3049e76af3ae3b06a188c2bafb789b11d31ddc9edf17f0,,AKRO,Akropolis (AKRO),Akropolis (AKRO),#/components/schemas/VirtualCurrencyCode,#/components/schemas/VirtualCurrencyCode
REF_MONNAIE_VIRTUELLE,78a49aa716180d4b0a3049e76af3ae3b06a188c2bafb789b11d31ddc9edf17f0,,ALGO,Algorand (ALGO),Algorand (ALGO),#/components/schemas/VirtualCurrencyCode,#/components/schemas/VirtualCurrencyCode
REF_MONNAIE_VIRTUELLE,78a49aa716180d4b0a3049e76af3ae3b06a188c2bafb789b11d31ddc9edf17f0,,AMO,AMO Coin (AMO),AMO Coin (AMO),#/components/schemas/VirtualCurrencyCode,#/components/schemas/VirtualCurrencyCode
REF_MONNAIE_VIRTUELLE,78a49aa716180d4b0a3049e76af3ae3b06a188c2bafb789b11d31ddc9edf17f0,,AMP,Amp (AMP),Amp (AMP),#/components/schemas/VirtualCurrencyCode,#/components/schemas/VirtualCurrencyCode
REF_MONNAIE_VIRTUELLE,78a49aa716180d4b0a3049e76af3ae3b06a188c2bafb789b11d31ddc9edf17f0,,AMPL,Ampleforth (AMPL),Ampleforth (AMPL),#/components/schemas/VirtualCurrencyCode,#/components/schemas/VirtualCurrencyCode
REF_MONNAIE_VIRTUELLE,78a49aa716180d4b0a3049e76af3ae3b06a188c2bafb789b11d31ddc9edf17f0,,ANC,Anchor Protocol (ANC),Anchor Protocol (ANC),#/components/schemas/VirtualCurrencyCode,#/components/schemas/VirtualCurrencyCode
REF_MONNAIE_VIRTUELLE,78a49aa716180d4b0a3049e76af3ae3b06a188c2bafb789b11d31ddc9edf17f0,,ANCT,Anchor (ANCT),Anchor (ANCT),#/components/schemas/VirtualCurrencyCode,#/components/schemas/VirtualCurrencyCode
REF_MONNAIE_VIRTUELLE,78a49aa716180d4b0a3049e76af3ae3b06a188c2bafb789b11d31ddc9edf17f0,,ANKR,Ankr (ANKR),Ankr (ANKR),#/components/schemas/VirtualCurrencyCode,#/components/schemas/VirtualCurrencyCode
REF_MONNAIE_VIRTUELLE,78a49aa716180d4b0a3049e76af3ae3b06a188c2bafb789b11d31ddc9edf17f0,,ANT,Aragon (ANT),Aragon (ANT),#/components/schemas/VirtualCurrencyCode,#/components/schemas/VirtualCurrencyCode
REF_MONNAIE_VIRTUELLE,78a49aa716180d4b0a3049e76af3ae3b06a188c2bafb789b11d31ddc9edf17f0,,AOA,Aurora (AOA),Aurora (AOA),#/components/schemas/VirtualCurrencyCode,#/components/schemas/VirtualCurrencyCode
REF_MONNAIE_VIRTUELLE,78a49aa716180d4b0a3049e76af3ae3b06a188c2bafb789b11d31ddc9edf17f0,,APL,Apollo Currency (APL),Apollo Currency (APL),#/components/schemas/VirtualCurrencyCode,#/components/schemas/VirtualCurrencyCode
REF_MONNAIE_VIRTUELLE,78a49aa716180d4b0a3049e76af3ae3b06a188c2bafb789b11d31ddc9edf17f0,,APM,apM Coin (APM),apM Coin (APM),#/components/schemas/VirtualCurrencyCode,#/components/schemas/VirtualCurrencyCode
REF_MONNAIE_VIRTUELLE,78a49aa716180d4b0a3049e76af3ae3b06a188c2bafb789b11d31ddc9edf17f0,,AR,Arweave (AR),Arweave (AR),#/components/schemas/VirtualCurrencyCode,#/components/schemas/VirtualCurrencyCode
REF_MONNAIE_VIRTUELLE,78a49aa716180d4b0a3049e76af3ae3b06a188c2bafb789b11d31ddc9edf17f0,,ARDR,Ardor (ARDR),Ardor (ARDR),#/components/schemas/VirtualCurrencyCode,#/components/schemas/VirtualCurrencyCode
REF_MONNAIE_VIRTUELLE,78a49aa716180d4b0a3049e76af3ae3b06a188c2bafb789b11d31ddc9edf17f0,,ARK,Ark (ARK),Ark (ARK),#/components/schemas/VirtualCurrencyCode,#/components/schemas/VirtualCurrencyCode
REF_MONNAIE_VIRTUELLE,78a49aa716180d4b0a3049e76af3ae3b06a188c2bafb789b11d31ddc9edf17f0,,ARPA,ARPA Chain (ARPA),ARPA Chain (ARPA),#/components/schemas/VirtualCurrencyCode,#/components/schemas/VirtualCurrencyCode
REF_MONNAIE_VIRTUELLE,78a49aa716180d4b0a3049e76af3ae3b06a188c2bafb789b11d31ddc9edf17f0,,ARRR,Pirate Chain (ARRR),Pirate Chain (ARRR),#/components/schemas/VirtualCurrencyCode,#/components/schemas/VirtualCurrencyCode
REF_MONNAIE_VIRTUELLE,78a49aa716180d4b0a3049e76af3ae3b06a188c2bafb789b11d31ddc9edf17f0,,AST,AirSwap (AST),AirSwap (AST),#/components/schemas/VirtualCurrencyCode,#/components/schemas/VirtualCurrencyCode
REF_MONNAIE_VIRTUELLE,78a49aa716180d4b0a3049e76af3ae3b06a188c2bafb789b11d31ddc9edf17f0,,ATOM,Cosmos (ATOM),Cosmos (ATOM),#/components/schemas/VirtualCurrencyCode,#/components/schemas/VirtualCurrencyCode
REF_MONNAIE_VIRTUELLE,78a49aa716180d4b0a3049e76af3ae3b06a188c2bafb789b11d31ddc9edf17f0,,ATT,Attila (ATT),Attila (ATT),#/components/schemas/VirtualCurrencyCode,#/components/schemas/VirtualCurrencyCode
REF_MONNAIE_VIRTUELLE,78a49aa716180d4b0a3049e76af3ae3b06a188c2bafb789b11d31ddc9edf17f0,,AUDIO,Audius (AUDIO),Audius (AUDIO),#/components/schemas/VirtualCurrencyCode,#/components/schemas/VirtualCurrencyCode
REF_MONNAIE_VIRTUELLE,78a49aa716180d4b0a3049e76af3ae3b06a188c2bafb789b11d31ddc9edf17f0,,AVA,Travala.com (AVA),Travala.com (AVA),#/components/schemas/VirtualCurrencyCode,#/components/schemas/VirtualCurrencyCode
REF_MONNAIE_VIRTUELLE,78a49aa716180d4b0a3049e76af3ae3b06a188c2bafb789b11d31ddc9edf17f0,,AVAX,Avalanche (AVAX),Avalanche (AVAX),#/components/schemas/VirtualCurrencyCode,#/components/schemas/VirtualCurrencyCode
REF_MONNAIE_VIRTUELLE,78a49aa716180d4b0a3049e76af3ae3b06a188c2bafb789b11d31ddc9edf17f0,,AXC,AXIA Coin (AXC),AXIA Coin (AXC),#/components/schemas/VirtualCurrencyCode,#/components/schemas/VirtualCurrencyCode
REF_MONNAIE_VIRTUELLE,78a49aa716180d4b0a3049e76af3ae3b06a188c2bafb789b11d31ddc9edf17f0,,AXEL,AXEL (AXEL),AXEL (AXEL),#/components/schemas/VirtualCurrencyCode,#/components/schemas/VirtualCurrencyCode
REF_MONNAIE_VIRTUELLE,78a49aa716180d4b0a3049e76af3ae3b06a188c2bafb789b11d31ddc9edf17f0,,AXS,Axie Infinity (AXS),Axie Infinity (AXS),#/components/schemas/VirtualCurrencyCode,#/components/schemas/VirtualCurrencyCode
REF_MONNAIE_VIRTUELLE,78a49aa716180d4b0a3049e76af3ae3b06a188c2bafb789b11d31ddc9edf17f0,,B2B,B2BX (B2B),B2BX (B2B),#/components/schemas/VirtualCurrencyCode,#/components/schemas/VirtualCurrencyCode
REF_MONNAIE_VIRTUELLE,78a49aa716180d4b0a3049e76af3ae3b06a188c2bafb789b11d31ddc9edf17f0,,BAL,Balancer (BAL),Balancer (BAL),#/components/schemas/VirtualCurrencyCode,#/components/schemas/VirtualCurrencyCode
REF_MONNAIE_VIRTUELLE,78a49aa716180d4b0a3049e76af3ae3b06a188c2bafb789b11d31ddc9edf17f0,,BAND,Band Protocol (BAND),Band Protocol (BAND),#/components/schemas/VirtualCurrencyCode,#/components/schemas/VirtualCurrencyCode
REF_MONNAIE_VIRTUELLE,78a49aa716180d4b0a3049e76af3ae3b06a188c2bafb789b11d31ddc9edf17f0,,BASIC,BASIC (BASIC),BASIC (BASIC),#/components/schemas/VirtualCurrencyCode,#/components/schemas/VirtualCurrencyCode
REF_MONNAIE_VIRTUELLE,78a49aa716180d4b0a3049e76af3ae3b06a188c2bafb789b11d31ddc9edf17f0,,BASID,Basid Coin (BASID),Basid Coin (BASID),#/components/schemas/VirtualCurrencyCode,#/components/schemas/VirtualCurrencyCode
REF_MONNAIE_VIRTUELLE,78a49aa716180d4b0a3049e76af3ae3b06a188c2bafb789b11d31ddc9edf17f0,,BAT,Basic Attention Token (BAT),Basic Attention Token (BAT),#/components/schemas/VirtualCurrencyCode,#/components/schemas/VirtualCurrencyCode
REF_MONNAIE_VIRTUELLE,78a49aa716180d4b0a3049e76af3ae3b06a188c2bafb789b11d31ddc9edf17f0,,BCD,Bitcoin Diamond (BCD),Bitcoin Diamond (BCD),#/components/schemas/VirtualCurrencyCode,#/components/schemas/VirtualCurrencyCode
REF_MONNAIE_VIRTUELLE,78a49aa716180d4b0a3049e76af3ae3b06a188c2bafb789b11d31ddc9edf17f0,,BCH,Bitcoin Cash (BCH),Bitcoin Cash (BCH),#/components/schemas/VirtualCurrencyCode,#/components/schemas/VirtualCurrencyCode
REF_MONNAIE_VIRTUELLE,78a49aa716180d4b0a3049e76af3ae3b06a188c2bafb789b11d31ddc9edf17f0,,BCN,Bytecoin (BCN),Bytecoin (BCN),#/components/schemas/VirtualCurrencyCode,#/components/schemas/VirtualCurrencyCode
REF_MONNAIE_VIRTUELLE,78a49aa716180d4b0a3049e76af3ae3b06a188c2bafb789b11d31ddc9edf17f0,,BCZERO,Buggyra Coin Zero (BCZERO),Buggyra Coin Zero (BCZERO),#/components/schemas/VirtualCurrencyCode,#/components/schemas/VirtualCurrencyCode
REF_MONNAIE_VIRTUELLE,78a49aa716180d4b0a3049e76af3ae3b06a188c2bafb789b11d31ddc9edf17f0,,BDCC,BDCC Bitica COIN (BDCC),BDCC Bitica COIN (BDCC),#/components/schemas/VirtualCurrencyCode,#/components/schemas/VirtualCurrencyCode
REF_MONNAIE_VIRTUELLE,78a49aa716180d4b0a3049e76af3ae3b06a188c2bafb789b11d31ddc9edf17f0,,BDX,Beldex (BDX),Beldex (BDX),#/components/schemas/VirtualCurrencyCode,#/components/schemas/VirtualCurrencyCode
REF_MONNAIE_VIRTUELLE,78a49aa716180d4b0a3049e76af3ae3b06a188c2bafb789b11d31ddc9edf17f0,,BEAM,Beam (BEAM),Beam (BEAM),#/components/schemas/VirtualCurrencyCode,#/components/schemas/VirtualCurrencyCode
REF_MONNAIE_VIRTUELLE,78a49aa716180d4b0a3049e76af3ae3b06a188c2bafb789b11d31ddc9edf17f0,,BEL,Bella Protocol (BEL),Bella Protocol (BEL),#/components/schemas/VirtualCurrencyCode,#/components/schemas/VirtualCurrencyCode
REF_MONNAIE_VIRTUELLE,78a49aa716180d4b0a3049e76af3ae3b06a188c2bafb789b11d31ddc9edf17f0,,BHAO,Bithao (BHAO),Bithao (BHAO),#/components/schemas/VirtualCurrencyCode,#/components/schemas/VirtualCurrencyCode
REF_MONNAIE_VIRTUELLE,78a49aa716180d4b0a3049e76af3ae3b06a188c2bafb789b11d31ddc9edf17f0,,BHD,BitcoinHD (BHD),BitcoinHD (BHD),#/components/schemas/VirtualCurrencyCode,#/components/schemas/VirtualCurrencyCode
REF_MONNAIE_VIRTUELLE,78a49aa716180d4b0a3049e76af3ae3b06a188c2bafb789b11d31ddc9edf17f0,,BHP,BHPCoin (BHP),BHPCoin (BHP),#/components/schemas/VirtualCurrencyCode,#/components/schemas/VirtualCurrencyCode
REF_MONNAIE_VIRTUELLE,78a49aa716180d4b0a3049e76af3ae3b06a188c2bafb789b11d31ddc9edf17f0,,BHT,BHEX Token (BHT),BHEX Token (BHT),#/components/schemas/VirtualCurrencyCode,#/components/schemas/VirtualCurrencyCode
REF_MONNAIE_VIRTUELLE,78a49aa716180d4b0a3049e76af3ae3b06a188c2bafb789b11d31ddc9edf17f0,,BICO,Biconomy (BICO),Biconomy (BICO),#/components/schemas/VirtualCurrencyCode,#/components/schemas/VirtualCurrencyCode
REF_MONNAIE_VIRTUELLE,78a49aa716180d4b0a3049e76af3ae3b06a188c2bafb789b11d31ddc9edf17f0,,BIGONE,BigONE Token (ONE),BigONE Token (ONE),#/components/schemas/VirtualCurrencyCode,#/components/schemas/VirtualCurrencyCode
REF_MONNAIE_VIRTUELLE,78a49aa716180d4b0a3049e76af3ae3b06a188c2bafb789b11d31ddc9edf17f0,,BIKI,BIKI (BIKI),BIKI (BIKI),#/components/schemas/VirtualCurrencyCode,#/components/schemas/VirtualCurrencyCode
REF_MONNAIE_VIRTUELLE,78a49aa716180d4b0a3049e76af3ae3b06a188c2bafb789b11d31ddc9edf17f0,,BLCT,Bloomzed Loyalty Club Ticket (BLCT),Bloomzed Loyalty Club Ticket (BLCT),#/components/schemas/VirtualCurrencyCode,#/components/schemas/VirtualCurrencyCode
REF_MONNAIE_VIRTUELLE,78a49aa716180d4b0a3049e76af3ae3b06a188c2bafb789b11d31ddc9edf17f0,,BLOCK,Blocknet (BLOCK),Blocknet (BLOCK),#/components/schemas/VirtualCurrencyCode,#/components/schemas/VirtualCurrencyCode
REF_MONNAIE_VIRTUELLE,78a49aa716180d4b0a3049e76af3ae3b06a188c2bafb789b11d31ddc9edf17f0,,BLZ,Bluzelle (BLZ),Bluzelle (BLZ),#/components/schemas/VirtualCurrencyCode,#/components/schemas/VirtualCurrencyCode
REF_MONNAIE_VIRTUELLE,78a49aa716180d4b0a3049e76af3ae3b06a188c2bafb789b11d31ddc9edf17f0,,BNANA,Chimpion (BNANA),Chimpion (BNANA),#/components/schemas/VirtualCurrencyCode,#/components/schemas/VirtualCurrencyCode
REF_MONNAIE_VIRTUELLE,78a49aa716180d4b0a3049e76af3ae3b06a188c2bafb789b11d31ddc9edf17f0,,BNB,Binance Coin (BNB),Binance Coin (BNB),#/components/schemas/VirtualCurrencyCode,#/components/schemas/VirtualCurrencyCode
REF_MONNAIE_VIRTUELLE,78a49aa716180d4b0a3049e76af3ae3b06a188c2bafb789b11d31ddc9edf17f0,,BNK,Bankera (BNK),Bankera (BNK),#/components/schemas/VirtualCurrencyCode,#/components/schemas/VirtualCurrencyCode
REF_MONNAIE_VIRTUELLE,78a49aa716180d4b0a3049e76af3ae3b06a188c2bafb789b11d31ddc9edf17f0,,BNT,Bancor (BNT),Bancor (BNT),#/components/schemas/VirtualCurrencyCode,#/components/schemas/VirtualCurrencyCode
REF_MONNAIE_VIRTUELLE,78a49aa716180d4b0a3049e76af3ae3b06a188c2bafb789b11d31ddc9edf17f0,,BOA,BOSAGORA (BOA),BOSAGORA (BOA),#/components/schemas/VirtualCurrencyCode,#/components/schemas/VirtualCurrencyCode
REF_MONNAIE_VIRTUELLE,78a49aa716180d4b0a3049e76af3ae3b06a188c2bafb789b11d31ddc9edf17f0,,BONO,Bonorum (BONO),Bonorum (BONO),#/components/schemas/VirtualCurrencyCode,#/components/schemas/VirtualCurrencyCode
REF_MONNAIE_VIRTUELLE,78a49aa716180d4b0a3049e76af3ae3b06a188c2bafb789b11d31ddc9edf17f0,,BORA,BORA (BORA),BORA (BORA),#/components/schemas/VirtualCurrencyCode,#/components/schemas/VirtualCurrencyCode
REF_MONNAIE_VIRTUELLE,78a49aa716180d4b0a3049e76af3ae3b06a188c2bafb789b11d31ddc9edf17f0,,BOT,Bounce Token (BOT),Bounce Token (BOT),#/components/schemas/VirtualCurrencyCode,#/components/schemas/VirtualCurrencyCode
REF_MONNAIE_VIRTUELLE,78a49aa716180d4b0a3049e76af3ae3b06a188c2bafb789b11d31ddc9edf17f0,,BOTX,botXcoin (BOTX),botXcoin (BOTX),#/components/schemas/VirtualCurrencyCode,#/components/schemas/VirtualCurrencyCode
REF_MONNAIE_VIRTUELLE,78a49aa716180d4b0a3049e76af3ae3b06a188c2bafb789b11d31ddc9edf17f0,,BPS,BitcoinPoS (BPS),BitcoinPoS (BPS),#/components/schemas/VirtualCurrencyCode,#/components/schemas/VirtualCurrencyCode
REF_MONNAIE_VIRTUELLE,78a49aa716180d4b0a3049e76af3ae3b06a188c2bafb789b11d31ddc9edf17f0,,BRC,Baer Chain (BRC),Baer Chain (BRC),#/components/schemas/VirtualCurrencyCode,#/components/schemas/VirtualCurrencyCode
REF_MONNAIE_VIRTUELLE,78a49aa716180d4b0a3049e76af3ae3b06a188c2bafb789b11d31ddc9edf17f0,,BRG,Bridge Oracle (BRG),Bridge Oracle (BRG),#/components/schemas/VirtualCurrencyCode,#/components/schemas/VirtualCurrencyCode
REF_MONNAIE_VIRTUELLE,78a49aa716180d4b0a3049e76af3ae3b06a188c2bafb789b11d31ddc9edf17f0,,BRZE,Breezecoin (BRZE),Breezecoin (BRZE),#/components/schemas/VirtualCurrencyCode,#/components/schemas/VirtualCurrencyCode
REF_MONNAIE_VIRTUELLE,78a49aa716180d4b0a3049e76af3ae3b06a188c2bafb789b11d31ddc9edf17f0,,BSV,Bitcoin SV (BSV),Bitcoin SV (BSV),#/components/schemas/VirtualCurrencyCode,#/components/schemas/VirtualCurrencyCode
REF_MONNAIE_VIRTUELLE,78a49aa716180d4b0a3049e76af3ae3b06a188c2bafb789b11d31ddc9edf17f0,,BTC,Bitcoin (BTC),Bitcoin (BTC),#/components/schemas/VirtualCurrencyCode,#/components/schemas/VirtualCurrencyCode
REF_MONNAIE_VIRTUELLE,78a49aa716180d4b0a3049e76af3ae3b06a188c2bafb789b11d31ddc9edf17f0,,BTC2,Bitcoin 2 (BTC2),Bitcoin 2 (BTC2),#/components/schemas/VirtualCurrencyCode,#/components/schemas/VirtualCurrencyCode
REF_MONNAIE_VIRTUELLE,78a49aa716180d4b0a3049e76af3ae3b06a188c2bafb789b11d31ddc9edf17f0,,BTCB,Bitcoin BEP2 (BTCB),Bitcoin BEP2 (BTCB),#/components/schemas/VirtualCurrencyCode,#/components/schemas/VirtualCurrencyCode
REF_MONNAIE_VIRTUELLE,78a49aa716180d4b0a3049e76af3ae3b06a188c2bafb789b11d31ddc9edf17f0,,BTG,Bitcoin Gold (BTG),Bitcoin Gold (BTG),#/components/schemas/VirtualCurrencyCode,#/components/schemas/VirtualCurrencyCode
REF_MONNAIE_VIRTUELLE,78a49aa716180d4b0a3049e76af3ae3b06a188c2bafb789b11d31ddc9edf17f0,,BTM,Bytom (BTM),Bytom (BTM),#/components/schemas/VirtualCurrencyCode,#/components/schemas/VirtualCurrencyCode
REF_MONNAIE_VIRTUELLE,78a49aa716180d4b0a3049e76af3ae3b06a188c2bafb789b11d31ddc9edf17f0,,BTMX,BitMax Token (BTMX),BitMax Token (BTMX),#/components/schemas/VirtualCurrencyCode,#/components/schemas/VirtualCurrencyCode
REF_MONNAIE_VIRTUELLE,78a49aa716180d4b0a3049e76af3ae3b06a188c2bafb789b11d31ddc9edf17f0,,BTRS,Bitball Treasure (BTRS),Bitball Treasure (BTRS),#/components/schemas/VirtualCurrencyCode,#/components/schemas/VirtualCurrencyCode
REF_MONNAIE_VIRTUELLE,78a49aa716180d4b0a3049e76af3ae3b06a188c2bafb789b11d31ddc9edf17f0,,BTS,BitShares (BTS),BitShares (BTS),#/components/schemas/VirtualCurrencyCode,#/components/schemas/VirtualCurrencyCode
REF_MONNAIE_VIRTUELLE,78a49aa716180d4b0a3049e76af3ae3b06a188c2bafb789b11d31ddc9edf17f0,,BTT,BitTorrent (BTT),BitTorrent (BTT),#/components/schemas/VirtualCurrencyCode,#/components/schemas/VirtualCurrencyCode
REF_MONNAIE_VIRTUELLE,78a49aa716180d4b0a3049e76af3ae3b06a188c2bafb789b11d31ddc9edf17f0,,BTU,BTU Protocol (BTU),BTU Protocol (BTU),#/components/schemas/VirtualCurrencyCode,#/components/schemas/VirtualCurrencyCode
REF_MONNAIE_VIRTUELLE,78a49aa716180d4b0a3049e76af3ae3b06a188c2bafb789b11d31ddc9edf17f0,,BUSD,Binance USD (BUSD),Binance USD (BUSD),#/components/schemas/VirtualCurrencyCode,#/components/schemas/VirtualCurrencyCode
REF_MONNAIE_VIRTUELLE,78a49aa716180d4b0a3049e76af3ae3b06a188c2bafb789b11d31ddc9edf17f0,,BWF,Beowulf (BWF),Beowulf (BWF),#/components/schemas/VirtualCurrencyCode,#/components/schemas/VirtualCurrencyCode
REF_MONNAIE_VIRTUELLE,78a49aa716180d4b0a3049e76af3ae3b06a188c2bafb789b11d31ddc9edf17f0,,BXK,Bitbook Gambling (BXK),Bitbook Gambling (BXK),#/components/schemas/VirtualCurrencyCode,#/components/schemas/VirtualCurrencyCode
REF_MONNAIE_VIRTUELLE,78a49aa716180d4b0a3049e76af3ae3b06a188c2bafb789b11d31ddc9edf17f0,,BZ,Bit-Z Token (BZ),Bit-Z Token (BZ),#/components/schemas/VirtualCurrencyCode,#/components/schemas/VirtualCurrencyCode
REF_MONNAIE_VIRTUELLE,78a49aa716180d4b0a3049e76af3ae3b06a188c2bafb789b11d31ddc9edf17f0,,BZRX,bZx Protocol (BZRX),bZx Protocol (BZRX),#/components/schemas/VirtualCurrencyCode,#/components/schemas/VirtualCurrencyCode
REF_MONNAIE_VIRTUELLE,78a49aa716180d4b0a3049e76af3ae3b06a188c2bafb789b11d31ddc9edf17f0,,C20,CRYPTO20 (C20),CRYPTO20 (C20),#/components/schemas/VirtualCurrencyCode,#/components/schemas/VirtualCurrencyCode
REF_MONNAIE_VIRTUELLE,78a49aa716180d4b0a3049e76af3ae3b06a188c2bafb789b11d31ddc9edf17f0,,CADC,CAD Coin (CADC),CAD Coin (CADC),#/components/schemas/VirtualCurrencyCode,#/components/schemas/VirtualCurrencyCode
REF_MONNAIE_VIRTUELLE,78a49aa716180d4b0a3049e76af3ae3b06a188c2bafb789b11d31ddc9edf17f0,,CAKE,PancakeSwap (CAKE),PancakeSwap (CAKE),#/components/schemas/VirtualCurrencyCode,#/components/schemas/VirtualCurrencyCode
REF_MONNAIE_VIRTUELLE,78a49aa716180d4b0a3049e76af3ae3b06a188c2bafb789b11d31ddc9edf17f0,,CCA,Counos Coin (CCA),Counos Coin (CCA),#/components/schemas/VirtualCurrencyCode,#/components/schemas/VirtualCurrencyCode
REF_MONNAIE_VIRTUELLE,78a49aa716180d4b0a3049e76af3ae3b06a188c2bafb789b11d31ddc9edf17f0,,CCXX,Counos X (CCXX),Counos X (CCXX),#/components/schemas/VirtualCurrencyCode,#/components/schemas/VirtualCurrencyCode
REF_MONNAIE_VIRTUELLE,78a49aa716180d4b0a3049e76af3ae3b06a188c2bafb789b11d31ddc9edf17f0,,CEL,Celsius (CEL),Celsius (CEL),#/components/schemas/VirtualCurrencyCode,#/components/schemas/VirtualCurrencyCode
REF_MONNAIE_VIRTUELLE,78a49aa716180d4b0a3049e76af3ae3b06a188c2bafb789b11d31ddc9edf17f0,,CELO,Celo (CELO),Celo (CELO),#/components/schemas/VirtualCurrencyCode,#/components/schemas/VirtualCurrencyCode
REF_MONNAIE_VIRTUELLE,78a49aa716180d4b0a3049e76af3ae3b06a188c2bafb789b11d31ddc9edf17f0,,CELR,Celer Network (CELR),Celer Network (CELR),#/components/schemas/VirtualCurrencyCode,#/components/schemas/VirtualCurrencyCode
REF_MONNAIE_VIRTUELLE,78a49aa716180d4b0a3049e76af3ae3b06a188c2bafb789b11d31ddc9edf17f0,,CENNZ,Centrality (CENNZ),Centrality (CENNZ),#/components/schemas/VirtualCurrencyCode,#/components/schemas/VirtualCurrencyCode
REF_MONNAIE_VIRTUELLE,78a49aa716180d4b0a3049e76af3ae3b06a188c2bafb789b11d31ddc9edf17f0,,CHR,Chromia (CHR),Chromia (CHR),#/components/schemas/VirtualCurrencyCode,#/components/schemas/VirtualCurrencyCode
REF_MONNAIE_VIRTUELLE,78a49aa716180d4b0a3049e76af3ae3b06a188c2bafb789b11d31ddc9edf17f0,,CHSB,SwissBorg (CHSB),SwissBorg (CHSB),#/components/schemas/VirtualCurrencyCode,#/components/schemas/VirtualCurrencyCode
REF_MONNAIE_VIRTUELLE,78a49aa716180d4b0a3049e76af3ae3b06a188c2bafb789b11d31ddc9edf17f0,,CHZ,Chiliz (CHZ),Chiliz (CHZ),#/components/schemas/VirtualCurrencyCode,#/components/schemas/VirtualCurrencyCode
REF_MONNAIE_VIRTUELLE,78a49aa716180d4b0a3049e76af3ae3b06a188c2bafb789b11d31ddc9edf17f0,,CIPHC,Cipher Core Token (CIPHC),Cipher Core Token (CIPHC),#/components/schemas/VirtualCurrencyCode,#/components/schemas/VirtualCurrencyCode
REF_MONNAIE_VIRTUELLE,78a49aa716180d4b0a3049e76af3ae3b06a188c2bafb789b11d31ddc9edf17f0,,CIX100,Cryptoindex.com 100 (CIX100),Cryptoindex.com 100 (CIX100),#/components/schemas/VirtualCurrencyCode,#/components/schemas/VirtualCurrencyCode
REF_MONNAIE_VIRTUELLE,78a49aa716180d4b0a3049e76af3ae3b06a188c2bafb789b11d31ddc9edf17f0,,CKB,Nervos Network (CKB),Nervos Network (CKB),#/components/schemas/VirtualCurrencyCode,#/components/schemas/VirtualCurrencyCode
REF_MONNAIE_VIRTUELLE,78a49aa716180d4b0a3049e76af3ae3b06a188c2bafb789b11d31ddc9edf17f0,,CND,Cindicator (CND),Cindicator (CND),#/components/schemas/VirtualCurrencyCode,#/components/schemas/VirtualCurrencyCode
REF_MONNAIE_VIRTUELLE,78a49aa716180d4b0a3049e76af3ae3b06a188c2bafb789b11d31ddc9edf17f0,,CNX,Cryptonex (CNX),Cryptonex (CNX),#/components/schemas/VirtualCurrencyCode,#/components/schemas/VirtualCurrencyCode
REF_MONNAIE_VIRTUELLE,78a49aa716180d4b0a3049e76af3ae3b06a188c2bafb789b11d31ddc9edf17f0,,COCOS,Cocos-BCX (COCOS),Cocos-BCX (COCOS),#/components/schemas/VirtualCurrencyCode,#/components/schemas/VirtualCurrencyCode
REF_MONNAIE_VIRTUELLE,78a49aa716180d4b0a3049e76af3ae3b06a188c2bafb789b11d31ddc9edf17f0,,COMP,Compound (COMP),Compound (COMP),#/components/schemas/VirtualCurrencyCode,#/components/schemas/VirtualCurrencyCode
REF_MONNAIE_VIRTUELLE,78a49aa716180d4b0a3049e76af3ae3b06a188c2bafb789b11d31ddc9edf17f0,,CON,CONUN (CON),CONUN (CON),#/components/schemas/VirtualCurrencyCode,#/components/schemas/VirtualCurrencyCode
REF_MONNAIE_VIRTUELLE,78a49aa716180d4b0a3049e76af3ae3b06a188c2bafb789b11d31ddc9edf17f0,,CORE,cVault.finance (CORE),cVault.finance (CORE),#/components/schemas/VirtualCurrencyCode,#/components/schemas/VirtualCurrencyCode
REF_MONNAIE_VIRTUELLE,78a49aa716180d4b0a3049e76af3ae3b06a188c2bafb789b11d31ddc9edf17f0,,COS,Contentos (COS),Contentos (COS),#/components/schemas/VirtualCurrencyCode,#/components/schemas/VirtualCurrencyCode
REF_MONNAIE_VIRTUELLE,78a49aa716180d4b0a3049e76af3ae3b06a188c2bafb789b11d31ddc9edf17f0,,COTI,COTI (COTI),COTI (COTI),#/components/schemas/VirtualCurrencyCode,#/components/schemas/VirtualCurrencyCode
REF_MONNAIE_VIRTUELLE,78a49aa716180d4b0a3049e76af3ae3b06a188c2bafb789b11d31ddc9edf17f0,,CRE,Carry (CRE),Carry (CRE),#/components/schemas/VirtualCurrencyCode,#/components/schemas/VirtualCurrencyCode
REF_MONNAIE_VIRTUELLE,78a49aa716180d4b0a3049e76af3ae3b06a188c2bafb789b11d31ddc9edf17f0,,CRO,Crypto.com Coin (CRO),Crypto.com Coin (CRO),#/components/schemas/VirtualCurrencyCode,#/components/schemas/VirtualCurrencyCode
REF_MONNAIE_VIRTUELLE,78a49aa716180d4b0a3049e76af3ae3b06a188c2bafb789b11d31ddc9edf17f0,,CRPT,Crypterium (CRPT),Crypterium (CRPT),#/components/schemas/VirtualCurrencyCode,#/components/schemas/VirtualCurrencyCode
REF_MONNAIE_VIRTUELLE,78a49aa716180d4b0a3049e76af3ae3b06a188c2bafb789b11d31ddc9edf17f0,,CRV,Curve DAO Token (CRV),Curve DAO Token (CRV),#/components/schemas/VirtualCurrencyCode,#/components/schemas/VirtualCurrencyCode
REF_MONNAIE_VIRTUELLE,78a49aa716180d4b0a3049e76af3ae3b06a188c2bafb789b11d31ddc9edf17f0,,CTC,Creditcoin (CTC),Creditcoin (CTC),#/components/schemas/VirtualCurrencyCode,#/components/schemas/VirtualCurrencyCode
REF_MONNAIE_VIRTUELLE,78a49aa716180d4b0a3049e76af3ae3b06a188c2bafb789b11d31ddc9edf17f0,,CTCN,CONTRACOIN (CTCN),CONTRACOIN (CTCN),#/components/schemas/VirtualCurrencyCode,#/components/schemas/VirtualCurrencyCode
REF_MONNAIE_VIRTUELLE,78a49aa716180d4b0a3049e76af3ae3b06a188c2bafb789b11d31ddc9edf17f0,,CTK,CertiK (CTK),CertiK (CTK),#/components/schemas/VirtualCurrencyCode,#/components/schemas/VirtualCurrencyCode
REF_MONNAIE_VIRTUELLE,78a49aa716180d4b0a3049e76af3ae3b06a188c2bafb789b11d31ddc9edf17f0,,CTSI,Cartesi (CTSI),Cartesi (CTSI),#/components/schemas/VirtualCurrencyCode,#/components/schemas/VirtualCurrencyCode
REF_MONNAIE_VIRTUELLE,78a49aa716180d4b0a3049e76af3ae3b06a188c2bafb789b11d31ddc9edf17f0,,CTXC,Cortex (CTXC),Cortex (CTXC),#/components/schemas/VirtualCurrencyCode,#/components/schemas/VirtualCurrencyCode
REF_MONNAIE_VIRTUELLE,78a49aa716180d4b0a3049e76af3ae3b06a188c2bafb789b11d31ddc9edf17f0,,CUSD,Celo Dollar (CUSD),Celo Dollar (CUSD),#/components/schemas/VirtualCurrencyCode,#/components/schemas/VirtualCurrencyCode
REF_MONNAIE_VIRTUELLE,78a49aa716180d4b0a3049e76af3ae3b06a188c2bafb789b11d31ddc9edf17f0,,CVA,Crypto Village Accelerator (CVA),Crypto Village Accelerator (CVA),#/components/schemas/VirtualCurrencyCode,#/components/schemas/VirtualCurrencyCode
REF_MONNAIE_VIRTUELLE,78a49aa716180d4b0a3049e76af3ae3b06a188c2bafb789b11d31ddc9edf17f0,,CVC,Civic (CVC),Civic (CVC),#/components/schemas/VirtualCurrencyCode,#/components/schemas/VirtualCurrencyCode
REF_MONNAIE_VIRTUELLE,78a49aa716180d4b0a3049e76af3ae3b06a188c2bafb789b11d31ddc9edf17f0,,CVNT,Content Value Network (CVNT),Content Value Network (CVNT),#/components/schemas/VirtualCurrencyCode,#/components/schemas/VirtualCurrencyCode
REF_MONNAIE_VIRTUELLE,78a49aa716180d4b0a3049e76af3ae3b06a188c2bafb789b11d31ddc9edf17f0,,CVT,CyberVein (CVT),CyberVein (CVT),#/components/schemas/VirtualCurrencyCode,#/components/schemas/VirtualCurrencyCode
REF_MONNAIE_VIRTUELLE,78a49aa716180d4b0a3049e76af3ae3b06a188c2bafb789b11d31ddc9edf17f0,,CVX,Convex Finance (CVX),Convex Finance (CVX),#/components/schemas/VirtualCurrencyCode,#/components/schemas/VirtualCurrencyCode
REF_MONNAIE_VIRTUELLE,78a49aa716180d4b0a3049e76af3ae3b06a188c2bafb789b11d31ddc9edf17f0,,DAC,Davinci Coin (DAC),Davinci Coin (DAC),#/components/schemas/VirtualCurrencyCode,#/components/schemas/VirtualCurrencyCode
REF_MONNAIE_VIRTUELLE,78a49aa716180d4b0a3049e76af3ae3b06a188c2bafb789b11d31ddc9edf17f0,,DAD,DAD (DAD),DAD (DAD),#/components/schemas/VirtualCurrencyCode,#/components/schemas/VirtualCurrencyCode
REF_MONNAIE_VIRTUELLE,78a49aa716180d4b0a3049e76af3ae3b06a188c2bafb789b11d31ddc9edf17f0,,DAG,Constellation (DAG),Constellation (DAG),#/components/schemas/VirtualCurrencyCode,#/components/schemas/VirtualCurrencyCode
REF_MONNAIE_VIRTUELLE,78a49aa716180d4b0a3049e76af3ae3b06a188c2bafb789b11d31ddc9edf17f0,,DAI,Dai (DAI),Dai (DAI),#/components/schemas/VirtualCurrencyCode,#/components/schemas/VirtualCurrencyCode
REF_MONNAIE_VIRTUELLE,78a49aa716180d4b0a3049e76af3ae3b06a188c2bafb789b11d31ddc9edf17f0,,DASH,Dash (DASH),Dash (DASH),#/components/schemas/VirtualCurrencyCode,#/components/schemas/VirtualCurrencyCode
REF_MONNAIE_VIRTUELLE,78a49aa716180d4b0a3049e76af3ae3b06a188c2bafb789b11d31ddc9edf17f0,,DATA,Streamr (DATA),Streamr (DATA),#/components/schemas/VirtualCurrencyCode,#/components/schemas/VirtualCurrencyCode
REF_MONNAIE_VIRTUELLE,78a49aa716180d4b0a3049e76af3ae3b06a188c2bafb789b11d31ddc9edf17f0,,DCR,Decred (DCR),Decred (DCR),#/components/schemas/VirtualCurrencyCode,#/components/schemas/VirtualCurrencyCode
REF_MONNAIE_VIRTUELLE,78a49aa716180d4b0a3049e76af3ae3b06a188c2bafb789b11d31ddc9edf17f0,,DCY,Dinastycoin (DCY),Dinastycoin (DCY),#/components/schemas/VirtualCurrencyCode,#/components/schemas/VirtualCurrencyCode
REF_MONNAIE_VIRTUELLE,78a49aa716180d4b0a3049e76af3ae3b06a188c2bafb789b11d31ddc9edf17f0,,DEC,Darico Ecosystem Coin (DEC),Darico Ecosystem Coin (DEC),#/components/schemas/VirtualCurrencyCode,#/components/schemas/VirtualCurrencyCode
REF_MONNAIE_VIRTUELLE,78a49aa716180d4b0a3049e76af3ae3b06a188c2bafb789b11d31ddc9edf17f0,,DENT,Dent (DENT),Dent (DENT),#/components/schemas/VirtualCurrencyCode,#/components/schemas/VirtualCurrencyCode
REF_MONNAIE_VIRTUELLE,78a49aa716180d4b0a3049e76af3ae3b06a188c2bafb789b11d31ddc9edf17f0,,DFI,DeFiChain (DFI),DeFiChain (DFI),#/components/schemas/VirtualCurrencyCode,#/components/schemas/VirtualCurrencyCode
REF_MONNAIE_VIRTUELLE,78a49aa716180d4b0a3049e76af3ae3b06a188c2bafb789b11d31ddc9edf17f0,,DGB,DigiByte (DGB),DigiByte (DGB),#/components/schemas/VirtualCurrencyCode,#/components/schemas/VirtualCurrencyCode
REF_MONNAIE_VIRTUELLE,78a49aa716180d4b0a3049e76af3ae3b06a188c2bafb789b11d31ddc9edf17f0,,DGD,DigixDAO (DGD),DigixDAO (DGD),#/components/schemas/VirtualCurrencyCode,#/components/schemas/VirtualCurrencyCode
REF_MONNAIE_VIRTUELLE,78a49aa716180d4b0a3049e76af3ae3b06a188c2bafb789b11d31ddc9edf17f0,,DGTX,Digitex Futures (DGTX),Digitex Futures (DGTX),#/components/schemas/VirtualCurrencyCode,#/components/schemas/VirtualCurrencyCode
REF_MONNAIE_VIRTUELLE,78a49aa716180d4b0a3049e76af3ae3b06a188c2bafb789b11d31ddc9edf17f0,,DIA,DIA (DIA),DIA (DIA),#/components/schemas/VirtualCurrencyCode,#/components/schemas/VirtualCurrencyCode
REF_MONNAIE_VIRTUELLE,78a49aa716180d4b0a3049e76af3ae3b06a188c2bafb789b11d31ddc9edf17f0,,DIP,Etherisc DIP Token (DIP),Etherisc DIP Token (DIP),#/components/schemas/VirtualCurrencyCode,#/components/schemas/VirtualCurrencyCode
REF_MONNAIE_VIRTUELLE,78a49aa716180d4b0a3049e76af3ae3b06a188c2bafb789b11d31ddc9edf17f0,,DIVI,Divi (DIVI),Divi (DIVI),#/components/schemas/VirtualCurrencyCode,#/components/schemas/VirtualCurrencyCode
REF_MONNAIE_VIRTUELLE,78a49aa716180d4b0a3049e76af3ae3b06a188c2bafb789b11d31ddc9edf17f0,,DMCH,Darma Cash (DMCH),Darma Cash (DMCH),#/components/schemas/VirtualCurrencyCode,#/components/schemas/VirtualCurrencyCode
REF_MONNAIE_VIRTUELLE,78a49aa716180d4b0a3049e76af3ae3b06a188c2bafb789b11d31ddc9edf17f0,,DMG,DMM: Governance (DMG),DMM: Governance (DMG),#/components/schemas/VirtualCurrencyCode,#/components/schemas/VirtualCurrencyCode
REF_MONNAIE_VIRTUELLE,78a49aa716180d4b0a3049e76af3ae3b06a188c2bafb789b11d31ddc9edf17f0,,DNA,Metaverse Dualchain Network Architecture (DNA),Metaverse Dualchain Network Architecture (DNA),#/components/schemas/VirtualCurrencyCode,#/components/schemas/VirtualCurrencyCode
REF_MONNAIE_VIRTUELLE,78a49aa716180d4b0a3049e76af3ae3b06a188c2bafb789b11d31ddc9edf17f0,,DNT,district0x (DNT),district0x (DNT),#/components/schemas/VirtualCurrencyCode,#/components/schemas/VirtualCurrencyCode
REF_MONNAIE_VIRTUELLE,78a49aa716180d4b0a3049e76af3ae3b06a188c2bafb789b11d31ddc9edf17f0,,DOGE,Dogecoin (DOGE),Dogecoin (DOGE),#/components/schemas/VirtualCurrencyCode,#/components/schemas/VirtualCurrencyCode
REF_MONNAIE_VIRTUELLE,78a49aa716180d4b0a3049e76af3ae3b06a188c2bafb789b11d31ddc9edf17f0,,DOT,Polkadot (DOT),Polkadot (DOT),#/components/schemas/VirtualCurrencyCode,#/components/schemas/VirtualCurrencyCode
REF_MONNAIE_VIRTUELLE,78a49aa716180d4b0a3049e76af3ae3b06a188c2bafb789b11d31ddc9edf17f0,,DREP,DREP (DREP),DREP (DREP),#/components/schemas/VirtualCurrencyCode,#/components/schemas/VirtualCurrencyCode
REF_MONNAIE_VIRTUELLE,78a49aa716180d4b0a3049e76af3ae3b06a188c2bafb789b11d31ddc9edf17f0,,DRGN,Dragonchain (DRGN),Dragonchain (DRGN),#/components/schemas/VirtualCurrencyCode,#/components/schemas/VirtualCurrencyCode
REF_MONNAIE_VIRTUELLE,78a49aa716180d4b0a3049e76af3ae3b06a188c2bafb789b11d31ddc9edf17f0,,DRS,Doctors Coin (DRS),Doctors Coin (DRS),#/components/schemas/VirtualCurrencyCode,#/components/schemas/VirtualCurrencyCode
REF_MONNAIE_VIRTUELLE,78a49aa716180d4b0a3049e76af3ae3b06a188c2bafb789b11d31ddc9edf17f0,,DTR,Dynamic Trading Rights (DTR),Dynamic Trading Rights (DTR),#/components/schemas/VirtualCurrencyCode,#/components/schemas/VirtualCurrencyCode
REF_MONNAIE_VIRTUELLE,78a49aa716180d4b0a3049e76af3ae3b06a188c2bafb789b11d31ddc9edf17f0,,DUSK,Dusk Network (DUSK),Dusk Network (DUSK),#/components/schemas/VirtualCurrencyCode,#/components/schemas/VirtualCurrencyCode
REF_MONNAIE_VIRTUELLE,78a49aa716180d4b0a3049e76af3ae3b06a188c2bafb789b11d31ddc9edf17f0,,DX,DxChain Token (DX),DxChain Token (DX),#/components/schemas/VirtualCurrencyCode,#/components/schemas/VirtualCurrencyCode
REF_MONNAIE_VIRTUELLE,78a49aa716180d4b0a3049e76af3ae3b06a188c2bafb789b11d31ddc9edf17f0,,ECOREAL,Ecoreal Estate (ECOREAL),Ecoreal Estate (ECOREAL),#/components/schemas/VirtualCurrencyCode,#/components/schemas/VirtualCurrencyCode
REF_MONNAIE_VIRTUELLE,78a49aa716180d4b0a3049e76af3ae3b06a188c2bafb789b11d31ddc9edf17f0,,EDC,EDC Blockchain v1 [old] (EDC),EDC Blockchain v1 [old] (EDC),#/components/schemas/VirtualCurrencyCode,#/components/schemas/VirtualCurrencyCode
REF_MONNAIE_VIRTUELLE,78a49aa716180d4b0a3049e76af3ae3b06a188c2bafb789b11d31ddc9edf17f0,,EGLD,Elrond (EGLD),Elrond (EGLD),#/components/schemas/VirtualCurrencyCode,#/components/schemas/VirtualCurrencyCode
REF_MONNAIE_VIRTUELLE,78a49aa716180d4b0a3049e76af3ae3b06a188c2bafb789b11d31ddc9edf17f0,,ELA,Elastos (ELA),Elastos (ELA),#/components/schemas/VirtualCurrencyCode,#/components/schemas/VirtualCurrencyCode
REF_MONNAIE_VIRTUELLE,78a49aa716180d4b0a3049e76af3ae3b06a188c2bafb789b11d31ddc9edf17f0,,ELF,aelf (ELF),aelf (ELF),#/components/schemas/VirtualCurrencyCode,#/components/schemas/VirtualCurrencyCode
REF_MONNAIE_VIRTUELLE,78a49aa716180d4b0a3049e76af3ae3b06a188c2bafb789b11d31ddc9edf17f0,,ELON,Dogelon Mars (ELON),Dogelon Mars (ELON),#/components/schemas/VirtualCurrencyCode,#/components/schemas/VirtualCurrencyCode
REF_MONNAIE_VIRTUELLE,78a49aa716180d4b0a3049e76af3ae3b06a188c2bafb789b11d31ddc9edf17f0,,EMC2,Einsteinium (EMC2),Einsteinium (EMC2),#/components/schemas/VirtualCurrencyCode,#/components/schemas/VirtualCurrencyCode
REF_MONNAIE_VIRTUELLE,78a49aa716180d4b0a3049e76af3ae3b06a188c2bafb789b11d31ddc9edf17f0,,ENG,Enigma (ENG),Enigma (ENG),#/components/schemas/VirtualCurrencyCode,#/components/schemas/VirtualCurrencyCode
REF_MONNAIE_VIRTUELLE,78a49aa716180d4b0a3049e76af3ae3b06a188c2bafb789b11d31ddc9edf17f0,,ENJ,Enjin Coin (ENJ),Enjin Coin (ENJ),#/components/schemas/VirtualCurrencyCode,#/components/schemas/VirtualCurrencyCode
REF_MONNAIE_VIRTUELLE,78a49aa716180d4b0a3049e76af3ae3b06a188c2bafb789b11d31ddc9edf17f0,,ENS,Ethereum Name Service (ENS),Ethereum Name Service (ENS),#/components/schemas/VirtualCurrencyCode,#/components/schemas/VirtualCurrencyCode
REF_MONNAIE_VIRTUELLE,78a49aa716180d4b0a3049e76af3ae3b06a188c2bafb789b11d31ddc9edf17f0,,EOS,EOS (EOS),EOS (EOS),#/components/schemas/VirtualCurrencyCode,#/components/schemas/VirtualCurrencyCode
REF_MONNAIE_VIRTUELLE,78a49aa716180d4b0a3049e76af3ae3b06a188c2bafb789b11d31ddc9edf17f0,,ERC20,ERC20 (ERC20),ERC20 (ERC20),#/components/schemas/VirtualCurrencyCode,#/components/schemas/VirtualCurrencyCode
REF_MONNAIE_VIRTUELLE,78a49aa716180d4b0a3049e76af3ae3b06a188c2bafb789b11d31ddc9edf17f0,,ERG,Ergo (ERG),Ergo (ERG),#/components/schemas/VirtualCurrencyCode,#/components/schemas/VirtualCurrencyCode
REF_MONNAIE_VIRTUELLE,78a49aa716180d4b0a3049e76af3ae3b06a188c2bafb789b11d31ddc9edf17f0,,ETC,Ethereum Classic (ETC),Ethereum Classic (ETC),#/components/schemas/VirtualCurrencyCode,#/components/schemas/VirtualCurrencyCode
REF_MONNAIE_VIRTUELLE,78a49aa716180d4b0a3049e76af3ae3b06a188c2bafb789b11d31ddc9edf17f0,,ETH,Ethereum (ETH),Ethereum (ETH),#/components/schemas/VirtualCurrencyCode,#/components/schemas/VirtualCurrencyCode
REF_MONNAIE_VIRTUELLE,78a49aa716180d4b0a3049e76af3ae3b06a188c2bafb789b11d31ddc9edf17f0,,ETN,Electroneum (ETN),Electroneum (ETN),#/components/schemas/VirtualCurrencyCode,#/components/schemas/VirtualCurrencyCode
REF_MONNAIE_VIRTUELLE,78a49aa716180d4b0a3049e76af3ae3b06a188c2bafb789b11d31ddc9edf17f0,,EUM,Elitium (EUM),Elitium (EUM),#/components/schemas/VirtualCurrencyCode,#/components/schemas/VirtualCurrencyCode
REF_MONNAIE_VIRTUELLE,78a49aa716180d4b0a3049e76af3ae3b06a188c2bafb789b11d31ddc9edf17f0,,EURS,STASIS EURO (EURS),STASIS EURO (EURS),#/components/schemas/VirtualCurrencyCode,#/components/schemas/VirtualCurrencyCode
REF_MONNAIE_VIRTUELLE,78a49aa716180d4b0a3049e76af3ae3b06a188c2bafb789b11d31ddc9edf17f0,,EVN,Envion (EVN),Envion (EVN),#/components/schemas/VirtualCurrencyCode,#/components/schemas/VirtualCurrencyCode
REF_MONNAIE_VIRTUELLE,78a49aa716180d4b0a3049e76af3ae3b06a188c2bafb789b11d31ddc9edf17f0,,EVR,Everus (EVR),Everus (EVR),#/components/schemas/VirtualCurrencyCode,#/components/schemas/VirtualCurrencyCode
REF_MONNAIE_VIRTUELLE,78a49aa716180d4b0a3049e76af3ae3b06a188c2bafb789b11d31ddc9edf17f0,,EWT,Energy Web Token (EWT),Energy Web Token (EWT),#/components/schemas/VirtualCurrencyCode,#/components/schemas/VirtualCurrencyCode
REF_MONNAIE_VIRTUELLE,78a49aa716180d4b0a3049e76af3ae3b06a188c2bafb789b11d31ddc9edf17f0,,FAB,FABRK (FAB),FABRK (FAB),#/components/schemas/VirtualCurrencyCode,#/components/schemas/VirtualCurrencyCode
REF_MONNAIE_VIRTUELLE,78a49aa716180d4b0a3049e76af3ae3b06a188c2bafb789b11d31ddc9edf17f0,,FARM,Harvest Finance (FARM),Harvest Finance (FARM),#/components/schemas/VirtualCurrencyCode,#/components/schemas/VirtualCurrencyCode
REF_MONNAIE_VIRTUELLE,78a49aa716180d4b0a3049e76af3ae3b06a188c2bafb789b11d31ddc9edf17f0,,FET,Fetch.ai (FET),Fetch.ai (FET),#/components/schemas/VirtualCurrencyCode,#/components/schemas/VirtualCurrencyCode
REF_MONNAIE_VIRTUELLE,78a49aa716180d4b0a3049e76af3ae3b06a188c2bafb789b11d31ddc9edf17f0,,FIL,Filecoin (FIL),Filecoin (FIL),#/components/schemas/VirtualCurrencyCode,#/components/schemas/VirtualCurrencyCode
REF_MONNAIE_VIRTUELLE,78a49aa716180d4b0a3049e76af3ae3b06a188c2bafb789b11d31ddc9edf17f0,,FLG,Folgory Coin (FLG),Folgory Coin (FLG),#/components/schemas/VirtualCurrencyCode,#/components/schemas/VirtualCurrencyCode
REF_MONNAIE_VIRTUELLE,78a49aa716180d4b0a3049e76af3ae3b06a188c2bafb789b11d31ddc9edf17f0,,FLM,Flamingo (FLM),Flamingo (FLM),#/components/schemas/VirtualCurrencyCode,#/components/schemas/VirtualCurrencyCode
REF_MONNAIE_VIRTUELLE,78a49aa716180d4b0a3049e76af3ae3b06a188c2bafb789b11d31ddc9edf17f0,,FLOW,Flow (FLOW),Flow (FLOW),#/components/schemas/VirtualCurrencyCode,#/components/schemas/VirtualCurrencyCode
REF_MONNAIE_VIRTUELLE,78a49aa716180d4b0a3049e76af3ae3b06a188c2bafb789b11d31ddc9edf17f0,,FNB,FNB Protocol (FNB),FNB Protocol (FNB),#/components/schemas/VirtualCurrencyCode,#/components/schemas/VirtualCurrencyCode
REF_MONNAIE_VIRTUELLE,78a49aa716180d4b0a3049e76af3ae3b06a188c2bafb789b11d31ddc9edf17f0,,FSN,Fusion (FSN),Fusion (FSN),#/components/schemas/VirtualCurrencyCode,#/components/schemas/VirtualCurrencyCode
REF_MONNAIE_VIRTUELLE,78a49aa716180d4b0a3049e76af3ae3b06a188c2bafb789b11d31ddc9edf17f0,,FST,1irstcoin (FST),1irstcoin (FST),#/components/schemas/VirtualCurrencyCode,#/components/schemas/VirtualCurrencyCode
REF_MONNAIE_VIRTUELLE,78a49aa716180d4b0a3049e76af3ae3b06a188c2bafb789b11d31ddc9edf17f0,,FTM,Fantom (FTM),Fantom (FTM),#/components/schemas/VirtualCurrencyCode,#/components/schemas/VirtualCurrencyCode
REF_MONNAIE_VIRTUELLE,78a49aa716180d4b0a3049e76af3ae3b06a188c2bafb789b11d31ddc9edf17f0,,FTT,FTX Token (FTT),FTX Token (FTT),#/components/schemas/VirtualCurrencyCode,#/components/schemas/VirtualCurrencyCode
REF_MONNAIE_VIRTUELLE,78a49aa716180d4b0a3049e76af3ae3b06a188c2bafb789b11d31ddc9edf17f0,,FUN,FunFair (FUN),FunFair (FUN),#/components/schemas/VirtualCurrencyCode,#/components/schemas/VirtualCurrencyCode
REF_MONNAIE_VIRTUELLE,78a49aa716180d4b0a3049e76af3ae3b06a188c2bafb789b11d31ddc9edf17f0,,FX,Function X (FX),Function X (FX),#/components/schemas/VirtualCurrencyCode,#/components/schemas/VirtualCurrencyCode
REF_MONNAIE_VIRTUELLE,78a49aa716180d4b0a3049e76af3ae3b06a188c2bafb789b11d31ddc9edf17f0,,FXC,Flexacoin (FXC),Flexacoin (FXC),#/components/schemas/VirtualCurrencyCode,#/components/schemas/VirtualCurrencyCode
REF_MONNAIE_VIRTUELLE,78a49aa716180d4b0a3049e76af3ae3b06a188c2bafb789b11d31ddc9edf17f0,,GALA,Gala (GALA),Gala (GALA),#/components/schemas/VirtualCurrencyCode,#/components/schemas/VirtualCurrencyCode
REF_MONNAIE_VIRTUELLE,78a49aa716180d4b0a3049e76af3ae3b06a188c2bafb789b11d31ddc9edf17f0,,GARD,Hashgard (GARD),Hashgard (GARD),#/components/schemas/VirtualCurrencyCode,#/components/schemas/VirtualCurrencyCode
REF_MONNAIE_VIRTUELLE,78a49aa716180d4b0a3049e76af3ae3b06a188c2bafb789b11d31ddc9edf17f0,,GAS,Gas (GAS),Gas (GAS),#/components/schemas/VirtualCurrencyCode,#/components/schemas/VirtualCurrencyCode
REF_MONNAIE_VIRTUELLE,78a49aa716180d4b0a3049e76af3ae3b06a188c2bafb789b11d31ddc9edf17f0,,GBYTE,Obyte (GBYTE),Obyte (GBYTE),#/components/schemas/VirtualCurrencyCode,#/components/schemas/VirtualCurrencyCode
REF_MONNAIE_VIRTUELLE,78a49aa716180d4b0a3049e76af3ae3b06a188c2bafb789b11d31ddc9edf17f0,,GLEEC,Gleec (GLEEC),Gleec (GLEEC),#/components/schemas/VirtualCurrencyCode,#/components/schemas/VirtualCurrencyCode
REF_MONNAIE_VIRTUELLE,78a49aa716180d4b0a3049e76af3ae3b06a188c2bafb789b11d31ddc9edf17f0,,GNO,Gnosis (GNO),Gnosis (GNO),#/components/schemas/VirtualCurrencyCode,#/components/schemas/VirtualCurrencyCode
REF_MONNAIE_VIRTUELLE,78a49aa716180d4b0a3049e76af3ae3b06a188c2bafb789b11d31ddc9edf17f0,,GNT,Golem (GNT),Golem (GNT),#/components/schemas/VirtualCurrencyCode,#/components/schemas/VirtualCurrencyCode
REF_MONNAIE_VIRTUELLE,78a49aa716180d4b0a3049e76af3ae3b06a188c2bafb789b11d31ddc9edf17f0,,GRIN,Grin (GRIN),Grin (GRIN),#/components/schemas/VirtualCurrencyCode,#/components/schemas/VirtualCurrencyCode
REF_MONNAIE_VIRTUELLE,78a49aa716180d4b0a3049e76af3ae3b06a188c2bafb789b11d31ddc9edf17f0,,GRN,GreenPower (GRN),GreenPower (GRN),#/components/schemas/VirtualCurrencyCode,#/components/schemas/VirtualCurrencyCode
REF_MONNAIE_VIRTUELLE,78a49aa716180d4b0a3049e76af3ae3b06a188c2bafb789b11d31ddc9edf17f0,,GRS,Groestlcoin (GRS),Groestlcoin (GRS),#/components/schemas/VirtualCurrencyCode,#/components/schemas/VirtualCurrencyCode
REF_MONNAIE_VIRTUELLE,78a49aa716180d4b0a3049e76af3ae3b06a188c2bafb789b11d31ddc9edf17f0,,GRT,The Graph (GRT),The Graph (GRT),#/components/schemas/VirtualCurrencyCode,#/components/schemas/VirtualCurrencyCode
REF_MONNAIE_VIRTUELLE,78a49aa716180d4b0a3049e76af3ae3b06a188c2bafb789b11d31ddc9edf17f0,,GT,GateToken (GT),GateToken (GT),#/components/schemas/VirtualCurrencyCode,#/components/schemas/VirtualCurrencyCode
REF_MONNAIE_VIRTUELLE,78a49aa716180d4b0a3049e76af3ae3b06a188c2bafb789b11d31ddc9edf17f0,,GUSD,Gemini Dollar (GUSD),Gemini Dollar (GUSD),#/components/schemas/VirtualCurrencyCode,#/components/schemas/VirtualCurrencyCode
REF_MONNAIE_VIRTUELLE,78a49aa716180d4b0a3049e76af3ae3b06a188c2bafb789b11d31ddc9edf17f0,,GXC,GXChain (GXC),GXChain (GXC),#/components/schemas/VirtualCurrencyCode,#/components/schemas/VirtualCurrencyCode
REF_MONNAIE_VIRTUELLE,78a49aa716180d4b0a3049e76af3ae3b06a188c2bafb789b11d31ddc9edf17f0,,HBAR,Hedera Hashgraph (HBAR),Hedera Hashgraph (HBAR),#/components/schemas/VirtualCurrencyCode,#/components/schemas/VirtualCurrencyCode
REF_MONNAIE_VIRTUELLE,78a49aa716180d4b0a3049e76af3ae3b06a188c2bafb789b11d31ddc9edf17f0,,HBTC,Huobi BTC (HBTC),Huobi BTC (HBTC),#/components/schemas/VirtualCurrencyCode,#/components/schemas/VirtualCurrencyCode
REF_MONNAIE_VIRTUELLE,78a49aa716180d4b0a3049e76af3ae3b06a188c2bafb789b11d31ddc9edf17f0,,HC,HyperCash (HC),HyperCash (HC),#/components/schemas/VirtualCurrencyCode,#/components/schemas/VirtualCurrencyCode
REF_MONNAIE_VIRTUELLE,78a49aa716180d4b0a3049e76af3ae3b06a188c2bafb789b11d31ddc9edf17f0,,HEDG,HedgeTrade (HEDG),HedgeTrade (HEDG),#/components/schemas/VirtualCurrencyCode,#/components/schemas/VirtualCurrencyCode
REF_MONNAIE_VIRTUELLE,78a49aa716180d4b0a3049e76af3ae3b06a188c2bafb789b11d31ddc9edf17f0,,HEX,HEX (HEX),HEX (HEX),#/components/schemas/VirtualCurrencyCode,#/components/schemas/VirtualCurrencyCode
REF_MONNAIE_VIRTUELLE,78a49aa716180d4b0a3049e76af3ae3b06a188c2bafb789b11d31ddc9edf17f0,,HIVE,Hive (HIVE),Hive (HIVE),#/components/schemas/VirtualCurrencyCode,#/components/schemas/VirtualCurrencyCode
REF_MONNAIE_VIRTUELLE,78a49aa716180d4b0a3049e76af3ae3b06a188c2bafb789b11d31ddc9edf17f0,,HMR,Homeros (HMR),Homeros (HMR),#/components/schemas/VirtualCurrencyCode,#/components/schemas/VirtualCurrencyCode
REF_MONNAIE_VIRTUELLE,78a49aa716180d4b0a3049e76af3ae3b06a188c2bafb789b11d31ddc9edf17f0,,HNC,Hellenic Coin (HNC),Hellenic Coin (HNC),#/components/schemas/VirtualCurrencyCode,#/components/schemas/VirtualCurrencyCode
REF_MONNAIE_VIRTUELLE,78a49aa716180d4b0a3049e76af3ae3b06a188c2bafb789b11d31ddc9edf17f0,,HNS,Handshake  (HNS),Handshake  (HNS),#/components/schemas/VirtualCurrencyCode,#/components/schemas/VirtualCurrencyCode
REF_MONNAIE_VIRTUELLE,78a49aa716180d4b0a3049e76af3ae3b06a188c2bafb789b11d31ddc9edf17f0,,HNT,Helium (HNT),Helium (HNT),#/components/schemas/VirtualCurrencyCode,#/components/schemas/VirtualCurrencyCode
REF_MONNAIE_VIRTUELLE,78a49aa716180d4b0a3049e76af3ae3b06a188c2bafb789b11d31ddc9edf17f0,,HOD,HoDooi.com (HOD),HoDooi.com (HOD),#/components/schemas/VirtualCurrencyCode,#/components/schemas/VirtualCurrencyCode
REF_MONNAIE_VIRTUELLE,78a49aa716180d4b0a3049e76af3ae3b06a188c2bafb789b11d31ddc9edf17f0,,HOT,Holo (HOT),Holo (HOT),#/components/schemas/VirtualCurrencyCode,#/components/schemas/VirtualCurrencyCode
REF_MONNAIE_VIRTUELLE,78a49aa716180d4b0a3049e76af3ae3b06a188c2bafb789b11d31ddc9edf17f0,,HPT,Huobi Pool Token (HPT),Huobi Pool Token (HPT),#/components/schemas/VirtualCurrencyCode,#/components/schemas/VirtualCurrencyCode
REF_MONNAIE_VIRTUELLE,78a49aa716180d4b0a3049e76af3ae3b06a188c2bafb789b11d31ddc9edf17f0,,HSN,Helper Search Token (HSN),Helper Search Token (HSN),#/components/schemas/VirtualCurrencyCode,#/components/schemas/VirtualCurrencyCode
REF_MONNAIE_VIRTUELLE,78a49aa716180d4b0a3049e76af3ae3b06a188c2bafb789b11d31ddc9edf17f0,,HT,Huobi Token (HT),Huobi Token (HT),#/components/schemas/VirtualCurrencyCode,#/components/schemas/VirtualCurrencyCode
REF_MONNAIE_VIRTUELLE,78a49aa716180d4b0a3049e76af3ae3b06a188c2bafb789b11d31ddc9edf17f0,,HUSD,HUSD (HUSD),HUSD (HUSD),#/components/schemas/VirtualCurrencyCode,#/components/schemas/VirtualCurrencyCode
REF_MONNAIE_VIRTUELLE,78a49aa716180d4b0a3049e76af3ae3b06a188c2bafb789b11d31ddc9edf17f0,,HXRO,Hxro (HXRO),Hxro (HXRO),#/components/schemas/VirtualCurrencyCode,#/components/schemas/VirtualCurrencyCode
REF_MONNAIE_VIRTUELLE,78a49aa716180d4b0a3049e76af3ae3b06a188c2bafb789b11d31ddc9edf17f0,,HYN,Hyperion (HYN),Hyperion (HYN),#/components/schemas/VirtualCurrencyCode,#/components/schemas/VirtualCurrencyCode
REF_MONNAIE_VIRTUELLE,78a49aa716180d4b0a3049e76af3ae3b06a188c2bafb789b11d31ddc9edf17f0,,ICH,Idea Chain Coin (ICH),Idea Chain Coin (ICH),#/components/schemas/VirtualCurrencyCode,#/components/schemas/VirtualCurrencyCode
REF_MONNAIE_VIRTUELLE,78a49aa716180d4b0a3049e76af3ae3b06a188c2bafb789b11d31ddc9edf17f0,,ICP,Internet Computer (ICP),Internet Computer (ICP),#/components/schemas/VirtualCurrencyCode,#/components/schemas/VirtualCurrencyCode
REF_MONNAIE_VIRTUELLE,78a49aa716180d4b0a3049e76af3ae3b06a188c2bafb789b11d31ddc9edf17f0,,ICX,ICON (ICX),ICON (ICX),#/components/schemas/VirtualCurrencyCode,#/components/schemas/VirtualCurrencyCode
REF_MONNAIE_VIRTUELLE,78a49aa716180d4b0a3049e76af3ae3b06a188c2bafb789b11d31ddc9edf17f0,,IDEX,IDEX (IDEX),IDEX (IDEX),#/components/schemas/VirtualCurrencyCode,#/components/schemas/VirtualCurrencyCode
REF_MONNAIE_VIRTUELLE,78a49aa716180d4b0a3049e76af3ae3b06a188c2bafb789b11d31ddc9edf17f0,,IGNIS,Ignis (IGNIS),Ignis (IGNIS),#/components/schemas/VirtualCurrencyCode,#/components/schemas/VirtualCurrencyCode
REF_MONNAIE_VIRTUELLE,78a49aa716180d4b0a3049e76af3ae3b06a188c2bafb789b11d31ddc9edf17f0,,IHF,Invictus Hyperion Fund (IHF),Invictus Hyperion Fund (IHF),#/components/schemas/VirtualCurrencyCode,#/components/schemas/VirtualCurrencyCode
REF_MONNAIE_VIRTUELLE,78a49aa716180d4b0a3049e76af3ae3b06a188c2bafb789b11d31ddc9edf17f0,,ILV,Illuvium (ILV),Illuvium (ILV),#/components/schemas/VirtualCurrencyCode,#/components/schemas/VirtualCurrencyCode
REF_MONNAIE_VIRTUELLE,78a49aa716180d4b0a3049e76af3ae3b06a188c2bafb789b11d31ddc9edf17f0,,IMX,Immutable X (IMX),Immutable X (IMX),#/components/schemas/VirtualCurrencyCode,#/components/schemas/VirtualCurrencyCode
REF_MONNAIE_VIRTUELLE,78a49aa716180d4b0a3049e76af3ae3b06a188c2bafb789b11d31ddc9edf17f0,,INB,Insight Chain (INB),Insight Chain (INB),#/components/schemas/VirtualCurrencyCode,#/components/schemas/VirtualCurrencyCode
REF_MONNAIE_VIRTUELLE,78a49aa716180d4b0a3049e76af3ae3b06a188c2bafb789b11d31ddc9edf17f0,,INJ,Injective Protocol (INJ),Injective Protocol (INJ),#/components/schemas/VirtualCurrencyCode,#/components/schemas/VirtualCurrencyCode
REF_MONNAIE_VIRTUELLE,78a49aa716180d4b0a3049e76af3ae3b06a188c2bafb789b11d31ddc9edf17f0,,INO,INO COIN (INO),INO COIN (INO),#/components/schemas/VirtualCurrencyCode,#/components/schemas/VirtualCurrencyCode
REF_MONNAIE_VIRTUELLE,78a49aa716180d4b0a3049e76af3ae3b06a188c2bafb789b11d31ddc9edf17f0,,INSTAR,Insights Network (INSTAR),Insights Network (INSTAR),#/components/schemas/VirtualCurrencyCode,#/components/schemas/VirtualCurrencyCode
REF_MONNAIE_VIRTUELLE,78a49aa716180d4b0a3049e76af3ae3b06a188c2bafb789b11d31ddc9edf17f0,,IOST,IOST (IOST),IOST (IOST),#/components/schemas/VirtualCurrencyCode,#/components/schemas/VirtualCurrencyCode
REF_MONNAIE_VIRTUELLE,78a49aa716180d4b0a3049e76af3ae3b06a188c2bafb789b11d31ddc9edf17f0,,IOTX,IoTeX (IOTX),IoTeX (IOTX),#/components/schemas/VirtualCurrencyCode,#/components/schemas/VirtualCurrencyCode
REF_MONNAIE_VIRTUELLE,78a49aa716180d4b0a3049e76af3ae3b06a188c2bafb789b11d31ddc9edf17f0,,IPX,Tachyon Protocol (IPX),Tachyon Protocol (IPX),#/components/schemas/VirtualCurrencyCode,#/components/schemas/VirtualCurrencyCode
REF_MONNAIE_VIRTUELLE,78a49aa716180d4b0a3049e76af3ae3b06a188c2bafb789b11d31ddc9edf17f0,,IQ,Everipedia (IQ),Everipedia (IQ),#/components/schemas/VirtualCurrencyCode,#/components/schemas/VirtualCurrencyCode
REF_MONNAIE_VIRTUELLE,78a49aa716180d4b0a3049e76af3ae3b06a188c2bafb789b11d31ddc9edf17f0,,IRIS,IRISnet (IRIS),IRISnet (IRIS),#/components/schemas/VirtualCurrencyCode,#/components/schemas/VirtualCurrencyCode
REF_MONNAIE_VIRTUELLE,78a49aa716180d4b0a3049e76af3ae3b06a188c2bafb789b11d31ddc9edf17f0,,IZE,IZE (IZE),IZE (IZE),#/components/schemas/VirtualCurrencyCode,#/components/schemas/VirtualCurrencyCode
REF_MONNAIE_VIRTUELLE,78a49aa716180d4b0a3049e76af3ae3b06a188c2bafb789b11d31ddc9edf17f0,,JST,JUST (JST),JUST (JST),#/components/schemas/VirtualCurrencyCode,#/components/schemas/VirtualCurrencyCode
REF_MONNAIE_VIRTUELLE,78a49aa716180d4b0a3049e76af3ae3b06a188c2bafb789b11d31ddc9edf17f0,,JUL,Joule (JUL),Joule (JUL),#/components/schemas/VirtualCurrencyCode,#/components/schemas/VirtualCurrencyCode
REF_MONNAIE_VIRTUELLE,78a49aa716180d4b0a3049e76af3ae3b06a188c2bafb789b11d31ddc9edf17f0,,JWL,Jewel (JWL),Jewel (JWL),#/components/schemas/VirtualCurrencyCode,#/components/schemas/VirtualCurrencyCode
REF_MONNAIE_VIRTUELLE,78a49aa716180d4b0a3049e76af3ae3b06a188c2bafb789b11d31ddc9edf17f0,,KAI,KardiaChain (KAI),KardiaChain (KAI),#/components/schemas/VirtualCurrencyCode,#/components/schemas/VirtualCurrencyCode
REF_MONNAIE_VIRTUELLE,78a49aa716180d4b0a3049e76af3ae3b06a188c2bafb789b11d31ddc9edf17f0,,KAN,BitKan (KAN),BitKan (KAN),#/components/schemas/VirtualCurrencyCode,#/components/schemas/VirtualCurrencyCode
REF_MONNAIE_VIRTUELLE,78a49aa716180d4b0a3049e76af3ae3b06a188c2bafb789b11d31ddc9edf17f0,,KAVA,Kava.io (KAVA),Kava.io (KAVA),#/components/schemas/VirtualCurrencyCode,#/components/schemas/VirtualCurrencyCode
REF_MONNAIE_VIRTUELLE,78a49aa716180d4b0a3049e76af3ae3b06a188c2bafb789b11d31ddc9edf17f0,,KBC,Karatgold Coin (KBC),Karatgold Coin (KBC),#/components/schemas/VirtualCurrencyCode,#/components/schemas/VirtualCurrencyCode
REF_MONNAIE_VIRTUELLE,78a49aa716180d4b0a3049e76af3ae3b06a188c2bafb789b11d31ddc9edf17f0,,KCASH,Kcash (KCASH),Kcash (KCASH),#/components/schemas/VirtualCurrencyCode,#/components/schemas/VirtualCurrencyCode
REF_MONNAIE_VIRTUELLE,78a49aa716180d4b0a3049e76af3ae3b06a188c2bafb789b11d31ddc9edf17f0,,KCS,KuCoin Shares (KCS),KuCoin Shares (KCS),#/components/schemas/VirtualCurrencyCode,#/components/schemas/VirtualCurrencyCode
REF_MONNAIE_VIRTUELLE,78a49aa716180d4b0a3049e76af3ae3b06a188c2bafb789b11d31ddc9edf17f0,,KDA,Kadena (KDA),Kadena (KDA),#/components/schemas/VirtualCurrencyCode,#/components/schemas/VirtualCurrencyCode
REF_MONNAIE_VIRTUELLE,78a49aa716180d4b0a3049e76af3ae3b06a188c2bafb789b11d31ddc9edf17f0,,KDAG,King DAG (KDAG),King DAG (KDAG),#/components/schemas/VirtualCurrencyCode,#/components/schemas/VirtualCurrencyCode
REF_MONNAIE_VIRTUELLE,78a49aa716180d4b0a3049e76af3ae3b06a188c2bafb789b11d31ddc9edf17f0,,KEEP,Keep Network (KEEP),Keep Network (KEEP),#/components/schemas/VirtualCurrencyCode,#/components/schemas/VirtualCurrencyCode
REF_MONNAIE_VIRTUELLE,78a49aa716180d4b0a3049e76af3ae3b06a188c2bafb789b11d31ddc9edf17f0,,KIN,Kin (KIN),Kin (KIN),#/components/schemas/VirtualCurrencyCode,#/components/schemas/VirtualCurrencyCode
REF_MONNAIE_VIRTUELLE,78a49aa716180d4b0a3049e76af3ae3b06a188c2bafb789b11d31ddc9edf17f0,,KLAY,Klaytn (KLAY),Klaytn (KLAY),#/components/schemas/VirtualCurrencyCode,#/components/schemas/VirtualCurrencyCode
REF_MONNAIE_VIRTUELLE,78a49aa716180d4b0a3049e76af3ae3b06a188c2bafb789b11d31ddc9edf17f0,,KMD,Komodo (KMD),Komodo (KMD),#/components/schemas/VirtualCurrencyCode,#/components/schemas/VirtualCurrencyCode
REF_MONNAIE_VIRTUELLE,78a49aa716180d4b0a3049e76af3ae3b06a188c2bafb789b11d31ddc9edf17f0,,KNC,Kyber Network (KNC),Kyber Network (KNC),#/components/schemas/VirtualCurrencyCode,#/components/schemas/VirtualCurrencyCode
REF_MONNAIE_VIRTUELLE,78a49aa716180d4b0a3049e76af3ae3b06a188c2bafb789b11d31ddc9edf17f0,,KP3R,Keep3rV1 (KP3R),Keep3rV1 (KP3R),#/components/schemas/VirtualCurrencyCode,#/components/schemas/VirtualCurrencyCode
REF_MONNAIE_VIRTUELLE,78a49aa716180d4b0a3049e76af3ae3b06a188c2bafb789b11d31ddc9edf17f0,,KRT,TerraKRW (KRT),TerraKRW (KRT),#/components/schemas/VirtualCurrencyCode,#/components/schemas/VirtualCurrencyCode
REF_MONNAIE_VIRTUELLE,78a49aa716180d4b0a3049e76af3ae3b06a188c2bafb789b11d31ddc9edf17f0,,KSM,Kusama (KSM),Kusama (KSM),#/components/schemas/VirtualCurrencyCode,#/components/schemas/VirtualCurrencyCode
REF_MONNAIE_VIRTUELLE,78a49aa716180d4b0a3049e76af3ae3b06a188c2bafb789b11d31ddc9edf17f0,,LA,LATOKEN (LA),LATOKEN (LA),#/components/schemas/VirtualCurrencyCode,#/components/schemas/VirtualCurrencyCode
REF_MONNAIE_VIRTUELLE,78a49aa716180d4b0a3049e76af3ae3b06a188c2bafb789b11d31ddc9edf17f0,,LAMB,Lambda (LAMB),Lambda (LAMB),#/components/schemas/VirtualCurrencyCode,#/components/schemas/VirtualCurrencyCode
REF_MONNAIE_VIRTUELLE,78a49aa716180d4b0a3049e76af3ae3b06a188c2bafb789b11d31ddc9edf17f0,,LBC,LBRY Credits (LBC),LBRY Credits (LBC),#/components/schemas/VirtualCurrencyCode,#/components/schemas/VirtualCurrencyCode
REF_MONNAIE_VIRTUELLE,78a49aa716180d4b0a3049e76af3ae3b06a188c2bafb789b11d31ddc9edf17f0,,LCX,LCX (LCX),LCX (LCX),#/components/schemas/VirtualCurrencyCode,#/components/schemas/VirtualCurrencyCode
REF_MONNAIE_VIRTUELLE,78a49aa716180d4b0a3049e76af3ae3b06a188c2bafb789b11d31ddc9edf17f0,,LEO,UNUS SED LEO (LEO),UNUS SED LEO (LEO),#/components/schemas/VirtualCurrencyCode,#/components/schemas/VirtualCurrencyCode
REF_MONNAIE_VIRTUELLE,78a49aa716180d4b0a3049e76af3ae3b06a188c2bafb789b11d31ddc9edf17f0,,LEVL,Levolution (LEVL),Levolution (LEVL),#/components/schemas/VirtualCurrencyCode,#/components/schemas/VirtualCurrencyCode
REF_MONNAIE_VIRTUELLE,78a49aa716180d4b0a3049e76af3ae3b06a188c2bafb789b11d31ddc9edf17f0,,LINK,Chainlink (LINK),Chainlink (LINK),#/components/schemas/VirtualCurrencyCode,#/components/schemas/VirtualCurrencyCode
REF_MONNAIE_VIRTUELLE,78a49aa716180d4b0a3049e76af3ae3b06a188c2bafb789b11d31ddc9edf17f0,,LOKI,Loki (LOKI),Loki (LOKI),#/components/schemas/VirtualCurrencyCode,#/components/schemas/VirtualCurrencyCode
REF_MONNAIE_VIRTUELLE,78a49aa716180d4b0a3049e76af3ae3b06a188c2bafb789b11d31ddc9edf17f0,,LOOM,Loom Network (LOOM),Loom Network (LOOM),#/components/schemas/VirtualCurrencyCode,#/components/schemas/VirtualCurrencyCode
REF_MONNAIE_VIRTUELLE,78a49aa716180d4b0a3049e76af3ae3b06a188c2bafb789b11d31ddc9edf17f0,,LPT,Livepeer (LPT),Livepeer (LPT),#/components/schemas/VirtualCurrencyCode,#/components/schemas/VirtualCurrencyCode
REF_MONNAIE_VIRTUELLE,78a49aa716180d4b0a3049e76af3ae3b06a188c2bafb789b11d31ddc9edf17f0,,LRC,Loopring (LRC),Loopring (LRC),#/components/schemas/VirtualCurrencyCode,#/components/schemas/VirtualCurrencyCode
REF_MONNAIE_VIRTUELLE,78a49aa716180d4b0a3049e76af3ae3b06a188c2bafb789b11d31ddc9edf17f0,,LRG,Largo Coin (LRG),Largo Coin (LRG),#/components/schemas/VirtualCurrencyCode,#/components/schemas/VirtualCurrencyCode
REF_MONNAIE_VIRTUELLE,78a49aa716180d4b0a3049e76af3ae3b06a188c2bafb789b11d31ddc9edf17f0,,LSK,Lisk (LSK),Lisk (LSK),#/components/schemas/VirtualCurrencyCode,#/components/schemas/VirtualCurrencyCode
REF_MONNAIE_VIRTUELLE,78a49aa716180d4b0a3049e76af3ae3b06a188c2bafb789b11d31ddc9edf17f0,,LTC,Litecoin (LTC),Litecoin (LTC),#/components/schemas/VirtualCurrencyCode,#/components/schemas/VirtualCurrencyCode
REF_MONNAIE_VIRTUELLE,78a49aa716180d4b0a3049e76af3ae3b06a188c2bafb789b11d31ddc9edf17f0,,LTO,LTO Network (LTO),LTO Network (LTO),#/components/schemas/VirtualCurrencyCode,#/components/schemas/VirtualCurrencyCode
REF_MONNAIE_VIRTUELLE,78a49aa716180d4b0a3049e76af3ae3b06a188c2bafb789b11d31ddc9edf17f0,,LUNA,Terra (LUNA),Terra (LUNA),#/components/schemas/VirtualCurrencyCode,#/components/schemas/VirtualCurrencyCode
REF_MONNAIE_VIRTUELLE,78a49aa716180d4b0a3049e76af3ae3b06a188c2bafb789b11d31ddc9edf17f0,,LVX,Level01 (LVX),Level01 (LVX),#/components/schemas/VirtualCurrencyCode,#/components/schemas/VirtualCurrencyCode
REF_MONNAIE_VIRTUELLE,78a49aa716180d4b0a3049e76af3ae3b06a188c2bafb789b11d31ddc9edf17f0,,MAID,MaidSafeCoin (MAID),MaidSafeCoin (MAID),#/components/schemas/VirtualCurrencyCode,#/components/schemas/VirtualCurrencyCode
REF_MONNAIE_VIRTUELLE,78a49aa716180d4b0a3049e76af3ae3b06a188c2bafb789b11d31ddc9edf17f0,,MANA,Decentraland (MANA),Decentraland (MANA),#/components/schemas/VirtualCurrencyCode,#/components/schemas/VirtualCurrencyCode
REF_MONNAIE_VIRTUELLE,78a49aa716180d4b0a3049e76af3ae3b06a188c2bafb789b11d31ddc9edf17f0,,MASS,Massnet (MASS),Massnet (MASS),#/components/schemas/VirtualCurrencyCode,#/components/schemas/VirtualCurrencyCode
REF_MONNAIE_VIRTUELLE,78a49aa716180d4b0a3049e76af3ae3b06a188c2bafb789b11d31ddc9edf17f0,,MATH,MATH (MATH),MATH (MATH),#/components/schemas/VirtualCurrencyCode,#/components/schemas/VirtualCurrencyCode
REF_MONNAIE_VIRTUELLE,78a49aa716180d4b0a3049e76af3ae3b06a188c2bafb789b11d31ddc9edf17f0,,MATIC,Matic Network (MATIC),Matic Network (MATIC),#/components/schemas/VirtualCurrencyCode,#/components/schemas/VirtualCurrencyCode
REF_MONNAIE_VIRTUELLE,78a49aa716180d4b0a3049e76af3ae3b06a188c2bafb789b11d31ddc9edf17f0,,MBL,MovieBloc (MBL),MovieBloc (MBL),#/components/schemas/VirtualCurrencyCode,#/components/schemas/VirtualCurrencyCode
REF_MONNAIE_VIRTUELLE,78a49aa716180d4b0a3049e76af3ae3b06a188c2bafb789b11d31ddc9edf17f0,,MBN,Mobilian Coin (MBN),Mobilian Coin (MBN),#/components/schemas/VirtualCurrencyCode,#/components/schemas/VirtualCurrencyCode
REF_MONNAIE_VIRTUELLE,78a49aa716180d4b0a3049e76af3ae3b06a188c2bafb789b11d31ddc9edf17f0,,MCO,MCO (MCO),MCO (MCO),#/components/schemas/VirtualCurrencyCode,#/components/schemas/VirtualCurrencyCode
REF_MONNAIE_VIRTUELLE,78a49aa716180d4b0a3049e76af3ae3b06a188c2bafb789b11d31ddc9edf17f0,,MDA,Moeda Loyalty Points (MDA),Moeda Loyalty Points (MDA),#/components/schemas/VirtualCurrencyCode,#/components/schemas/VirtualCurrencyCode
REF_MONNAIE_VIRTUELLE,78a49aa716180d4b0a3049e76af3ae3b06a188c2bafb789b11d31ddc9edf17f0,,MED,MediBloc (MED),MediBloc (MED),#/components/schemas/VirtualCurrencyCode,#/components/schemas/VirtualCurrencyCode
REF_MONNAIE_VIRTUELLE,78a49aa716180d4b0a3049e76af3ae3b06a188c2bafb789b11d31ddc9edf17f0,,MFT,Mainframe (MFT),Mainframe (MFT),#/components/schemas/VirtualCurrencyCode,#/components/schemas/VirtualCurrencyCode
REF_MONNAIE_VIRTUELLE,78a49aa716180d4b0a3049e76af3ae3b06a188c2bafb789b11d31ddc9edf17f0,,MIN,MINDOL (MIN),MINDOL (MIN),#/components/schemas/VirtualCurrencyCode,#/components/schemas/VirtualCurrencyCode
REF_MONNAIE_VIRTUELLE,78a49aa716180d4b0a3049e76af3ae3b06a188c2bafb789b11d31ddc9edf17f0,,MIOTA,IOTA (MIOTA),IOTA (MIOTA),#/components/schemas/VirtualCurrencyCode,#/components/schemas/VirtualCurrencyCode
REF_MONNAIE_VIRTUELLE,78a49aa716180d4b0a3049e76af3ae3b06a188c2bafb789b11d31ddc9edf17f0,,MKR,Maker (MKR),Maker (MKR),#/components/schemas/VirtualCurrencyCode,#/components/schemas/VirtualCurrencyCode
REF_MONNAIE_VIRTUELLE,78a49aa716180d4b0a3049e76af3ae3b06a188c2bafb789b11d31ddc9edf17f0,,MLK,MiL.k (MLK),MiL.k (MLK),#/components/schemas/VirtualCurrencyCode,#/components/schemas/VirtualCurrencyCode
REF_MONNAIE_VIRTUELLE,78a49aa716180d4b0a3049e76af3ae3b06a188c2bafb789b11d31ddc9edf17f0,,MLN,Melon (MLN),Melon (MLN),#/components/schemas/VirtualCurrencyCode,#/components/schemas/VirtualCurrencyCode
REF_MONNAIE_VIRTUELLE,78a49aa716180d4b0a3049e76af3ae3b06a188c2bafb789b11d31ddc9edf17f0,,MOF,Molecular Future (MOF),Molecular Future (MOF),#/components/schemas/VirtualCurrencyCode,#/components/schemas/VirtualCurrencyCode
REF_MONNAIE_VIRTUELLE,78a49aa716180d4b0a3049e76af3ae3b06a188c2bafb789b11d31ddc9edf17f0,,MONA,MonaCoin (MONA),MonaCoin (MONA),#/components/schemas/VirtualCurrencyCode,#/components/schemas/VirtualCurrencyCode
REF_MONNAIE_VIRTUELLE,78a49aa716180d4b0a3049e76af3ae3b06a188c2bafb789b11d31ddc9edf17f0,,MRPH,Morpheus.Network (MRPH),Morpheus.Network (MRPH),#/components/schemas/VirtualCurrencyCode,#/components/schemas/VirtualCurrencyCode
REF_MONNAIE_VIRTUELLE,78a49aa716180d4b0a3049e76af3ae3b06a188c2bafb789b11d31ddc9edf17f0,,MTA,Meta (MTA),Meta (MTA),#/components/schemas/VirtualCurrencyCode,#/components/schemas/VirtualCurrencyCode
REF_MONNAIE_VIRTUELLE,78a49aa716180d4b0a3049e76af3ae3b06a188c2bafb789b11d31ddc9edf17f0,,MTC,Metacoin (MTC),Metacoin (MTC),#/components/schemas/VirtualCurrencyCode,#/components/schemas/VirtualCurrencyCode
REF_MONNAIE_VIRTUELLE,78a49aa716180d4b0a3049e76af3ae3b06a188c2bafb789b11d31ddc9edf17f0,,MTL,Metal (MTL),Metal (MTL),#/components/schemas/VirtualCurrencyCode,#/components/schemas/VirtualCurrencyCode
REF_MONNAIE_VIRTUELLE,78a49aa716180d4b0a3049e76af3ae3b06a188c2bafb789b11d31ddc9edf17f0,,MTXLT,Tixl (MTXLT),Tixl (MTXLT),#/components/schemas/VirtualCurrencyCode,#/components/schemas/VirtualCurrencyCode
REF_MONNAIE_VIRTUELLE,78a49aa716180d4b0a3049e76af3ae3b06a188c2bafb789b11d31ddc9edf17f0,,MUSD,mStable USD (MUSD),mStable USD (MUSD),#/components/schemas/VirtualCurrencyCode,#/components/schemas/VirtualCurrencyCode
REF_MONNAIE_VIRTUELLE,78a49aa716180d4b0a3049e76af3ae3b06a188c2bafb789b11d31ddc9edf17f0,,MVL,MVL (MVL),MVL (MVL),#/components/schemas/VirtualCurrencyCode,#/components/schemas/VirtualCurrencyCode
REF_MONNAIE_VIRTUELLE,78a49aa716180d4b0a3049e76af3ae3b06a188c2bafb789b11d31ddc9edf17f0,,MWC,MimbleWimbleCoin (MWC),MimbleWimbleCoin (MWC),#/components/schemas/VirtualCurrencyCode,#/components/schemas/VirtualCurrencyCode
REF_MONNAIE_VIRTUELLE,78a49aa716180d4b0a3049e76af3ae3b06a188c2bafb789b11d31ddc9edf17f0,,MX,MX Token (MX),MX Token (MX),#/components/schemas/VirtualCurrencyCode,#/components/schemas/VirtualCurrencyCode
REF_MONNAIE_VIRTUELLE,78a49aa716180d4b0a3049e76af3ae3b06a188c2bafb789b11d31ddc9edf17f0,,MXC,MXC (MXC),MXC (MXC),#/components/schemas/VirtualCurrencyCode,#/components/schemas/VirtualCurrencyCode
REF_MONNAIE_VIRTUELLE,78a49aa716180d4b0a3049e76af3ae3b06a188c2bafb789b11d31ddc9edf17f0,,NANO,Nano (NANO),Nano (NANO),#/components/schemas/VirtualCurrencyCode,#/components/schemas/VirtualCurrencyCode
REF_MONNAIE_VIRTUELLE,78a49aa716180d4b0a3049e76af3ae3b06a188c2bafb789b11d31ddc9edf17f0,,NAS,Nebulas (NAS),Nebulas (NAS),#/components/schemas/VirtualCurrencyCode,#/components/schemas/VirtualCurrencyCode
REF_MONNAIE_VIRTUELLE,78a49aa716180d4b0a3049e76af3ae3b06a188c2bafb789b11d31ddc9edf17f0,,NEAR,NEAR Protocol (NEAR),NEAR Protocol (NEAR),#/components/schemas/VirtualCurrencyCode,#/components/schemas/VirtualCurrencyCode
REF_MONNAIE_VIRTUELLE,78a49aa716180d4b0a3049e76af3ae3b06a188c2bafb789b11d31ddc9edf17f0,,NEC,Nectar (NEC),Nectar (NEC),#/components/schemas/VirtualCurrencyCode,#/components/schemas/VirtualCurrencyCode
REF_MONNAIE_VIRTUELLE,78a49aa716180d4b0a3049e76af3ae3b06a188c2bafb789b11d31ddc9edf17f0,,NEO,Neo (NEO),Neo (NEO),#/components/schemas/VirtualCurrencyCode,#/components/schemas/VirtualCurrencyCode
REF_MONNAIE_VIRTUELLE,78a49aa716180d4b0a3049e76af3ae3b06a188c2bafb789b11d31ddc9edf17f0,,NEST,NEST Protocol (NEST),NEST Protocol (NEST),#/components/schemas/VirtualCurrencyCode,#/components/schemas/VirtualCurrencyCode
REF_MONNAIE_VIRTUELLE,78a49aa716180d4b0a3049e76af3ae3b06a188c2bafb789b11d31ddc9edf17f0,,NEX,Nash Exchange (NEX),Nash Exchange (NEX),#/components/schemas/VirtualCurrencyCode,#/components/schemas/VirtualCurrencyCode
REF_MONNAIE_VIRTUELLE,78a49aa716180d4b0a3049e76af3ae3b06a188c2bafb789b11d31ddc9edf17f0,,NEXO,Nexo (NEXO),Nexo (NEXO),#/components/schemas/VirtualCurrencyCode,#/components/schemas/VirtualCurrencyCode
REF_MONNAIE_VIRTUELLE,78a49aa716180d4b0a3049e76af3ae3b06a188c2bafb789b11d31ddc9edf17f0,,NEXXO,Nexxo (NEXXO),Nexxo (NEXXO),#/components/schemas/VirtualCurrencyCode,#/components/schemas/VirtualCurrencyCode
REF_MONNAIE_VIRTUELLE,78a49aa716180d4b0a3049e76af3ae3b06a188c2bafb789b11d31ddc9edf17f0,,NIM,Nimiq (NIM),Nimiq (NIM),#/components/schemas/VirtualCurrencyCode,#/components/schemas/VirtualCurrencyCode
REF_MONNAIE_VIRTUELLE,78a49aa716180d4b0a3049e76af3ae3b06a188c2bafb789b11d31ddc9edf17f0,,NKN,NKN (NKN),NKN (NKN),#/components/schemas/VirtualCurrencyCode,#/components/schemas/VirtualCurrencyCode
REF_MONNAIE_VIRTUELLE,78a49aa716180d4b0a3049e76af3ae3b06a188c2bafb789b11d31ddc9edf17f0,,NMR,Numeraire (NMR),Numeraire (NMR),#/components/schemas/VirtualCurrencyCode,#/components/schemas/VirtualCurrencyCode
REF_MONNAIE_VIRTUELLE,78a49aa716180d4b0a3049e76af3ae3b06a188c2bafb789b11d31ddc9edf17f0,,NOIA,NOIA Network (NOIA),NOIA Network (NOIA),#/components/schemas/VirtualCurrencyCode,#/components/schemas/VirtualCurrencyCode
REF_MONNAIE_VIRTUELLE,78a49aa716180d4b0a3049e76af3ae3b06a188c2bafb789b11d31ddc9edf17f0,,NPXS,Pundi X (NPXS),Pundi X (NPXS),#/components/schemas/VirtualCurrencyCode,#/components/schemas/VirtualCurrencyCode
REF_MONNAIE_VIRTUELLE,78a49aa716180d4b0a3049e76af3ae3b06a188c2bafb789b11d31ddc9edf17f0,,NRG,Energi (NRG),Energi (NRG),#/components/schemas/VirtualCurrencyCode,#/components/schemas/VirtualCurrencyCode
REF_MONNAIE_VIRTUELLE,78a49aa716180d4b0a3049e76af3ae3b06a188c2bafb789b11d31ddc9edf17f0,,NU,NuCypher (NU),NuCypher (NU),#/components/schemas/VirtualCurrencyCode,#/components/schemas/VirtualCurrencyCode
REF_MONNAIE_VIRTUELLE,78a49aa716180d4b0a3049e76af3ae3b06a188c2bafb789b11d31ddc9edf17f0,,NULS,NULS (NULS),NULS (NULS),#/components/schemas/VirtualCurrencyCode,#/components/schemas/VirtualCurrencyCode
REF_MONNAIE_VIRTUELLE,78a49aa716180d4b0a3049e76af3ae3b06a188c2bafb789b11d31ddc9edf17f0,,NUT,Native Utility Token (NUT),Native Utility Token (NUT),#/components/schemas/VirtualCurrencyCode,#/components/schemas/VirtualCurrencyCode
REF_MONNAIE_VIRTUELLE,78a49aa716180d4b0a3049e76af3ae3b06a188c2bafb789b11d31ddc9edf17f0,,NVT,NerveNetwork (NVT),NerveNetwork (NVT),#/components/schemas/VirtualCurrencyCode,#/components/schemas/VirtualCurrencyCode
REF_MONNAIE_VIRTUELLE,78a49aa716180d4b0a3049e76af3ae3b06a188c2bafb789b11d31ddc9edf17f0,,NWC,Newscrypto (NWC),Newscrypto (NWC),#/components/schemas/VirtualCurrencyCode,#/components/schemas/VirtualCurrencyCode
REF_MONNAIE_VIRTUELLE,78a49aa716180d4b0a3049e76af3ae3b06a188c2bafb789b11d31ddc9edf17f0,,NXM,NXM (NXM),NXM (NXM),#/components/schemas/VirtualCurrencyCode,#/components/schemas/VirtualCurrencyCode
REF_MONNAIE_VIRTUELLE,78a49aa716180d4b0a3049e76af3ae3b06a188c2bafb789b11d31ddc9edf17f0,,NXS,Nexus (NXS),Nexus (NXS),#/components/schemas/VirtualCurrencyCode,#/components/schemas/VirtualCurrencyCode
REF_MONNAIE_VIRTUELLE,78a49aa716180d4b0a3049e76af3ae3b06a188c2bafb789b11d31ddc9edf17f0,,NYE,NewYork Exchange (NYE),NewYork Exchange (NYE),#/components/schemas/VirtualCurrencyCode,#/components/schemas/VirtualCurrencyCode
REF_MONNAIE_VIRTUELLE,78a49aa716180d4b0a3049e76af3ae3b06a188c2bafb789b11d31ddc9edf17f0,,OCEAN,Ocean Protocol (OCEAN),Ocean Protocol (OCEAN),#/components/schemas/VirtualCurrencyCode,#/components/schemas/VirtualCurrencyCode
REF_MONNAIE_VIRTUELLE,78a49aa716180d4b0a3049e76af3ae3b06a188c2bafb789b11d31ddc9edf17f0,,OCTO,OctoFi (OCTO),OctoFi (OCTO),#/components/schemas/VirtualCurrencyCode,#/components/schemas/VirtualCurrencyCode
REF_MONNAIE_VIRTUELLE,78a49aa716180d4b0a3049e76af3ae3b06a188c2bafb789b11d31ddc9edf17f0,,OGN,Origin Protocol (OGN),Origin Protocol (OGN),#/components/schemas/VirtualCurrencyCode,#/components/schemas/VirtualCurrencyCode
REF_MONNAIE_VIRTUELLE,78a49aa716180d4b0a3049e76af3ae3b06a188c2bafb789b11d31ddc9edf17f0,,OKB,OKB (OKB),OKB (OKB),#/components/schemas/VirtualCurrencyCode,#/components/schemas/VirtualCurrencyCode
REF_MONNAIE_VIRTUELLE,78a49aa716180d4b0a3049e76af3ae3b06a188c2bafb789b11d31ddc9edf17f0,,OMG,OMG Network (OMG),OMG Network (OMG),#/components/schemas/VirtualCurrencyCode,#/components/schemas/VirtualCurrencyCode
REF_MONNAIE_VIRTUELLE,78a49aa716180d4b0a3049e76af3ae3b06a188c2bafb789b11d31ddc9edf17f0,,ONE,Harmony (ONE),Harmony (ONE),#/components/schemas/VirtualCurrencyCode,#/components/schemas/VirtualCurrencyCode
REF_MONNAIE_VIRTUELLE,78a49aa716180d4b0a3049e76af3ae3b06a188c2bafb789b11d31ddc9edf17f0,,ONOT,ONOToken (ONOT),ONOToken (ONOT),#/components/schemas/VirtualCurrencyCode,#/components/schemas/VirtualCurrencyCode
REF_MONNAIE_VIRTUELLE,78a49aa716180d4b0a3049e76af3ae3b06a188c2bafb789b11d31ddc9edf17f0,,ONT,Ontology (ONT),Ontology (ONT),#/components/schemas/VirtualCurrencyCode,#/components/schemas/VirtualCurrencyCode
REF_MONNAIE_VIRTUELLE,78a49aa716180d4b0a3049e76af3ae3b06a188c2bafb789b11d31ddc9edf17f0,,ORBS,Orbs (ORBS),Orbs (ORBS),#/components/schemas/VirtualCurrencyCode,#/components/schemas/VirtualCurrencyCode
REF_MONNAIE_VIRTUELLE,78a49aa716180d4b0a3049e76af3ae3b06a188c2bafb789b11d31ddc9edf17f0,,ORC,Orbit Chain (ORC),Orbit Chain (ORC),#/components/schemas/VirtualCurrencyCode,#/components/schemas/VirtualCurrencyCode
REF_MONNAIE_VIRTUELLE,78a49aa716180d4b0a3049e76af3ae3b06a188c2bafb789b11d31ddc9edf17f0,,ORN,Orion Protocol (ORN),Orion Protocol (ORN),#/components/schemas/VirtualCurrencyCode,#/components/schemas/VirtualCurrencyCode
REF_MONNAIE_VIRTUELLE,78a49aa716180d4b0a3049e76af3ae3b06a188c2bafb789b11d31ddc9edf17f0,,OTH,Autre,Other,#/components/schemas/VirtualCurrencyCode,#/components/schemas/VirtualCurrencyCode
REF_MONNAIE_VIRTUELLE,78a49aa716180d4b0a3049e76af3ae3b06a188c2bafb789b11d31ddc9edf17f0,,OXT,Orchid (OXT),Orchid (OXT),#/components/schemas/VirtualCurrencyCode,#/components/schemas/VirtualCurrencyCode
REF_MONNAIE_VIRTUELLE,78a49aa716180d4b0a3049e76af3ae3b06a188c2bafb789b11d31ddc9edf17f0,,PAI,Project Pai (PAI),Project Pai (PAI),#/components/schemas/VirtualCurrencyCode,#/components/schemas/VirtualCurrencyCode
REF_MONNAIE_VIRTUELLE,78a49aa716180d4b0a3049e76af3ae3b06a188c2bafb789b11d31ddc9edf17f0,,PAX,Paxos Standard (PAX),Paxos Standard (PAX),#/components/schemas/VirtualCurrencyCode,#/components/schemas/VirtualCurrencyCode
REF_MONNAIE_VIRTUELLE,78a49aa716180d4b0a3049e76af3ae3b06a188c2bafb789b11d31ddc9edf17f0,,PAXG,PAX Gold (PAXG),PAX Gold (PAXG),#/components/schemas/VirtualCurrencyCode,#/components/schemas/VirtualCurrencyCode
REF_MONNAIE_VIRTUELLE,78a49aa716180d4b0a3049e76af3ae3b06a188c2bafb789b11d31ddc9edf17f0,,PCN,PeepCoin (PCN),PeepCoin (PCN),#/components/schemas/VirtualCurrencyCode,#/components/schemas/VirtualCurrencyCode
REF_MONNAIE_VIRTUELLE,78a49aa716180d4b0a3049e76af3ae3b06a188c2bafb789b11d31ddc9edf17f0,,PCX,ChainX (PCX),ChainX (PCX),#/components/schemas/VirtualCurrencyCode,#/components/schemas/VirtualCurrencyCode
REF_MONNAIE_VIRTUELLE,78a49aa716180d4b0a3049e76af3ae3b06a188c2bafb789b11d31ddc9edf17f0,,PERL,Perlin (PERL),Perlin (PERL),#/components/schemas/VirtualCurrencyCode,#/components/schemas/VirtualCurrencyCode
REF_MONNAIE_VIRTUELLE,78a49aa716180d4b0a3049e76af3ae3b06a188c2bafb789b11d31ddc9edf17f0,,PERP,Perpetual Protocol (PERP),Perpetual Protocol (PERP),#/components/schemas/VirtualCurrencyCode,#/components/schemas/VirtualCurrencyCode
REF_MONNAIE_VIRTUELLE,78a49aa716180d4b0a3049e76af3ae3b06a188c2bafb789b11d31ddc9edf17f0,,PHA,Phala.Network (PHA),Phala.Network (PHA),#/components/schemas/VirtualCurrencyCode,#/components/schemas/VirtualCurrencyCode
REF_MONNAIE_VIRTUELLE,78a49aa716180d4b0a3049e76af3ae3b06a188c2bafb789b11d31ddc9edf17f0,,PIVX,PIVX (PIVX),PIVX (PIVX),#/components/schemas/VirtualCurrencyCode,#/components/schemas/VirtualCurrencyCode
REF_MONNAIE_VIRTUELLE,78a49aa716180d4b0a3049e76af3ae3b06a188c2bafb789b11d31ddc9edf17f0,,PLC,PLATINCOIN (PLC),PLATINCOIN (PLC),#/components/schemas/VirtualCurrencyCode,#/components/schemas/VirtualCurrencyCode
REF_MONNAIE_VIRTUELLE,78a49aa716180d4b0a3049e76af3ae3b06a188c2bafb789b11d31ddc9edf17f0,,PLF,PlayFuel (PLF),PlayFuel (PLF),#/components/schemas/VirtualCurrencyCode,#/components/schemas/VirtualCurrencyCode
REF_MONNAIE_VIRTUELLE,78a49aa716180d4b0a3049e76af3ae3b06a188c2bafb789b11d31ddc9edf17f0,,PNK,Kleros (PNK),Kleros (PNK),#/components/schemas/VirtualCurrencyCode,#/components/schemas/VirtualCurrencyCode
REF_MONNAIE_VIRTUELLE,78a49aa716180d4b0a3049e76af3ae3b06a188c2bafb789b11d31ddc9edf17f0,,POLS,Polkastarter (POLS),Polkastarter (POLS),#/components/schemas/VirtualCurrencyCode,#/components/schemas/VirtualCurrencyCode
REF_MONNAIE_VIRTUELLE,78a49aa716180d4b0a3049e76af3ae3b06a188c2bafb789b11d31ddc9edf17f0,,POLY,Polymath (POLY),Polymath (POLY),#/components/schemas/VirtualCurrencyCode,#/components/schemas/VirtualCurrencyCode
REF_MONNAIE_VIRTUELLE,78a49aa716180d4b0a3049e76af3ae3b06a188c2bafb789b11d31ddc9edf17f0,,POWR,Power Ledger (POWR),Power Ledger (POWR),#/components/schemas/VirtualCurrencyCode,#/components/schemas/VirtualCurrencyCode
REF_MONNAIE_VIRTUELLE,78a49aa716180d4b0a3049e76af3ae3b06a188c2bafb789b11d31ddc9edf17f0,,PPT,Populous (PPT),Populous (PPT),#/components/schemas/VirtualCurrencyCode,#/components/schemas/VirtualCurrencyCode
REF_MONNAIE_VIRTUELLE,78a49aa716180d4b0a3049e76af3ae3b06a188c2bafb789b11d31ddc9edf17f0,,PROM,Prometeus (PROM),Prometeus (PROM),#/components/schemas/VirtualCurrencyCode,#/components/schemas/VirtualCurrencyCode
REF_MONNAIE_VIRTUELLE,78a49aa716180d4b0a3049e76af3ae3b06a188c2bafb789b11d31ddc9edf17f0,,PRQ,PARSIQ (PRQ),PARSIQ (PRQ),#/components/schemas/VirtualCurrencyCode,#/components/schemas/VirtualCurrencyCode
REF_MONNAIE_VIRTUELLE,78a49aa716180d4b0a3049e76af3ae3b06a188c2bafb789b11d31ddc9edf17f0,,PZM,PRIZM (PZM),PRIZM (PZM),#/components/schemas/VirtualCurrencyCode,#/components/schemas/VirtualCurrencyCode
REF_MONNAIE_VIRTUELLE,78a49aa716180d4b0a3049e76af3ae3b06a188c2bafb789b11d31ddc9edf17f0,,QASH,QASH (QASH),QASH (QASH),#/components/schemas/VirtualCurrencyCode,#/components/schemas/VirtualCurrencyCode
REF_MONNAIE_VIRTUELLE,78a49aa716180d4b0a3049e76af3ae3b06a188c2bafb789b11d31ddc9edf17f0,,QC,Qcash (QC),Qcash (QC),#/components/schemas/VirtualCurrencyCode,#/components/schemas/VirtualCurrencyCode
REF_MONNAIE_VIRTUELLE,78a49aa716180d4b0a3049e76af3ae3b06a188c2bafb789b11d31ddc9edf17f0,,QKC,QuarkChain (QKC),QuarkChain (QKC),#/components/schemas/VirtualCurrencyCode,#/components/schemas/VirtualCurrencyCode
REF_MONNAIE_VIRTUELLE,78a49aa716180d4b0a3049e76af3ae3b06a188c2bafb789b11d31ddc9edf17f0,,QNT,Quant (QNT),Quant (QNT),#/components/schemas/VirtualCurrencyCode,#/components/schemas/VirtualCurrencyCode
REF_MONNAIE_VIRTUELLE,78a49aa716180d4b0a3049e76af3ae3b06a188c2bafb789b11d31ddc9edf17f0,,QQQ,Poseidon Network (QQQ),Poseidon Network (QQQ),#/components/schemas/VirtualCurrencyCode,#/components/schemas/VirtualCurrencyCode
REF_MONNAIE_VIRTUELLE,78a49aa716180d4b0a3049e76af3ae3b06a188c2bafb789b11d31ddc9edf17f0,,QRK,Quark (QRK),Quark (QRK),#/components/schemas/VirtualCurrencyCode,#/components/schemas/VirtualCurrencyCode
REF_MONNAIE_VIRTUELLE,78a49aa716180d4b0a3049e76af3ae3b06a188c2bafb789b11d31ddc9edf17f0,,QRL,Quantum Resistant Ledger (QRL),Quantum Resistant Ledger (QRL),#/components/schemas/VirtualCurrencyCode,#/components/schemas/VirtualCurrencyCode
REF_MONNAIE_VIRTUELLE,78a49aa716180d4b0a3049e76af3ae3b06a188c2bafb789b11d31ddc9edf17f0,,QSP,Quantstamp (QSP),Quantstamp (QSP),#/components/schemas/VirtualCurrencyCode,#/components/schemas/VirtualCurrencyCode
REF_MONNAIE_VIRTUELLE,78a49aa716180d4b0a3049e76af3ae3b06a188c2bafb789b11d31ddc9edf17f0,,QTUM,Qtum (QTUM),Qtum (QTUM),#/components/schemas/VirtualCurrencyCode,#/components/schemas/VirtualCurrencyCode
REF_MONNAIE_VIRTUELLE,78a49aa716180d4b0a3049e76af3ae3b06a188c2bafb789b11d31ddc9edf17f0,,RCHAINREV,RChain (REV),RChain (REV),#/components/schemas/VirtualCurrencyCode,#/components/schemas/VirtualCurrencyCode
REF_MONNAIE_VIRTUELLE,78a49aa716180d4b0a3049e76af3ae3b06a188c2bafb789b11d31ddc9edf17f0,,RCN,Ripio Credit Network (RCN),Ripio Credit Network (RCN),#/components/schemas/VirtualCurrencyCode,#/components/schemas/VirtualCurrencyCode
REF_MONNAIE_VIRTUELLE,78a49aa716180d4b0a3049e76af3ae3b06a188c2bafb789b11d31ddc9edf17f0,,RDD,ReddCoin (RDD),ReddCoin (RDD),#/components/schemas/VirtualCurrencyCode,#/components/schemas/VirtualCurrencyCode
REF_MONNAIE_VIRTUELLE,78a49aa716180d4b0a3049e76af3ae3b06a188c2bafb789b11d31ddc9edf17f0,,RDN,Raiden Network Token (RDN),Raiden Network Token (RDN),#/components/schemas/VirtualCurrencyCode,#/components/schemas/VirtualCurrencyCode
REF_MONNAIE_VIRTUELLE,78a49aa716180d4b0a3049e76af3ae3b06a188c2bafb789b11d31ddc9edf17f0,,REN,Ren (REN),Ren (REN),#/components/schemas/VirtualCurrencyCode,#/components/schemas/VirtualCurrencyCode
REF_MONNAIE_VIRTUELLE,78a49aa716180d4b0a3049e76af3ae3b06a188c2bafb789b11d31ddc9edf17f0,,RENBTC,renBTC (RENBTC),renBTC (RENBTC),#/components/schemas/VirtualCurrencyCode,#/components/schemas/VirtualCurrencyCode
REF_MONNAIE_VIRTUELLE,78a49aa716180d4b0a3049e76af3ae3b06a188c2bafb789b11d31ddc9edf17f0,,REP,Augur (REP),Augur (REP),#/components/schemas/VirtualCurrencyCode,#/components/schemas/VirtualCurrencyCode
REF_MONNAIE_VIRTUELLE,78a49aa716180d4b0a3049e76af3ae3b06a188c2bafb789b11d31ddc9edf17f0,,REPO,REPO (REPO),REPO (REPO),#/components/schemas/VirtualCurrencyCode,#/components/schemas/VirtualCurrencyCode
REF_MONNAIE_VIRTUELLE,78a49aa716180d4b0a3049e76af3ae3b06a188c2bafb789b11d31ddc9edf17f0,,REQ,Request (REQ),Request (REQ),#/components/schemas/VirtualCurrencyCode,#/components/schemas/VirtualCurrencyCode
REF_MONNAIE_VIRTUELLE,78a49aa716180d4b0a3049e76af3ae3b06a188c2bafb789b11d31ddc9edf17f0,,REV,Revain (REV),Revain (REV),#/components/schemas/VirtualCurrencyCode,#/components/schemas/VirtualCurrencyCode
REF_MONNAIE_VIRTUELLE,78a49aa716180d4b0a3049e76af3ae3b06a188c2bafb789b11d31ddc9edf17f0,,RIF,RSK Infrastructure Framework (RIF),RSK Infrastructure Framework (RIF),#/components/schemas/VirtualCurrencyCode,#/components/schemas/VirtualCurrencyCode
REF_MONNAIE_VIRTUELLE,78a49aa716180d4b0a3049e76af3ae3b06a188c2bafb789b11d31ddc9edf17f0,,RING,Darwinia Network (RING),Darwinia Network (RING),#/components/schemas/VirtualCurrencyCode,#/components/schemas/VirtualCurrencyCode
REF_MONNAIE_VIRTUELLE,78a49aa716180d4b0a3049e76af3ae3b06a188c2bafb789b11d31ddc9edf17f0,,RKN,Rakon (RKN),Rakon (RKN),#/components/schemas/VirtualCurrencyCode,#/components/schemas/VirtualCurrencyCode
REF_MONNAIE_VIRTUELLE,78a49aa716180d4b0a3049e76af3ae3b06a188c2bafb789b11d31ddc9edf17f0,,RLC,iExec RLC (RLC),iExec RLC (RLC),#/components/schemas/VirtualCurrencyCode,#/components/schemas/VirtualCurrencyCode
REF_MONNAIE_VIRTUELLE,78a49aa716180d4b0a3049e76af3ae3b06a188c2bafb789b11d31ddc9edf17f0,,RNDR,Render Token (RNDR),Render Token (RNDR),#/components/schemas/VirtualCurrencyCode,#/components/schemas/VirtualCurrencyCode
REF_MONNAIE_VIRTUELLE,78a49aa716180d4b0a3049e76af3ae3b06a188c2bafb789b11d31ddc9edf17f0,,ROSE,Oasis Network (ROSE),Oasis Network (ROSE),#/components/schemas/VirtualCurrencyCode,#/components/schemas/VirtualCurrencyCode
REF_MONNAIE_VIRTUELLE,78a49aa716180d4b0a3049e76af3ae3b06a188c2bafb789b11d31ddc9edf17f0,,RPL,Rocket Pool (RPL),Rocket Pool (RPL),#/components/schemas/VirtualCurrencyCode,#/components/schemas/VirtualCurrencyCode
REF_MONNAIE_VIRTUELLE,78a49aa716180d4b0a3049e76af3ae3b06a188c2bafb789b11d31ddc9edf17f0,,RSR,Reserve Rights (RSR),Reserve Rights (RSR),#/components/schemas/VirtualCurrencyCode,#/components/schemas/VirtualCurrencyCode
REF_MONNAIE_VIRTUELLE,78a49aa716180d4b0a3049e76af3ae3b06a188c2bafb789b11d31ddc9edf17f0,,RUNE,THORChain (RUNE),THORChain (RUNE),#/components/schemas/VirtualCurrencyCode,#/components/schemas/VirtualCurrencyCode
REF_MONNAIE_VIRTUELLE,78a49aa716180d4b0a3049e76af3ae3b06a188c2bafb789b11d31ddc9edf17f0,,RVN,Ravencoin (RVN),Ravencoin (RVN),#/components/schemas/VirtualCurrencyCode,#/components/schemas/VirtualCurrencyCode
REF_MONNAIE_VIRTUELLE,78a49aa716180d4b0a3049e76af3ae3b06a188c2bafb789b11d31ddc9edf17f0,,S4F,S4FE (S4F),S4FE (S4F),#/components/schemas/VirtualCurrencyCode,#/components/schemas/VirtualCurrencyCode
REF_MONNAIE_VIRTUELLE,78a49aa716180d4b0a3049e76af3ae3b06a188c2bafb789b11d31ddc9edf17f0,,SAFE,yieldfarming.insure (SAFE),yieldfarming.insure (SAFE),#/components/schemas/VirtualCurrencyCode,#/components/schemas/VirtualCurrencyCode
REF_MONNAIE_VIRTUELLE,78a49aa716180d4b0a3049e76af3ae3b06a188c2bafb789b11d31ddc9edf17f0,,SAND,The Sandbox (SAND),The Sandbox (SAND),#/components/schemas/VirtualCurrencyCode,#/components/schemas/VirtualCurrencyCode
REF_MONNAIE_VIRTUELLE,78a49aa716180d4b0a3049e76af3ae3b06a188c2bafb789b11d31ddc9edf17f0,,SAPP,Sapphire (SAPP),Sapphire (SAPP),#/components/schemas/VirtualCurrencyCode,#/components/schemas/VirtualCurrencyCode
REF_MONNAIE_VIRTUELLE,78a49aa716180d4b0a3049e76af3ae3b06a188c2bafb789b11d31ddc9edf17f0,,SC,Siacoin (SC),Siacoin (SC),#/components/schemas/VirtualCurrencyCode,#/components/schemas/VirtualCurrencyCode
REF_MONNAIE_VIRTUELLE,78a49aa716180d4b0a3049e76af3ae3b06a188c2bafb789b11d31ddc9edf17f0,,SCC,STEM CELL COIN (SCC),STEM CELL COIN (SCC),#/components/schemas/VirtualCurrencyCode,#/components/schemas/VirtualCurrencyCode
REF_MONNAIE_VIRTUELLE,78a49aa716180d4b0a3049e76af3ae3b06a188c2bafb789b11d31ddc9edf17f0,,SCRT,Secret (SCRT),Secret (SCRT),#/components/schemas/VirtualCurrencyCode,#/components/schemas/VirtualCurrencyCode
REF_MONNAIE_VIRTUELLE,78a49aa716180d4b0a3049e76af3ae3b06a188c2bafb789b11d31ddc9edf17f0,,SEELE,Seele-N (SEELE),Seele-N (SEELE),#/components/schemas/VirtualCurrencyCode,#/components/schemas/VirtualCurrencyCode
REF_MONNAIE_VIRTUELLE,78a49aa716180d4b0a3049e76af3ae3b06a188c2bafb789b11d31ddc9edf17f0,,SERO,Super Zero Protocol (SERO),Super Zero Protocol (SERO),#/components/schemas/VirtualCurrencyCode,#/components/schemas/VirtualCurrencyCode
REF_MONNAIE_VIRTUELLE,78a49aa716180d4b0a3049e76af3ae3b06a188c2bafb789b11d31ddc9edf17f0,,SFP,SafePal (SFP),SafePal (SFP),#/components/schemas/VirtualCurrencyCode,#/components/schemas/VirtualCurrencyCode
REF_MONNAIE_VIRTUELLE,78a49aa716180d4b0a3049e76af3ae3b06a188c2bafb789b11d31ddc9edf17f0,,SHIB,Shiba Inu (SHIB),Shiba Inu (SHIB),#/components/schemas/VirtualCurrencyCode,#/components/schemas/VirtualCurrencyCode
REF_MONNAIE_VIRTUELLE,78a49aa716180d4b0a3049e76af3ae3b06a188c2bafb789b11d31ddc9edf17f0,,SHPING,SHPING (SHPING),SHPING (SHPING),#/components/schemas/VirtualCurrencyCode,#/components/schemas/VirtualCurrencyCode
REF_MONNAIE_VIRTUELLE,78a49aa716180d4b0a3049e76af3ae3b06a188c2bafb789b11d31ddc9edf17f0,,SHR,ShareToken (SHR),ShareToken (SHR),#/components/schemas/VirtualCurrencyCode,#/components/schemas/VirtualCurrencyCode
REF_MONNAIE_VIRTUELLE,78a49aa716180d4b0a3049e76af3ae3b06a188c2bafb789b11d31ddc9edf17f0,,SLS,SaluS (SLS),SaluS (SLS),#/components/schemas/VirtualCurrencyCode,#/components/schemas/VirtualCurrencyCode
REF_MONNAIE_VIRTUELLE,78a49aa716180d4b0a3049e76af3ae3b06a188c2bafb789b11d31ddc9edf17f0,,SNB,SynchroBitcoin (SNB),SynchroBitcoin (SNB),#/components/schemas/VirtualCurrencyCode,#/components/schemas/VirtualCurrencyCode
REF_MONNAIE_VIRTUELLE,78a49aa716180d4b0a3049e76af3ae3b06a188c2bafb789b11d31ddc9edf17f0,,SNL,Sport and Leisure (SNL),Sport and Leisure (SNL),#/components/schemas/VirtualCurrencyCode,#/components/schemas/VirtualCurrencyCode
REF_MONNAIE_VIRTUELLE,78a49aa716180d4b0a3049e76af3ae3b06a188c2bafb789b11d31ddc9edf17f0,,SNT,Status (SNT),Status (SNT),#/components/schemas/VirtualCurrencyCode,#/components/schemas/VirtualCurrencyCode
REF_MONNAIE_VIRTUELLE,78a49aa716180d4b0a3049e76af3ae3b06a188c2bafb789b11d31ddc9edf17f0,,SNTVT,Sentivate (SNTVT),Sentivate (SNTVT),#/components/schemas/VirtualCurrencyCode,#/components/schemas/VirtualCurrencyCode
REF_MONNAIE_VIRTUELLE,78a49aa716180d4b0a3049e76af3ae3b06a188c2bafb789b11d31ddc9edf17f0,,SNX,Synthetix (SNX),Synthetix (SNX),#/components/schemas/VirtualCurrencyCode,#/components/schemas/VirtualCurrencyCode
REF_MONNAIE_VIRTUELLE,78a49aa716180d4b0a3049e76af3ae3b06a188c2bafb789b11d31ddc9edf17f0,,SOL,Solana (SOL),Solana (SOL),#/components/schemas/VirtualCurrencyCode,#/components/schemas/VirtualCurrencyCode
REF_MONNAIE_VIRTUELLE,78a49aa716180d4b0a3049e76af3ae3b06a188c2bafb789b11d31ddc9edf17f0,,SOLO,Sologenic (SOLO),Sologenic (SOLO),#/components/schemas/VirtualCurrencyCode,#/components/schemas/VirtualCurrencyCode
REF_MONNAIE_VIRTUELLE,78a49aa716180d4b0a3049e76af3ae3b06a188c2bafb789b11d31ddc9edf17f0,,SOLVE,SOLVE (SOLVE),SOLVE (SOLVE),#/components/schemas/VirtualCurrencyCode,#/components/schemas/VirtualCurrencyCode
REF_MONNAIE_VIRTUELLE,78a49aa716180d4b0a3049e76af3ae3b06a188c2bafb789b11d31ddc9edf17f0,,SPND,Spendcoin (SPND),Spendcoin (SPND),#/components/schemas/VirtualCurrencyCode,#/components/schemas/VirtualCurrencyCode
REF_MONNAIE_VIRTUELLE,78a49aa716180d4b0a3049e76af3ae3b06a188c2bafb789b11d31ddc9edf17f0,,SRM,Serum (SRM),Serum (SRM),#/components/schemas/VirtualCurrencyCode,#/components/schemas/VirtualCurrencyCode
REF_MONNAIE_VIRTUELLE,78a49aa716180d4b0a3049e76af3ae3b06a188c2bafb789b11d31ddc9edf17f0,,STAKE,xDai (STAKE),xDai (STAKE),#/components/schemas/VirtualCurrencyCode,#/components/schemas/VirtualCurrencyCode
REF_MONNAIE_VIRTUELLE,78a49aa716180d4b0a3049e76af3ae3b06a188c2bafb789b11d31ddc9edf17f0,,STEEM,Steem (STEEM),Steem (STEEM),#/components/schemas/VirtualCurrencyCode,#/components/schemas/VirtualCurrencyCode
REF_MONNAIE_VIRTUELLE,78a49aa716180d4b0a3049e76af3ae3b06a188c2bafb789b11d31ddc9edf17f0,,STMX,StormX (STMX),StormX (STMX),#/components/schemas/VirtualCurrencyCode,#/components/schemas/VirtualCurrencyCode
REF_MONNAIE_VIRTUELLE,78a49aa716180d4b0a3049e76af3ae3b06a188c2bafb789b11d31ddc9edf17f0,,STORJ,Storj (STORJ),Storj (STORJ),#/components/schemas/VirtualCurrencyCode,#/components/schemas/VirtualCurrencyCode
REF_MONNAIE_VIRTUELLE,78a49aa716180d4b0a3049e76af3ae3b06a188c2bafb789b11d31ddc9edf17f0,,STP,STPAY (STP),STPAY (STP),#/components/schemas/VirtualCurrencyCode,#/components/schemas/VirtualCurrencyCode
REF_MONNAIE_VIRTUELLE,78a49aa716180d4b0a3049e76af3ae3b06a188c2bafb789b11d31ddc9edf17f0,,STPT,Standard Tokenization Protocol (STPT),Standard Tokenization Protocol (STPT),#/components/schemas/VirtualCurrencyCode,#/components/schemas/VirtualCurrencyCode
REF_MONNAIE_VIRTUELLE,78a49aa716180d4b0a3049e76af3ae3b06a188c2bafb789b11d31ddc9edf17f0,,STRAT,Stratis (STRAT),Stratis (STRAT),#/components/schemas/VirtualCurrencyCode,#/components/schemas/VirtualCurrencyCode
REF_MONNAIE_VIRTUELLE,78a49aa716180d4b0a3049e76af3ae3b06a188c2bafb789b11d31ddc9edf17f0,,STRONG,Strong (STRONG),Strong (STRONG),#/components/schemas/VirtualCurrencyCode,#/components/schemas/VirtualCurrencyCode
REF_MONNAIE_VIRTUELLE,78a49aa716180d4b0a3049e76af3ae3b06a188c2bafb789b11d31ddc9edf17f0,,STX,Blockstack (STX),Blockstack (STX),#/components/schemas/VirtualCurrencyCode,#/components/schemas/VirtualCurrencyCode
REF_MONNAIE_VIRTUELLE,78a49aa716180d4b0a3049e76af3ae3b06a188c2bafb789b11d31ddc9edf17f0,,SUKU,SUKU (SUKU),SUKU (SUKU),#/components/schemas/VirtualCurrencyCode,#/components/schemas/VirtualCurrencyCode
REF_MONNAIE_VIRTUELLE,78a49aa716180d4b0a3049e76af3ae3b06a188c2bafb789b11d31ddc9edf17f0,,SUN,SUN (SUN),SUN (SUN),#/components/schemas/VirtualCurrencyCode,#/components/schemas/VirtualCurrencyCode
REF_MONNAIE_VIRTUELLE,78a49aa716180d4b0a3049e76af3ae3b06a188c2bafb789b11d31ddc9edf17f0,,SUSD,sUSD (SUSD),sUSD (SUSD),#/components/schemas/VirtualCurrencyCode,#/components/schemas/VirtualCurrencyCode
REF_MONNAIE_VIRTUELLE,78a49aa716180d4b0a3049e76af3ae3b06a188c2bafb789b11d31ddc9edf17f0,,SUSHI,SushiSwap (SUSHI),SushiSwap (SUSHI),#/components/schemas/VirtualCurrencyCode,#/components/schemas/VirtualCurrencyCode
REF_MONNAIE_VIRTUELLE,78a49aa716180d4b0a3049e76af3ae3b06a188c2bafb789b11d31ddc9edf17f0,,SWAP,TrustSwap (SWAP),TrustSwap (SWAP),#/components/schemas/VirtualCurrencyCode,#/components/schemas/VirtualCurrencyCode
REF_MONNAIE_VIRTUELLE,78a49aa716180d4b0a3049e76af3ae3b06a188c2bafb789b11d31ddc9edf17f0,,SWINGBY,Swingby (SWINGBY),Swingby (SWINGBY),#/components/schemas/VirtualCurrencyCode,#/components/schemas/VirtualCurrencyCode
REF_MONNAIE_VIRTUELLE,78a49aa716180d4b0a3049e76af3ae3b06a188c2bafb789b11d31ddc9edf17f0,,SWTH,Switcheo (SWTH),Switcheo (SWTH),#/components/schemas/VirtualCurrencyCode,#/components/schemas/VirtualCurrencyCode
REF_MONNAIE_VIRTUELLE,78a49aa716180d4b0a3049e76af3ae3b06a188c2bafb789b11d31ddc9edf17f0,,SXP,Swipe (SXP),Swipe (SXP),#/components/schemas/VirtualCurrencyCode,#/components/schemas/VirtualCurrencyCode
REF_MONNAIE_VIRTUELLE,78a49aa716180d4b0a3049e76af3ae3b06a188c2bafb789b11d31ddc9edf17f0,,SYS,Syscoin (SYS),Syscoin (SYS),#/components/schemas/VirtualCurrencyCode,#/components/schemas/VirtualCurrencyCode
REF_MONNAIE_VIRTUELLE,78a49aa716180d4b0a3049e76af3ae3b06a188c2bafb789b11d31ddc9edf17f0,,TCAD,TrueCAD (TCAD),TrueCAD (TCAD),#/components/schemas/VirtualCurrencyCode,#/components/schemas/VirtualCurrencyCode
REF_MONNAIE_VIRTUELLE,78a49aa716180d4b0a3049e76af3ae3b06a188c2bafb789b11d31ddc9edf17f0,,TEL,Telcoin (TEL),Telcoin (TEL),#/components/schemas/VirtualCurrencyCode,#/components/schemas/VirtualCurrencyCode
REF_MONNAIE_VIRTUELLE,78a49aa716180d4b0a3049e76af3ae3b06a188c2bafb789b11d31ddc9edf17f0,,TFUEL,Theta Fuel (TFUEL),Theta Fuel (TFUEL),#/components/schemas/VirtualCurrencyCode,#/components/schemas/VirtualCurrencyCode
REF_MONNAIE_VIRTUELLE,78a49aa716180d4b0a3049e76af3ae3b06a188c2bafb789b11d31ddc9edf17f0,,THETA,THETA (THETA),THETA (THETA),#/components/schemas/VirtualCurrencyCode,#/components/schemas/VirtualCurrencyCode
REF_MONNAIE_VIRTUELLE,78a49aa716180d4b0a3049e76af3ae3b06a188c2bafb789b11d31ddc9edf17f0,,THR,ThoreCoin (THR),ThoreCoin (THR),#/components/schemas/VirtualCurrencyCode,#/components/schemas/VirtualCurrencyCode
REF_MONNAIE_VIRTUELLE,78a49aa716180d4b0a3049e76af3ae3b06a188c2bafb789b11d31ddc9edf17f0,,THX,ThoreNext (THX),ThoreNext (THX),#/components/schemas/VirtualCurrencyCode,#/components/schemas/VirtualCurrencyCode
REF_MONNAIE_VIRTUELLE,78a49aa716180d4b0a3049e76af3ae3b06a188c2bafb789b11d31ddc9edf17f0,,TITAN,TitanSwap (TITAN),TitanSwap (TITAN),#/components/schemas/VirtualCurrencyCode,#/components/schemas/VirtualCurrencyCode
REF_MONNAIE_VIRTUELLE,78a49aa716180d4b0a3049e76af3ae3b06a188c2bafb789b11d31ddc9edf17f0,,TMTG,The Midas Touch Gold (TMTG),The Midas Touch Gold (TMTG),#/components/schemas/VirtualCurrencyCode,#/components/schemas/VirtualCurrencyCode
REF_MONNAIE_VIRTUELLE,78a49aa716180d4b0a3049e76af3ae3b06a188c2bafb789b11d31ddc9edf17f0,,TNC,TNC Coin (TNC),TNC Coin (TNC),#/components/schemas/VirtualCurrencyCode,#/components/schemas/VirtualCurrencyCode
REF_MONNAIE_VIRTUELLE,78a49aa716180d4b0a3049e76af3ae3b06a188c2bafb789b11d31ddc9edf17f0,,TOMO,TomoChain (TOMO),TomoChain (TOMO),#/components/schemas/VirtualCurrencyCode,#/components/schemas/VirtualCurrencyCode
REF_MONNAIE_VIRTUELLE,78a49aa716180d4b0a3049e76af3ae3b06a188c2bafb789b11d31ddc9edf17f0,,TONIC,Tectonic (TONIC),Tectonic (TONIC),#/components/schemas/VirtualCurrencyCode,#/components/schemas/VirtualCurrencyCode
REF_MONNAIE_VIRTUELLE,78a49aa716180d4b0a3049e76af3ae3b06a188c2bafb789b11d31ddc9edf17f0,,TRAC,OriginTrail (TRAC),OriginTrail (TRAC),#/components/schemas/VirtualCurrencyCode,#/components/schemas/VirtualCurrencyCode
REF_MONNAIE_VIRTUELLE,78a49aa716180d4b0a3049e76af3ae3b06a188c2bafb789b11d31ddc9edf17f0,,TRAT,Tratin (TRAT),Tratin (TRAT),#/components/schemas/VirtualCurrencyCode,#/components/schemas/VirtualCurrencyCode
REF_MONNAIE_VIRTUELLE,78a49aa716180d4b0a3049e76af3ae3b06a188c2bafb789b11d31ddc9edf17f0,,TRB,Tellor (TRB),Tellor (TRB),#/components/schemas/VirtualCurrencyCode,#/components/schemas/VirtualCurrencyCode
REF_MONNAIE_VIRTUELLE,78a49aa716180d4b0a3049e76af3ae3b06a188c2bafb789b11d31ddc9edf17f0,,TROY,TROY (TROY),TROY (TROY),#/components/schemas/VirtualCurrencyCode,#/components/schemas/VirtualCurrencyCode
REF_MONNAIE_VIRTUELLE,78a49aa716180d4b0a3049e76af3ae3b06a188c2bafb789b11d31ddc9edf17f0,,TRUE,TrueChain (TRUE),TrueChain (TRUE),#/components/schemas/VirtualCurrencyCode,#/components/schemas/VirtualCurrencyCode
REF_MONNAIE_VIRTUELLE,78a49aa716180d4b0a3049e76af3ae3b06a188c2bafb789b11d31ddc9edf17f0,,TRX,TRON (TRX),TRON (TRX),#/components/schemas/VirtualCurrencyCode,#/components/schemas/VirtualCurrencyCode
REF_MONNAIE_VIRTUELLE,78a49aa716180d4b0a3049e76af3ae3b06a188c2bafb789b11d31ddc9edf17f0,,TSHP,12Ships (TSHP),12Ships (TSHP),#/components/schemas/VirtualCurrencyCode,#/components/schemas/VirtualCurrencyCode
REF_MONNAIE_VIRTUELLE,78a49aa716180d4b0a3049e76af3ae3b06a188c2bafb789b11d31ddc9edf17f0,,TT,Thunder Token (TT),Thunder Token (TT),#/components/schemas/VirtualCurrencyCode,#/components/schemas/VirtualCurrencyCode
REF_MONNAIE_VIRTUELLE,78a49aa716180d4b0a3049e76af3ae3b06a188c2bafb789b11d31ddc9edf17f0,,TTT,The Transfer Token (TTT),The Transfer Token (TTT),#/components/schemas/VirtualCurrencyCode,#/components/schemas/VirtualCurrencyCode
REF_MONNAIE_VIRTUELLE,78a49aa716180d4b0a3049e76af3ae3b06a188c2bafb789b11d31ddc9edf17f0,,TUSD,TrueUSD (TUSD),TrueUSD (TUSD),#/components/schemas/VirtualCurrencyCode,#/components/schemas/VirtualCurrencyCode
REF_MONNAIE_VIRTUELLE,78a49aa716180d4b0a3049e76af3ae3b06a188c2bafb789b11d31ddc9edf17f0,,TWT,Trust Wallet Token (TWT),Trust Wallet Token (TWT),#/components/schemas/VirtualCurrencyCode,#/components/schemas/VirtualCurrencyCode
REF_MONNAIE_VIRTUELLE,78a49aa716180d4b0a3049e76af3ae3b06a188c2bafb789b11d31ddc9edf17f0,,UBT,Unibright (UBT),Unibright (UBT),#/components/schemas/VirtualCurrencyCode,#/components/schemas/VirtualCurrencyCode
REF_MONNAIE_VIRTUELLE,78a49aa716180d4b0a3049e76af3ae3b06a188c2bafb789b11d31ddc9edf17f0,,ULT,Ultiledger (ULT),Ultiledger (ULT),#/components/schemas/VirtualCurrencyCode,#/components/schemas/VirtualCurrencyCode
REF_MONNAIE_VIRTUELLE,78a49aa716180d4b0a3049e76af3ae3b06a188c2bafb789b11d31ddc9edf17f0,,UMA,UMA (UMA),UMA (UMA),#/components/schemas/VirtualCurrencyCode,#/components/schemas/VirtualCurrencyCode
REF_MONNAIE_VIRTUELLE,78a49aa716180d4b0a3049e76af3ae3b06a188c2bafb789b11d31ddc9edf17f0,,UNI,Uniswap (UNI),Uniswap (UNI),#/components/schemas/VirtualCurrencyCode,#/components/schemas/VirtualCurrencyCode
REF_MONNAIE_VIRTUELLE,78a49aa716180d4b0a3049e76af3ae3b06a188c2bafb789b11d31ddc9edf17f0,,UNICOIN,UNI COIN (UNI),UNI COIN (UNI),#/components/schemas/VirtualCurrencyCode,#/components/schemas/VirtualCurrencyCode
REF_MONNAIE_VIRTUELLE,78a49aa716180d4b0a3049e76af3ae3b06a188c2bafb789b11d31ddc9edf17f0,,UNO,Unobtanium (UNO),Unobtanium (UNO),#/components/schemas/VirtualCurrencyCode,#/components/schemas/VirtualCurrencyCode
REF_MONNAIE_VIRTUELLE,78a49aa716180d4b0a3049e76af3ae3b06a188c2bafb789b11d31ddc9edf17f0,,UOS,Ultra (UOS),Ultra (UOS),#/components/schemas/VirtualCurrencyCode,#/components/schemas/VirtualCurrencyCode
REF_MONNAIE_VIRTUELLE,78a49aa716180d4b0a3049e76af3ae3b06a188c2bafb789b11d31ddc9edf17f0,,UQC,Uquid Coin (UQC),Uquid Coin (UQC),#/components/schemas/VirtualCurrencyCode,#/components/schemas/VirtualCurrencyCode
REF_MONNAIE_VIRTUELLE,78a49aa716180d4b0a3049e76af3ae3b06a188c2bafb789b11d31ddc9edf17f0,,USDC,USD Coin (USDC),USD Coin (USDC),#/components/schemas/VirtualCurrencyCode,#/components/schemas/VirtualCurrencyCode
REF_MONNAIE_VIRTUELLE,78a49aa716180d4b0a3049e76af3ae3b06a188c2bafb789b11d31ddc9edf17f0,,USDJ,USDJ (USDJ),USDJ (USDJ),#/components/schemas/VirtualCurrencyCode,#/components/schemas/VirtualCurrencyCode
REF_MONNAIE_VIRTUELLE,78a49aa716180d4b0a3049e76af3ae3b06a188c2bafb789b11d31ddc9edf17f0,,USDK,USDK (USDK),USDK (USDK),#/components/schemas/VirtualCurrencyCode,#/components/schemas/VirtualCurrencyCode
REF_MONNAIE_VIRTUELLE,78a49aa716180d4b0a3049e76af3ae3b06a188c2bafb789b11d31ddc9edf17f0,,USDN,Neutrino USD (USDN),Neutrino USD (USDN),#/components/schemas/VirtualCurrencyCode,#/components/schemas/VirtualCurrencyCode
REF_MONNAIE_VIRTUELLE,78a49aa716180d4b0a3049e76af3ae3b06a188c2bafb789b11d31ddc9edf17f0,,USDP,Pax Dollar (USDP),Pax Dollar (USDP),#/components/schemas/VirtualCurrencyCode,#/components/schemas/VirtualCurrencyCode
REF_MONNAIE_VIRTUELLE,78a49aa716180d4b0a3049e76af3ae3b06a188c2bafb789b11d31ddc9edf17f0,,USDT,Tether (USDT),Tether (USDT),#/components/schemas/VirtualCurrencyCode,#/components/schemas/VirtualCurrencyCode
REF_MONNAIE_VIRTUELLE,78a49aa716180d4b0a3049e76af3ae3b06a188c2bafb789b11d31ddc9edf17f0,,UST,TerraUSD (UST),TerraUSD (UST),#/components/schemas/VirtualCurrencyCode,#/components/schemas/VirtualCurrencyCode
REF_MONNAIE_VIRTUELLE,78a49aa716180d4b0a3049e76af3ae3b06a188c2bafb789b11d31ddc9edf17f0,,UTK,Utrust (UTK),Utrust (UTK),#/components/schemas/VirtualCurrencyCode,#/components/schemas/VirtualCurrencyCode
REF_MONNAIE_VIRTUELLE,78a49aa716180d4b0a3049e76af3ae3b06a188c2bafb789b11d31ddc9edf17f0,,VEST,VestChain (VEST),VestChain (VEST),#/components/schemas/VirtualCurrencyCode,#/components/schemas/VirtualCurrencyCode
REF_MONNAIE_VIRTUELLE,78a49aa716180d4b0a3049e76af3ae3b06a188c2bafb789b11d31ddc9edf17f0,,VET,VeChain (VET),VeChain (VET),#/components/schemas/VirtualCurrencyCode,#/components/schemas/VirtualCurrencyCode
REF_MONNAIE_VIRTUELLE,78a49aa716180d4b0a3049e76af3ae3b06a188c2bafb789b11d31ddc9edf17f0,,VGX,Voyager Token (VGX),Voyager Token (VGX),#/components/schemas/VirtualCurrencyCode,#/components/schemas/VirtualCurrencyCode
REF_MONNAIE_VIRTUELLE,78a49aa716180d4b0a3049e76af3ae3b06a188c2bafb789b11d31ddc9edf17f0,,VIDT,VIDT Datalink (VIDT),VIDT Datalink (VIDT),#/components/schemas/VirtualCurrencyCode,#/components/schemas/VirtualCurrencyCode
REF_MONNAIE_VIRTUELLE,78a49aa716180d4b0a3049e76af3ae3b06a188c2bafb789b11d31ddc9edf17f0,,VITAE,Vitae (VITAE),Vitae (VITAE),#/components/schemas/VirtualCurrencyCode,#/components/schemas/VirtualCurrencyCode
REF_MONNAIE_VIRTUELLE,78a49aa716180d4b0a3049e76af3ae3b06a188c2bafb789b11d31ddc9edf17f0,,VLX,Velas (VLX),Velas (VLX),#/components/schemas/VirtualCurrencyCode,#/components/schemas/VirtualCurrencyCode
REF_MONNAIE_VIRTUELLE,78a49aa716180d4b0a3049e76af3ae3b06a188c2bafb789b11d31ddc9edf17f0,,VRSC,VerusCoin (VRSC),VerusCoin (VRSC),#/components/schemas/VirtualCurrencyCode,#/components/schemas/VirtualCurrencyCode
REF_MONNAIE_VIRTUELLE,78a49aa716180d4b0a3049e76af3ae3b06a188c2bafb789b11d31ddc9edf17f0,,VSYS,v.systems (VSYS),v.systems (VSYS),#/components/schemas/VirtualCurrencyCode,#/components/schemas/VirtualCurrencyCode
REF_MONNAIE_VIRTUELLE,78a49aa716180d4b0a3049e76af3ae3b06a188c2bafb789b11d31ddc9edf17f0,,VTHO,VeThor Token (VTHO),VeThor Token (VTHO),#/components/schemas/VirtualCurrencyCode,#/components/schemas/VirtualCurrencyCode
REF_MONNAIE_VIRTUELLE,78a49aa716180d4b0a3049e76af3ae3b06a188c2bafb789b11d31ddc9edf17f0,,VVS,VVS Finance (VVS),VVS Finance (VVS),#/components/schemas/VirtualCurrencyCode,#/components/schemas/VirtualCurrencyCode
REF_MONNAIE_VIRTUELLE,78a49aa716180d4b0a3049e76af3ae3b06a188c2bafb789b11d31ddc9edf17f0,,WAN,Wanchain (WAN),Wanchain (WAN),#/components/schemas/VirtualCurrencyCode,#/components/schemas/VirtualCurrencyCode
REF_MONNAIE_VIRTUELLE,78a49aa716180d4b0a3049e76af3ae3b06a188c2bafb789b11d31ddc9edf17f0,,WAVES,Waves (WAVES),Waves (WAVES),#/components/schemas/VirtualCurrencyCode,#/components/schemas/VirtualCurrencyCode
REF_MONNAIE_VIRTUELLE,78a49aa716180d4b0a3049e76af3ae3b06a188c2bafb789b11d31ddc9edf17f0,,WAXP,WAX (WAXP),WAX (WAXP),#/components/schemas/VirtualCurrencyCode,#/components/schemas/VirtualCurrencyCode
REF_MONNAIE_VIRTUELLE,78a49aa716180d4b0a3049e76af3ae3b06a188c2bafb789b11d31ddc9edf17f0,,WBNB,Wrapped BNB (WBNB),Wrapped BNB (WBNB),#/components/schemas/VirtualCurrencyCode,#/components/schemas/VirtualCurrencyCode
REF_MONNAIE_VIRTUELLE,78a49aa716180d4b0a3049e76af3ae3b06a188c2bafb789b11d31ddc9edf17f0,,WBTC,Wrapped Bitcoin (WBTC),Wrapped Bitcoin (WBTC),#/components/schemas/VirtualCurrencyCode,#/components/schemas/VirtualCurrencyCode
REF_MONNAIE_VIRTUELLE,78a49aa716180d4b0a3049e76af3ae3b06a188c2bafb789b11d31ddc9edf17f0,,WET,WeShow Token (WET),WeShow Token (WET),#/components/schemas/VirtualCurrencyCode,#/components/schemas/VirtualCurrencyCode
REF_MONNAIE_VIRTUELLE,78a49aa716180d4b0a3049e76af3ae3b06a188c2bafb789b11d31ddc9edf17f0,,WICC,WaykiChain (WICC),WaykiChain (WICC),#/components/schemas/VirtualCurrencyCode,#/components/schemas/VirtualCurrencyCode
REF_MONNAIE_VIRTUELLE,78a49aa716180d4b0a3049e76af3ae3b06a188c2bafb789b11d31ddc9edf17f0,,WIN,WINk (WIN),WINk (WIN),#/components/schemas/VirtualCurrencyCode,#/components/schemas/VirtualCurrencyCode
REF_MONNAIE_VIRTUELLE,78a49aa716180d4b0a3049e76af3ae3b06a188c2bafb789b11d31ddc9edf17f0,,WIX,Wixlar (WIX),Wixlar (WIX),#/components/schemas/VirtualCurrencyCode,#/components/schemas/VirtualCurrencyCode
REF_MONNAIE_VIRTUELLE,78a49aa716180d4b0a3049e76af3ae3b06a188c2bafb789b11d31ddc9edf17f0,,WOM,WOM Protocol (WOM),WOM Protocol (WOM),#/components/schemas/VirtualCurrencyCode,#/components/schemas/VirtualCurrencyCode
REF_MONNAIE_VIRTUELLE,78a49aa716180d4b0a3049e76af3ae3b06a188c2bafb789b11d31ddc9edf17f0,,WRX,WazirX (WRX),WazirX (WRX),#/components/schemas/VirtualCurrencyCode,#/components/schemas/VirtualCurrencyCode
REF_MONNAIE_VIRTUELLE,78a49aa716180d4b0a3049e76af3ae3b06a188c2bafb789b11d31ddc9edf17f0,,WTC,Waltonchain (WTC),Waltonchain (WTC),#/components/schemas/VirtualCurrencyCode,#/components/schemas/VirtualCurrencyCode
REF_MONNAIE_VIRTUELLE,78a49aa716180d4b0a3049e76af3ae3b06a188c2bafb789b11d31ddc9edf17f0,,WXT,Wirex Token (WXT),Wirex Token (WXT),#/components/schemas/VirtualCurrencyCode,#/components/schemas/VirtualCurrencyCode
REF_MONNAIE_VIRTUELLE,78a49aa716180d4b0a3049e76af3ae3b06a188c2bafb789b11d31ddc9edf17f0,,XCM,CoinMetro Token (XCM),CoinMetro Token (XCM),#/components/schemas/VirtualCurrencyCode,#/components/schemas/VirtualCurrencyCode
REF_MONNAIE_VIRTUELLE,78a49aa716180d4b0a3049e76af3ae3b06a188c2bafb789b11d31ddc9edf17f0,,XDC,XinFin Network (XDC),XinFin Network (XDC),#/components/schemas/VirtualCurrencyCode,#/components/schemas/VirtualCurrencyCode
REF_MONNAIE_VIRTUELLE,78a49aa716180d4b0a3049e76af3ae3b06a188c2bafb789b11d31ddc9edf17f0,,XEC,eCash (XEC),eCash (XEC),#/components/schemas/VirtualCurrencyCode,#/components/schemas/VirtualCurrencyCode
REF_MONNAIE_VIRTUELLE,78a49aa716180d4b0a3049e76af3ae3b06a188c2bafb789b11d31ddc9edf17f0,,XEM,NEM (XEM),NEM (XEM),#/components/schemas/VirtualCurrencyCode,#/components/schemas/VirtualCurrencyCode
REF_MONNAIE_VIRTUELLE,78a49aa716180d4b0a3049e76af3ae3b06a188c2bafb789b11d31ddc9edf17f0,,XHV,Haven Protocol (XHV),Haven Protocol (XHV),#/components/schemas/VirtualCurrencyCode,#/components/schemas/VirtualCurrencyCode
REF_MONNAIE_VIRTUELLE,78a49aa716180d4b0a3049e76af3ae3b06a188c2bafb789b11d31ddc9edf17f0,,XIN,Mixin (XIN),Mixin (XIN),#/components/schemas/VirtualCurrencyCode,#/components/schemas/VirtualCurrencyCode
REF_MONNAIE_VIRTUELLE,78a49aa716180d4b0a3049e76af3ae3b06a188c2bafb789b11d31ddc9edf17f0,,XLM,Stellar (XLM),Stellar (XLM),#/components/schemas/VirtualCurrencyCode,#/components/schemas/VirtualCurrencyCode
REF_MONNAIE_VIRTUELLE,78a49aa716180d4b0a3049e76af3ae3b06a188c2bafb789b11d31ddc9edf17f0,,XLT,Nexalt (XLT),Nexalt (XLT),#/components/schemas/VirtualCurrencyCode,#/components/schemas/VirtualCurrencyCode
REF_MONNAIE_VIRTUELLE,78a49aa716180d4b0a3049e76af3ae3b06a188c2bafb789b11d31ddc9edf17f0,,XMR,Monero (XMR),Monero (XMR),#/components/schemas/VirtualCurrencyCode,#/components/schemas/VirtualCurrencyCode
REF_MONNAIE_VIRTUELLE,78a49aa716180d4b0a3049e76af3ae3b06a188c2bafb789b11d31ddc9edf17f0,,XNC,XeniosCoin (XNC),XeniosCoin (XNC),#/components/schemas/VirtualCurrencyCode,#/components/schemas/VirtualCurrencyCode
REF_MONNAIE_VIRTUELLE,78a49aa716180d4b0a3049e76af3ae3b06a188c2bafb789b11d31ddc9edf17f0,,XOR,Sora (XOR),Sora (XOR),#/components/schemas/VirtualCurrencyCode,#/components/schemas/VirtualCurrencyCode
REF_MONNAIE_VIRTUELLE,78a49aa716180d4b0a3049e76af3ae3b06a188c2bafb789b11d31ddc9edf17f0,,XPR,Proton (XPR),Proton (XPR),#/components/schemas/VirtualCurrencyCode,#/components/schemas/VirtualCurrencyCode
REF_MONNAIE_VIRTUELLE,78a49aa716180d4b0a3049e76af3ae3b06a188c2bafb789b11d31ddc9edf17f0,,XRP,XRP (XRP),XRP (XRP),#/components/schemas/VirtualCurrencyCode,#/components/schemas/VirtualCurrencyCode
REF_MONNAIE_VIRTUELLE,78a49aa716180d4b0a3049e76af3ae3b06a188c2bafb789b11d31ddc9edf17f0,,XSN,Stakenet (XSN),Stakenet (XSN),#/components/schemas/VirtualCurrencyCode,#/components/schemas/VirtualCurrencyCode
REF_MONNAIE_VIRTUELLE,78a49aa716180d4b0a3049e76af3ae3b06a188c2bafb789b11d31ddc9edf17f0,,XSR,Xensor (XSR),Xensor (XSR),#/components/schemas/VirtualCurrencyCode,#/components/schemas/VirtualCurrencyCode
REF_MONNAIE_VIRTUELLE,78a49aa716180d4b0a3049e76af3ae3b06a188c2bafb789b11d31ddc9edf17f0,,XT,ExtStock Token (XT),ExtStock Token (XT),#/components/schemas/VirtualCurrencyCode,#/components/schemas/VirtualCurrencyCode
REF_MONNAIE_VIRTUELLE,78a49aa716180d4b0a3049e76af3ae3b06a188c2bafb789b11d31ddc9edf17f0,,XTP,Tap (XTP),Tap (XTP),#/components/schemas/VirtualCurrencyCode,#/components/schemas/VirtualCurrencyCode
REF_MONNAIE_VIRTUELLE,78a49aa716180d4b0a3049e76af3ae3b06a188c2bafb789b11d31ddc9edf17f0,,XTZ,Tezos (XTZ),Tezos (XTZ),#/components/schemas/VirtualCurrencyCode,#/components/schemas/VirtualCurrencyCode
REF_MONNAIE_VIRTUELLE,78a49aa716180d4b0a3049e76af3ae3b06a188c2bafb789b11d31ddc9edf17f0,,XVG,Verge (XVG),Verge (XVG),#/components/schemas/VirtualCurrencyCode,#/components/schemas/VirtualCurrencyCode
REF_MONNAIE_VIRTUELLE,78a49aa716180d4b0a3049e76af3ae3b06a188c2bafb789b11d31ddc9edf17f0,,XVS,Venus (XVS),Venus (XVS),#/components/schemas/VirtualCurrencyCode,#/components/schemas/VirtualCurrencyCode
REF_MONNAIE_VIRTUELLE,78a49aa716180d4b0a3049e76af3ae3b06a188c2bafb789b11d31ddc9edf17f0,,XWC,WhiteCoin (XWC),WhiteCoin (XWC),#/components/schemas/VirtualCurrencyCode,#/components/schemas/VirtualCurrencyCode
REF_MONNAIE_VIRTUELLE,78a49aa716180d4b0a3049e76af3ae3b06a188c2bafb789b11d31ddc9edf17f0,,XYM,Symbol (XYM),Symbol (XYM),#/components/schemas/VirtualCurrencyCode,#/components/schemas/VirtualCurrencyCode
REF_MONNAIE_VIRTUELLE,78a49aa716180d4b0a3049e76af3ae3b06a188c2bafb789b11d31ddc9edf17f0,,XYO,XYO (XYO),XYO (XYO),#/components/schemas/VirtualCurrencyCode,#/components/schemas/VirtualCurrencyCode
REF_MONNAIE_VIRTUELLE,78a49aa716180d4b0a3049e76af3ae3b06a188c2bafb789b11d31ddc9edf17f0,,XZC,Zcoin (XZC),Zcoin (XZC),#/components/schemas/VirtualCurrencyCode,#/components/schemas/VirtualCurrencyCode
REF_MONNAIE_VIRTUELLE,78a49aa716180d4b0a3049e76af3ae3b06a188c2bafb789b11d31ddc9edf17f0,,YEP,YEP COIN (YEP),YEP COIN (YEP),#/components/schemas/VirtualCurrencyCode,#/components/schemas/VirtualCurrencyCode
REF_MONNAIE_VIRTUELLE,78a49aa716180d4b0a3049e76af3ae3b06a188c2bafb789b11d31ddc9edf17f0,,YF-DAI,YFDAI.FINANCE (YF-DAI),YFDAI.FINANCE (YF-DAI),#/components/schemas/VirtualCurrencyCode,#/components/schemas/VirtualCurrencyCode
REF_MONNAIE_VIRTUELLE,78a49aa716180d4b0a3049e76af3ae3b06a188c2bafb789b11d31ddc9edf17f0,,YFI,yearn.finance (YFI),yearn.finance (YFI),#/components/schemas/VirtualCurrencyCode,#/components/schemas/VirtualCurrencyCode
REF_MONNAIE_VIRTUELLE,78a49aa716180d4b0a3049e76af3ae3b06a188c2bafb789b11d31ddc9edf17f0,,YFII,DFI.Money (YFII),DFI.Money (YFII),#/components/schemas/VirtualCurrencyCode,#/components/schemas/VirtualCurrencyCode
REF_MONNAIE_VIRTUELLE,78a49aa716180d4b0a3049e76af3ae3b06a188c2bafb789b11d31ddc9edf17f0,,YFL,YF Link (YFL),YF Link (YFL),#/components/schemas/VirtualCurrencyCode,#/components/schemas/VirtualCurrencyCode
REF_MONNAIE_VIRTUELLE,78a49aa716180d4b0a3049e76af3ae3b06a188c2bafb789b11d31ddc9edf17f0,,YGG,Yield Guild Games (YGG),Yield Guild Games (YGG),#/components/schemas/VirtualCurrencyCode,#/components/schemas/VirtualCurrencyCode
REF_MONNAIE_VIRTUELLE,78a49aa716180d4b0a3049e76af3ae3b06a188c2bafb789b11d31ddc9edf17f0,,YUSRA,YUSRA (YUSRA),YUSRA (YUSRA),#/components/schemas/VirtualCurrencyCode,#/components/schemas/VirtualCurrencyCode
REF_MONNAIE_VIRTUELLE,78a49aa716180d4b0a3049e76af3ae3b06a188c2bafb789b11d31ddc9edf17f0,,ZAP,Zap (ZAP),Zap (ZAP),#/components/schemas/VirtualCurrencyCode,#/components/schemas/VirtualCurrencyCode
REF_MONNAIE_VIRTUELLE,78a49aa716180d4b0a3049e76af3ae3b06a188c2bafb789b11d31ddc9edf17f0,,ZB,ZB Token (ZB),ZB Token (ZB),#/components/schemas/VirtualCurrencyCode,#/components/schemas/VirtualCurrencyCode
REF_MONNAIE_VIRTUELLE,78a49aa716180d4b0a3049e76af3ae3b06a188c2bafb789b11d31ddc9edf17f0,,ZCN,0Chain (ZCN),0Chain (ZCN),#/components/schemas/VirtualCurrencyCode,#/components/schemas/VirtualCurrencyCode
REF_MONNAIE_VIRTUELLE,78a49aa716180d4b0a3049e76af3ae3b06a188c2bafb789b11d31ddc9edf17f0,,ZEC,Zcash (ZEC),Zcash (ZEC),#/components/schemas/VirtualCurrencyCode,#/components/schemas/VirtualCurrencyCode
REF_MONNAIE_VIRTUELLE,78a49aa716180d4b0a3049e76af3ae3b06a188c2bafb789b11d31ddc9edf17f0,,ZEN,Horizen (ZEN),Horizen (ZEN),#/components/schemas/VirtualCurrencyCode,#/components/schemas/VirtualCurrencyCode
REF_MONNAIE_VIRTUELLE,78a49aa716180d4b0a3049e76af3ae3b06a188c2bafb789b11d31ddc9edf17f0,,ZIL,Zilliqa (ZIL),Zilliqa (ZIL),#/components/schemas/VirtualCurrencyCode,#/components/schemas/VirtualCurrencyCode
REF_MONNAIE_VIRTUELLE,78a49aa716180d4b0a3049e76af3ae3b06a188c2bafb789b11d31ddc9edf17f0,,ZLW,Zelwin (ZLW),Zelwin (ZLW),#/components/schemas/VirtualCurrencyCode,#/components/schemas/VirtualCurrencyCode
REF_MONNAIE_VIRTUELLE,78a49aa716180d4b0a3049e76af3ae3b06a188c2bafb789b11d31ddc9edf17f0,,ZNN,Zenon (ZNN),Zenon (ZNN),#/components/schemas/VirtualCurrencyCode,#/components/schemas/VirtualCurrencyCode
REF_MONNAIE_VIRTUELLE,78a49aa716180d4b0a3049e76af3ae3b06a188c2bafb789b11d31ddc9edf17f0,,ZRX,0x (ZRX),0x (ZRX),#/components/schemas/VirtualCurrencyCode,#/components/schemas/VirtualCurrencyCode
REF_MONNAIE_VIRTUELLE,78a49aa716180d4b0a3049e76af3ae3b06a188c2bafb789b11d31ddc9edf17f0,,ZT,ZBG Token (ZT),ZBG Token (ZT),#/components/schemas/VirtualCurrencyCode,#/components/schemas/VirtualCurrencyCode
REF_MONNAIE_VIRTUELLE,78a49aa716180d4b0a3049e76af3ae3b06a188c2bafb789b11d31ddc9edf17f0,,ZYN,Zynecoin (ZYN),Zynecoin (ZYN),#/components/schemas/VirtualCurrencyCode,#/components/schemas/VirtualCurrencyCode
REF_TYPE_COMPTE,78a49aa716180d4b0a3049e76af3ae3b06a188c2bafb789b11d31ddc9edf17f0,,1,Personnel,Personal,#/components/schemas/strAccount/properties/typeCode,#/components/schemas/strAccount/properties/typeCode
REF_TYPE_COMPTE,78a49aa716180d4b0a3049e76af3ae3b06a188c2bafb789b11d31ddc9edf17f0,,2,Commercial,Business,#/components/schemas/strAccount/properties/typeCode,#/components/schemas/strAccount/properties/typeCode
REF_TYPE_COMPTE,78a49aa716180d4b0a3049e76af3ae3b06a188c2bafb789b11d31ddc9edf17f0,,3,En fiducie,Trust,#/components/schemas/strAccount/properties/typeCode,#/components/schemas/strAccount/properties/typeCode
REF_TYPE_COMPTE,78a49aa716180d4b0a3049e76af3ae3b06a188c2bafb789b11d31ddc9edf17f0,,4,Autre,Other,#/components/schemas/strAccount/properties/typeCode,#/components/schemas/strAccount/properties/typeCode
REF_TYPE_COMPTE,78a49aa716180d4b0a3049e76af3ae3b06a188c2bafb789b11d31ddc9edf17f0,,5,Casino,Casino,#/components/schemas/strAccount/properties/typeCode,#/components/schemas/strAccount/properties/typeCode
REF_STATUT_COMPTE,78a49aa716180d4b0a3049e76af3ae3b06a188c2bafb789b11d31ddc9edf17f0,,1,Actif,Active,#/components/schemas/accountStatusAtTimeOfTransaction,#/components/schemas/accountStatusAtTimeOfTransaction
REF_STATUT_COMPTE,78a49aa716180d4b0a3049e76af3ae3b06a188c2bafb789b11d31ddc9edf17f0,,2,Inactif,Inactive,#/components/schemas/accountStatusAtTimeOfTransaction,#/components/schemas/accountStatusAtTimeOfTransaction
REF_STATUT_COMPTE,78a49aa716180d4b0a3049e76af3ae3b06a188c2bafb789b11d31ddc9edf17f0,,3,En veilleuse,Dormant,#/components/schemas/accountStatusAtTimeOfTransaction,#/components/schemas/accountStatusAtTimeOfTransaction
REF_STATUT_COMPTE,78a49aa716180d4b0a3049e76af3ae3b06a188c2bafb789b11d31ddc9edf17f0,,4,Fermé,Closed,#/components/schemas/accountStatusAtTimeOfTransaction,#/components/schemas/accountStatusAtTimeOfTransaction
REF_TYPE_APPAREIL,78a49aa716180d4b0a3049e76af3ae3b06a188c2bafb789b11d31ddc9edf17f0,,1,Ordinateur ou portatif,Computer/Laptop,#/components/schemas/typeOfDeviceCode,#/components/schemas/typeOfDeviceCode
REF_TYPE_APPAREIL,78a49aa716180d4b0a3049e76af3ae3b06a188c2bafb789b11d31ddc9edf17f0,,2,Téléphone mobile,Mobile phone,#/components/schemas/typeOfDeviceCode,#/components/schemas/typeOfDeviceCode
REF_TYPE_APPAREIL,78a49aa716180d4b0a3049e76af3ae3b06a188c2bafb789b11d31ddc9edf17f0,,3,Tablette numérique,Tablet,#/components/schemas/typeOfDeviceCode,#/components/schemas/typeOfDeviceCode
REF_TYPE_APPAREIL,78a49aa716180d4b0a3049e76af3ae3b06a188c2bafb789b11d31ddc9edf17f0,,4,Autre,Other,#/components/schemas/typeOfDeviceCode,#/components/schemas/typeOfDeviceCode
REF_RELATION_TIERS,78a49aa716180d4b0a3049e76af3ae3b06a188c2bafb789b11d31ddc9edf17f0,,1,Comptable,Accountant,#/components/schemas/relationshipOfConductorCodeWithVendor,#/components/schemas/relationshipOfConductorCodeWithVendor
REF_RELATION_TIERS,78a49aa716180d4b0a3049e76af3ae3b06a188c2bafb789b11d31ddc9edf17f0,,2,Agent,Agent,#/components/schemas/relationshipOfConductorCodeWithVendor,#/components/schemas/relationshipOfConductorCodeWithVendor
REF_RELATION_TIERS,78a49aa716180d4b0a3049e76af3ae3b06a188c2bafb789b11d31ddc9edf17f0,,3,Emprunteur,Borrower,#/components/schemas/relationshipOfConductorCodeWithVendor,#/components/schemas/relationshipOfConductorCodeWithVendor
REF_RELATION_TIERS,78a49aa716180d4b0a3049e76af3ae3b06a188c2bafb789b11d31ddc9edf17f0,,4,Courtier,Broker,#/components/schemas/relationshipOfConductorCodeWithVendor,#/components/schemas/relationshipOfConductorCodeWithVendor
REF_RELATION_TIERS,78a49aa716180d4b0a3049e76af3ae3b06a188c2bafb789b11d31ddc9edf17f0,,5,Client,Customer,#/components/schemas/relationshipOfConductorCodeWithVendor,#/components/schemas/relationshipOfConductorCodeWithVendor
REF_RELATION_TIERS,78a49aa716180d4b0a3049e76af3ae3b06a188c2bafb789b11d31ddc9edf17f0,,6,Employé,Employee,#/components/schemas/relationshipOfConductorCodeWithVendor,#/components/schemas/relationshipOfConductorCodeWithVendor
REF_RELATION_TIERS,78a49aa716180d4b0a3049e76af3ae3b06a188c2bafb789b11d31ddc9edf17f0,,7,Ami,Friend,#/components/schemas/relationshipOfConductorCodeWithVendor,#/components/schemas/relationshipOfConductorCodeWithVendor
REF_RELATION_TIERS,78a49aa716180d4b0a3049e76af3ae3b06a188c2bafb789b11d31ddc9edf17f0,,8,Membre de la famille,Relative,#/components/schemas/relationshipOfConductorCodeWithVendor,#/components/schemas/relationshipOfConductorCodeWithVendor
REF_RELATION_TIERS,78a49aa716180d4b0a3049e76af3ae3b06a188c2bafb789b11d31ddc9edf17f0,,9,Autre,Other,#/components/schemas/relationshipOfConductorCodeWithVendor,#/components/schemas/relationshipOfConductorCodeWithVendor
REF_RELATION_TIERS,78a49aa716180d4b0a3049e76af3ae3b06a188c2bafb789b11d31ddc9edf17f0,,10,Conseiller juridique,Legal counsel,#/components/schemas/relationshipOfConductorCodeWithVendor,#/components/schemas/relationshipOfConductorCodeWithVendor
REF_RELATION_TIERS,78a49aa716180d4b0a3049e76af3ae3b06a188c2bafb789b11d31ddc9edf17f0,,11,Employeur,Employer,#/components/schemas/relationshipOfConductorCodeWithVendor,#/components/schemas/relationshipOfConductorCodeWithVendor
REF_RELATION_TIERS,78a49aa716180d4b0a3049e76af3ae3b06a188c2bafb789b11d31ddc9edf17f0,,12,Propriétaire conjoint/secondaire,Joint/Secondary owner,#/components/schemas/relationshipOfConductorCodeWithVendor,#/components/schemas/relationshipOfConductorCodeWithVendor
REF_RELATION_TIERS,78a49aa716180d4b0a3049e76af3ae3b06a188c2bafb789b11d31ddc9edf17f0,,13,Procuration,Power of attorney,#/components/schemas/relationshipOfConductorCodeWithVendor,#/components/schemas/relationshipOfConductorCodeWithVendor
REF_RELATION_TIERS,78a49aa716180d4b0a3049e76af3ae3b06a188c2bafb789b11d31ddc9edf17f0,,14,Vendeur / fournisseur,Vendor/Supplier,#/components/schemas/relationshipOfConductorCodeWithVendor,#/components/schemas/relationshipOfConductorCodeWithVendor
REF_DISPOSITION,78a49aa716180d4b0a3049e76af3ae3b06a188c2bafb789b11d31ddc9edf17f0,,1,Dépôt au compte,Deposit to account,#/components/schemas/STRReport/properties/transactions/items/properties/completingActions/items/properties/details/properties/dispositionCode,#/components/schemas/STRReport/properties/transactions/items/properties/completingActions/items/properties/details/properties/dispositionCode
REF_DISPOSITION,78a49aa716180d4b0a3049e76af3ae3b06a188c2bafb789b11d31ddc9edf17f0,,3,Échange en monnaie fiduciare,Exchange to fiat currency,#/components/schemas/STRReport/properties/transactions/items/properties/completingActions/items/properties/details/properties/dispositionCode,#/components/schemas/STRReport/properties/transactions/items/properties/completingActions/items/properties/details/properties/dispositionCode
REF_DISPOSITION,78a49aa716180d4b0a3049e76af3ae3b06a188c2bafb789b11d31ddc9edf17f0,,4,Achat de produits de casino,Purchase of casino product,#/components/schemas/STRReport/properties/transactions/items/properties/completingActions/items/properties/details/properties/dispositionCode,#/components/schemas/STRReport/properties/transactions/items/properties/completingActions/items/properties/details/properties/dispositionCode
REF_DISPOSITION,78a49aa716180d4b0a3049e76af3ae3b06a188c2bafb789b11d31ddc9edf17f0,,5,Achat de traite bancaire,Purchase of bank draft,#/components/schemas/STRReport/properties/transactions/items/properties/completingActions/items/properties/details/properties/dispositionCode,#/components/schemas/STRReport/properties/transactions/items/properties/completingActions/items/properties/details/properties/dispositionCode
REF_DISPOSITION,78a49aa716180d4b0a3049e76af3ae3b06a188c2bafb789b11d31ddc9edf17f0,,6,Achat de mandat,Purchase of money order,#/components/schemas/STRReport/properties/transactions/items/properties/completingActions/items/properties/details/properties/dispositionCode,#/components/schemas/STRReport/properties/transactions/items/properties/completingActions/items/properties/details/properties/dispositionCode
REF_DISPOSITION,78a49aa716180d4b0a3049e76af3ae3b06a188c2bafb789b11d31ddc9edf17f0,,7,Achat/dépôt d'une police d'assurance-vie,Life insurance policy purchase/deposit,#/components/schemas/STRReport/properties/transactions/items/properties/completingActions/items/properties/details/properties/dispositionCode,#/components/schemas/STRReport/properties/transactions/items/properties/completingActions/items/properties/details/properties/dispositionCode
REF_DISPOSITION,78a49aa716180d4b0a3049e76af3ae3b06a188c2bafb789b11d31ddc9edf17f0,,8,Achat/dépôt de produit d'investissement,Investment product purchase/deposit,#/components/schemas/STRReport/properties/transactions/items/properties/completingActions/items/properties/details/properties/dispositionCode,#/components/schemas/STRReport/properties/transactions/items/properties/completingActions/items/properties/details/properties/dispositionCode
REF_DISPOSITION,78a49aa716180d4b0a3049e76af3ae3b06a188c2bafb789b11d31ddc9edf17f0,,9,Achat/dépôt de biens immobiliers,Real estate purchase/deposit,#/components/schemas/STRReport/properties/transactions/items/properties/completingActions/items/properties/details/properties/dispositionCode,#/components/schemas/STRReport/properties/transactions/items/properties/completingActions/items/properties/details/properties/dispositionCode
REF_DISPOSITION,78a49aa716180d4b0a3049e76af3ae3b06a188c2bafb789b11d31ddc9edf17f0,,10,Encaissement,Cash out,#/components/schemas/STRReport/properties/transactions/items/properties/completingActions/items/properties/details/properties/dispositionCode,#/components/schemas/STRReport/properties/transactions/items/properties/completingActions/items/properties/details/properties/dispositionCode
REF_DISPOSITION,78a49aa716180d4b0a3049e76af3ae3b06a188c2bafb789b11d31ddc9edf17f0,,11,Autre,Other,#/components/schemas/STRReport/properties/transactions/items/properties/completingActions/items/properties/details/properties/dispositionCode,#/components/schemas/STRReport/properties/transactions/items/properties/completingActions/items/properties/details/properties/dispositionCode
REF_DISPOSITION,78a49aa716180d4b0a3049e76af3ae3b06a188c2bafb789b11d31ddc9edf17f0,,14,Achat de bijoux,Purchase of jewellery,#/components/schemas/STRReport/properties/transactions/items/properties/completingActions/items/properties/details/properties/dispositionCode,#/components/schemas/STRReport/properties/transactions/items/properties/completingActions/items/properties/details/properties/dispositionCode
REF_DISPOSITION,78a49aa716180d4b0a3049e76af3ae3b06a188c2bafb789b11d31ddc9edf17f0,,15,Achat de métaux précieux,Purchase precious metals,#/components/schemas/STRReport/properties/transactions/items/properties/completingActions/items/properties/details/properties/dispositionCode,#/components/schemas/STRReport/properties/transactions/items/properties/completingActions/items/properties/details/properties/dispositionCode
REF_DISPOSITION,78a49aa716180d4b0a3049e76af3ae3b06a188c2bafb789b11d31ddc9edf17f0,,17,Ajouté au portefeuille de monnaie virt.,Added to virtual currency wallet,#/components/schemas/STRReport/properties/transactions/items/properties/completingActions/items/properties/details/properties/dispositionCode,#/components/schemas/STRReport/properties/transactions/items/properties/completingActions/items/properties/details/properties/dispositionCode
REF_DISPOSITION,78a49aa716180d4b0a3049e76af3ae3b06a188c2bafb789b11d31ddc9edf17f0,,18,Échange en monnaie virtuelle,Exchange to virtual currency,#/components/schemas/STRReport/properties/transactions/items/properties/completingActions/items/properties/details/properties/dispositionCode,#/components/schemas/STRReport/properties/transactions/items/properties/completingActions/items/properties/details/properties/dispositionCode
REF_DISPOSITION,78a49aa716180d4b0a3049e76af3ae3b06a188c2bafb789b11d31ddc9edf17f0,,19,Transfert de monnaie virtuelle,Outgoing virtual currency transfer,#/components/schemas/STRReport/properties/transactions/items/properties/completingActions/items/properties/details/properties/dispositionCode,#/components/schemas/STRReport/properties/transactions/items/properties/completingActions/items/properties/details/properties/dispositionCode
REF_DISPOSITION,78a49aa716180d4b0a3049e76af3ae3b06a188c2bafb789b11d31ddc9edf17f0,,20,Virement de fonds par courrie,Outgoing email money transfer,#/components/schemas/STRReport/properties/transactions/items/properties/completingActions/items/properties/details/properties/dispositionCode,#/components/schemas/STRReport/properties/transactions/items/properties/completingActions/items/properties/details/properties/dispositionCode
REF_DISPOSITION,78a49aa716180d4b0a3049e76af3ae3b06a188c2bafb789b11d31ddc9edf17f0,,21,Fonds retenus,Holding funds,#/components/schemas/STRReport/properties/transactions/items/properties/completingActions/items/properties/details/properties/dispositionCode,#/components/schemas/STRReport/properties/transactions/items/properties/completingActions/items/properties/details/properties/dispositionCode
REF_DISPOSITION,78a49aa716180d4b0a3049e76af3ae3b06a188c2bafb789b11d31ddc9edf17f0,,22,Achat de pierres précieuses,Purchase of precious stones,#/components/schemas/STRReport/properties/transactions/items/properties/completingActions/items/properties/details/properties/dispositionCode,#/components/schemas/STRReport/properties/transactions/items/properties/completingActions/items/properties/details/properties/dispositionCode
REF_DISPOSITION,78a49aa716180d4b0a3049e76af3ae3b06a188c2bafb789b11d31ddc9edf17f0,,23,Émission d'un chèque,Issued cheque,#/components/schemas/STRReport/properties/transactions/items/properties/completingActions/items/properties/details/properties/dispositionCode,#/components/schemas/STRReport/properties/transactions/items/properties/completingActions/items/properties/details/properties/dispositionCode
REF_DISPOSITION,78a49aa716180d4b0a3049e76af3ae3b06a188c2bafb789b11d31ddc9edf17f0,,24,Virement de fonds au pays,Outgoing domestic funds transfer,#/components/schemas/STRReport/properties/transactions/items/properties/completingActions/items/properties/details/properties/dispositionCode,#/components/schemas/STRReport/properties/transactions/items/properties/completingActions/items/properties/details/properties/dispositionCode
REF_DISPOSITION,78a49aa716180d4b0a3049e76af3ae3b06a188c2bafb789b11d31ddc9edf17f0,,25,Virement de fonds à l'étranger,Outgoing international funds transfer,#/components/schemas/STRReport/properties/transactions/items/properties/completingActions/items/properties/details/properties/dispositionCode,#/components/schemas/STRReport/properties/transactions/items/properties/completingActions/items/properties/details/properties/dispositionCode
REF_DISPOSITION,78a49aa716180d4b0a3049e76af3ae3b06a188c2bafb789b11d31ddc9edf17f0,,26,Achat de produit/carte paiement prépayé,Purchase of prepaid payment product/card,#/components/schemas/STRReport/properties/transactions/items/properties/completingActions/items/properties/details/properties/dispositionCode,#/components/schemas/STRReport/properties/transactions/items/properties/completingActions/items/properties/details/properties/dispositionCode
REF_DISPOSITION,78a49aa716180d4b0a3049e76af3ae3b06a188c2bafb789b11d31ddc9edf17f0,,27,Échange de coupures,Denomination exchange,#/components/schemas/STRReport/properties/transactions/items/properties/completingActions/items/properties/details/properties/dispositionCode,#/components/schemas/STRReport/properties/transactions/items/properties/completingActions/items/properties/details/properties/dispositionCode
REF_DISPOSITION,78a49aa716180d4b0a3049e76af3ae3b06a188c2bafb789b11d31ddc9edf17f0,,28,Paiement au compte,Payment to account,#/components/schemas/STRReport/properties/transactions/items/properties/completingActions/items/properties/details/properties/dispositionCode,#/components/schemas/STRReport/properties/transactions/items/properties/completingActions/items/properties/details/properties/dispositionCode
REF_DISPOSITION,78a49aa716180d4b0a3049e76af3ae3b06a188c2bafb789b11d31ddc9edf17f0,,29,Payment for goods / Achat ou paiement de biens,Purchase of,#/components/schemas/STRReport/properties/transactions/items/properties/completingActions/items/properties/details/properties/dispositionCode,#/components/schemas/STRReport/properties/transactions/items/properties/completingActions/items/properties/details/properties/dispositionCode
REF_DISPOSITION,78a49aa716180d4b0a3049e76af3ae3b06a188c2bafb789b11d31ddc9edf17f0,,30,Payment for services / Achat ou paiement de services,Purchase of,#/components/schemas/STRReport/properties/transactions/items/properties/completingActions/items/properties/details/properties/dispositionCode,#/components/schemas/STRReport/properties/transactions/items/properties/completingActions/items/properties/details/properties/dispositionCode
REF_DISPOSITION,78a49aa716180d4b0a3049e76af3ae3b06a188c2bafb789b11d31ddc9edf17f0,,31,Virement de fonds par mobile,Outgoing mobile money transfer,#/components/schemas/STRReport/properties/transactions/items/properties/completingActions/items/properties/details/properties/dispositionCode,#/components/schemas/STRReport/properties/transactions/items/properties/completingActions/items/properties/details/properties/dispositionCode
REF_DISPOSITION,78a49aa716180d4b0a3049e76af3ae3b06a188c2bafb789b11d31ddc9edf17f0,,32,Retrait de fonds (en lien avec compte),Cash withdrawal (account based),#/components/schemas/STRReport/properties/transactions/items/properties/completingActions/items/properties/details/properties/dispositionCode,#/components/schemas/STRReport/properties/transactions/items/properties/completingActions/items/properties/details/properties/dispositionCode
