table,column,reference,mapping_id,json_path,variant,allowed_values,source_pointer
STR_REPORT,report_type_code,REF_TYPE_RAPPORT,F0001,$.reportDetails.reportTypeCode,,"[14, 102, 106, 113, 145]",#/components/schemas/reportTypeCode
STR_REPORT,submit_type_code,REF_TYPE_SOUMISSION,F0002,$.reportDetails.submitTypeCode,,"[1, 2, 5]",#/components/schemas/submitTypeCode
STR_REPORT,activity_sector_code,REF_SECTEUR_ACTIVITE,F0003,$.reportDetails.activitySectorCode,,"[1, 2, 3, 4, 5, 6, 9, 10, 11, 12, 13, 14, 15, 16, 17, 18, 19, 20, 21, 22, 24, 25, 26, 27, 28]",#/components/schemas/activitySectorCode
STR_REPORT,ministerial_directive_code,REF_DIRECTIVE,F0008,$.reportDetails.ministerialDirectiveCode,,"[""IR2020""]",#/components/schemas/ministerialDirectiveCode
STR_REPORT,suspicion_type_code,REF_TYPE_SOUPCON,F0010,$.detailsOfSuspicion.suspicionTypeCode,,"[1, 2, 3, 4, 5, 6, 7]",#/components/schemas/STRReport/properties/detailsOfSuspicion/properties/suspicionTypeCode
STR_PPP_PROJECT,project_name_code,REF_PROJET_PPP,F0011,$.detailsOfSuspicion.publicPrivatePartnershipProjectNameCodes[],,"[1, 2, 3, 5, 6, 7, 8]",#/components/schemas/STRReport/properties/detailsOfSuspicion/properties/publicPrivatePartnershipProjectNameCodes/items
STR_DEFINITION,type_code,REF_TYPE_DEFINITION,F0016,$.definitions[].typeCode,PersonName,[1],#/components/schemas/PersonName/properties/typeCode
STR_DEFINITION,type_code,REF_TYPE_DEFINITION,F0021,$.definitions[].typeCode,EntityName,[2],#/components/schemas/EntityName/properties/typeCode
STR_DEFINITION,type_code,REF_TYPE_DEFINITION,F0024,$.definitions[].typeCode,PersonDetails,[3],#/components/schemas/PersonDetails/properties/typeCode
STR_DEFINITION,type_code,REF_TYPE_DEFINITION,F0063,$.definitions[].typeCode,EntityDetails,[4],#/components/schemas/EntityDetails/properties/typeCode
STR_DEFINITION,type_code,REF_TYPE_DEFINITION,F0108,$.definitions[].typeCode,personAndEmployerDetails,[5],#/components/schemas/personAndEmployerDetails/properties/typeCode
STR_DEFINITION,type_code,REF_TYPE_DEFINITION,F0168,$.definitions[].typeCode,entityAndBeneficialOwnershipDetails,[6],#/components/schemas/entityAndBeneficialOwnershipDetails/properties/typeCode
STR_PERSON,country_of_residence_code,REF_PAYS,F0033,$.definitions[].countryOfResidenceCode,PersonDetails,"[""CA"", ""US"", ""AD"", ""AE"", ""AF"", ""AG"", ""AI"", ""AL"", ""AM"", ""AN"", ""AO"", ""AQ"", ""AR"", ""AS"", ""AT"", ""AU"", ""AW"", ""AX"", ""AZ"", ""BA"", ""BB"", ""BD"", ""BE"", ""BF"", ""BG"", ""BH"", ""BI"", ""BJ"", ""BL"", ""BM"", ""BN"", ""BO"", ""BQ"", ""BR"", ""BS"", ""BT"", ""BV"", ""BW"", ""BY"", ""BZ"", ""CC"", ""CD"", ""CF"", ""CG"", ""CH"", ""CI"", ""CK"", ""CL"", ""CM"", ""CN"", ""CO"", ""CR"", ""CS"", ""CU"", ""CV"", ""CW"", ""CX"", ""CY"", ""CZ"", ""DE"", ""DJ"", ""DK"", ""DM"", ""DO"", ""DZ"", ""EC"", ""EE"", ""EG"", ""EH"", ""ER"", ""ES"", ""ET"", ""FI"", ""FJ"", ""FK"", ""FM"", ""FO"", ""FR"", ""FX"", ""GA"", ""GB"", ""GD"", ""GE"", ""GF"", ""GG"", ""GH"", ""GI"", ""GL"", ""GM"", ""GN"", ""GP"", ""GQ"", ""GR"", ""GS"", ""GT"", ""GU"", ""GW"", ""GY"", ""HK"", ""HM"", ""HN"", ""HR"", ""HT"", ""HU"", ""ID"", ""IE"", ""IL"", ""IM"", ""IN"", ""IO"", ""IQ"", ""IR"", ""IS"", ""IT"", ""JE"", ""JM"", ""JO"", ""JP"", ""KE"", ""KG"", ""KH"", ""KI"", ""KM"", ""KN"", ""KP"", ""KR"", ""KW"", ""KY"", ""KZ"", ""LA"", ""LB"", ""LC"", ""LI"", ""LK"", ""LR"", ""LS"", ""LT"", ""LU"", ""LV"", ""LY"", ""MA"", ""MC"", ""MD"", ""ME"", ""MF"", ""MG"", ""MH"", ""MK"", ""ML"", ""MM"", ""MN"", ""MO"", ""MP"", ""MQ"", ""MR"", ""MS"", ""MT"", ""MU"", ""MV"", ""MW"", ""MX"", ""MY"", ""MZ"", ""NA"", ""NC"", ""NE"", ""NF"", ""NG"", ""NI"", ""NL"", ""NO"", ""NP"", ""NR"", ""NU"", ""NZ"", ""OM"", ""PA"", ""PE"", ""PF"", ""PG"", ""PH"", ""PK"", ""PL"", ""PM"", ""PN"", ""PR"", ""PS"", ""PT"", ""PW"", ""PY"", ""QA"", ""RE"", ""RO"", ""RS"", ""RU"", ""RW"", ""SA"", ""SB"", ""SC"", ""SD"", ""SE"", ""SG"", ""SH"", ""SI"", ""SJ"", ""SK"", ""SL"", ""SM"", ""SN"", ""SO"", ""SR"", ""SS"", ""ST"", ""SV"", ""SX"", ""SY"", ""SZ"", ""TC"", ""TD"", ""TF"", ""TG"", ""TH"", ""TJ"", ""TK"", ""TL"", ""TM"", ""TN"", ""TO"", ""TR"", ""TT"", ""TV"", ""TW"", ""TZ"", ""UA"", ""UG"", ""UM"", ""UY"", ""UZ"", ""VA"", ""VC"", ""VE"", ""VG"", ""VI"", ""VN"", ""VU"", ""WF"", ""WS"", ""YE"", ""YT"", ""ZA"", ""ZM"", ""ZW"", ""ZZ""]",#/components/schemas/CountryCode
STR_PERSON,country_of_residence_code,REF_PAYS,F0135,$.definitions[].countryOfResidenceCode,personAndEmployerDetails,"[""CA"", ""US"", ""AD"", ""AE"", ""AF"", ""AG"", ""AI"", ""AL"", ""AM"", ""AN"", ""AO"", ""AQ"", ""AR"", ""AS"", ""AT"", ""AU"", ""AW"", ""AX"", ""AZ"", ""BA"", ""BB"", ""BD"", ""BE"", ""BF"", ""BG"", ""BH"", ""BI"", ""BJ"", ""BL"", ""BM"", ""BN"", ""BO"", ""BQ"", ""BR"", ""BS"", ""BT"", ""BV"", ""BW"", ""BY"", ""BZ"", ""CC"", ""CD"", ""CF"", ""CG"", ""CH"", ""CI"", ""CK"", ""CL"", ""CM"", ""CN"", ""CO"", ""CR"", ""CS"", ""CU"", ""CV"", ""CW"", ""CX"", ""CY"", ""CZ"", ""DE"", ""DJ"", ""DK"", ""DM"", ""DO"", ""DZ"", ""EC"", ""EE"", ""EG"", ""EH"", ""ER"", ""ES"", ""ET"", ""FI"", ""FJ"", ""FK"", ""FM"", ""FO"", ""FR"", ""FX"", ""GA"", ""GB"", ""GD"", ""GE"", ""GF"", ""GG"", ""GH"", ""GI"", ""GL"", ""GM"", ""GN"", ""GP"", ""GQ"", ""GR"", ""GS"", ""GT"", ""GU"", ""GW"", ""GY"", ""HK"", ""HM"", ""HN"", ""HR"", ""HT"", ""HU"", ""ID"", ""IE"", ""IL"", ""IM"", ""IN"", ""IO"", ""IQ"", ""IR"", ""IS"", ""IT"", ""JE"", ""JM"", ""JO"", ""JP"", ""KE"", ""KG"", ""KH"", ""KI"", ""KM"", ""KN"", ""KP"", ""KR"", ""KW"", ""KY"", ""KZ"", ""LA"", ""LB"", ""LC"", ""LI"", ""LK"", ""LR"", ""LS"", ""LT"", ""LU"", ""LV"", ""LY"", ""MA"", ""MC"", ""MD"", ""ME"", ""MF"", ""MG"", ""MH"", ""MK"", ""ML"", ""MM"", ""MN"", ""MO"", ""MP"", ""MQ"", ""MR"", ""MS"", ""MT"", ""MU"", ""MV"", ""MW"", ""MX"", ""MY"", ""MZ"", ""NA"", ""NC"", ""NE"", ""NF"", ""NG"", ""NI"", ""NL"", ""NO"", ""NP"", ""NR"", ""NU"", ""NZ"", ""OM"", ""PA"", ""PE"", ""PF"", ""PG"", ""PH"", ""PK"", ""PL"", ""PM"", ""PN"", ""PR"", ""PS"", ""PT"", ""PW"", ""PY"", ""QA"", ""RE"", ""RO"", ""RS"", ""RU"", ""RW"", ""SA"", ""SB"", ""SC"", ""SD"", ""SE"", ""SG"", ""SH"", ""SI"", ""SJ"", ""SK"", ""SL"", ""SM"", ""SN"", ""SO"", ""SR"", ""SS"", ""ST"", ""SV"", ""SX"", ""SY"", ""SZ"", ""TC"", ""TD"", ""TF"", ""TG"", ""TH"", ""TJ"", ""TK"", ""TL"", ""TM"", ""TN"", ""TO"", ""TR"", ""TT"", ""TV"", ""TW"", ""TZ"", ""UA"", ""UG"", ""UM"", ""UY"", ""UZ"", ""VA"", ""VC"", ""VE"", ""VG"", ""VI"", ""VN"", ""VU"", ""WF"", ""WS"", ""YE"", ""YT"", ""ZA"", ""ZM"", ""ZW"", ""ZZ""]",#/components/schemas/CountryCode
STR_PERSON,address_type_code,REF_TYPE_ADRESSE,F0036,$.definitions[].addressTypeCode,PersonDetails,"[1, 2]",#/components/schemas/addressTypeCode
STR_PERSON,address_type_code,REF_TYPE_ADRESSE,F0114,$.definitions[].addressTypeCode,personAndEmployerDetails,"[1, 2]",#/components/schemas/addressTypeCode
STR_ADDRESS,type_code,REF_TYPE_ADRESSE,F0037,$.definitions[].address.typeCode,PersonDetails; StructuredAddress,[1],#/components/schemas/StructuredAddress/properties/typeCode
STR_ADDRESS,type_code,REF_TYPE_ADRESSE,F0051,$.definitions[].address.typeCode,PersonDetails; UnstructuredAddress,[2],#/components/schemas/UnstructuredAddress/properties/typeCode
STR_ADDRESS,type_code,REF_TYPE_ADRESSE,F0070,$.definitions[].address.typeCode,EntityDetails; StructuredAddress,[1],#/components/schemas/StructuredAddress/properties/typeCode
STR_ADDRESS,type_code,REF_TYPE_ADRESSE,F0084,$.definitions[].address.typeCode,EntityDetails; UnstructuredAddress,[2],#/components/schemas/UnstructuredAddress/properties/typeCode
STR_ADDRESS,type_code,REF_TYPE_ADRESSE,F0115,$.definitions[].address.typeCode,personAndEmployerDetails; StructuredAddress,[1],#/components/schemas/StructuredAddress/properties/typeCode
STR_ADDRESS,type_code,REF_TYPE_ADRESSE,F0129,$.definitions[].address.typeCode,personAndEmployerDetails; UnstructuredAddress,[2],#/components/schemas/UnstructuredAddress/properties/typeCode
STR_ADDRESS,type_code,REF_TYPE_ADRESSE,F0140,$.definitions[].employerInformation.address.typeCode,personAndEmployerDetails; StructuredAddress,[1],#/components/schemas/StructuredAddress/properties/typeCode
STR_ADDRESS,type_code,REF_TYPE_ADRESSE,F0154,$.definitions[].employerInformation.address.typeCode,personAndEmployerDetails; UnstructuredAddress,[2],#/components/schemas/UnstructuredAddress/properties/typeCode
STR_ADDRESS,type_code,REF_TYPE_ADRESSE,F0172,$.definitions[].address.typeCode,entityAndBeneficialOwnershipDetails; StructuredAddress,[1],#/components/schemas/StructuredAddress/properties/typeCode
STR_ADDRESS,type_code,REF_TYPE_ADRESSE,F0186,$.definitions[].address.typeCode,entityAndBeneficialOwnershipDetails; UnstructuredAddress,[2],#/components/schemas/UnstructuredAddress/properties/typeCode
STR_ADDRESS,type_code,REF_TYPE_ADRESSE,F0219,$.definitions[].directorsOfCorporation[].address.typeCode,entityAndBeneficialOwnershipDetails; StructuredAddress,[1],#/components/schemas/StructuredAddress/properties/typeCode
STR_ADDRESS,type_code,REF_TYPE_ADRESSE,F0233,$.definitions[].directorsOfCorporation[].address.typeCode,entityAndBeneficialOwnershipDetails; UnstructuredAddress,[2],#/components/schemas/UnstructuredAddress/properties/typeCode
STR_ADDRESS,type_code,REF_TYPE_ADRESSE,F0245,$.definitions[].trusteesOfTrust[].address.typeCode,entityAndBeneficialOwnershipDetails; StructuredAddress,[1],#/components/schemas/StructuredAddress/properties/typeCode
STR_ADDRESS,type_code,REF_TYPE_ADRESSE,F0259,$.definitions[].trusteesOfTrust[].address.typeCode,entityAndBeneficialOwnershipDetails; UnstructuredAddress,[2],#/components/schemas/UnstructuredAddress/properties/typeCode
STR_ADDRESS,type_code,REF_TYPE_ADRESSE,F0268,$.definitions[].settlorsOfTrust[].address.typeCode,entityAndBeneficialOwnershipDetails; StructuredAddress,[1],#/components/schemas/StructuredAddress/properties/typeCode
STR_ADDRESS,type_code,REF_TYPE_ADRESSE,F0282,$.definitions[].settlorsOfTrust[].address.typeCode,entityAndBeneficialOwnershipDetails; UnstructuredAddress,[2],#/components/schemas/UnstructuredAddress/properties/typeCode
STR_ADDRESS,type_code,REF_TYPE_ADRESSE,F0291,$.definitions[].personsOwningUnitsOfTrust[].address.typeCode,entityAndBeneficialOwnershipDetails; StructuredAddress,[1],#/components/schemas/StructuredAddress/properties/typeCode
STR_ADDRESS,type_code,REF_TYPE_ADRESSE,F0305,$.definitions[].personsOwningUnitsOfTrust[].address.typeCode,entityAndBeneficialOwnershipDetails; UnstructuredAddress,[2],#/components/schemas/UnstructuredAddress/properties/typeCode
STR_ADDRESS,type_code,REF_TYPE_ADRESSE,F0314,$.definitions[].beneficiariesOfTrust[].address.typeCode,entityAndBeneficialOwnershipDetails; StructuredAddress,[1],#/components/schemas/StructuredAddress/properties/typeCode
STR_ADDRESS,type_code,REF_TYPE_ADRESSE,F0328,$.definitions[].beneficiariesOfTrust[].address.typeCode,entityAndBeneficialOwnershipDetails; UnstructuredAddress,[2],#/components/schemas/UnstructuredAddress/properties/typeCode
STR_ADDRESS,country_code,REF_PAYS,F0050,$.definitions[].address.countryCode,PersonDetails; StructuredAddress,"[""CA"", ""US"", ""AD"", ""AE"", ""AF"", ""AG"", ""AI"", ""AL"", ""AM"", ""AN"", ""AO"", ""AQ"", ""AR"", ""AS"", ""AT"", ""AU"", ""AW"", ""AX"", ""AZ"", ""BA"", ""BB"", ""BD"", ""BE"", ""BF"", ""BG"", ""BH"", ""BI"", ""BJ"", ""BL"", ""BM"", ""BN"", ""BO"", ""BQ"", ""BR"", ""BS"", ""BT"", ""BV"", ""BW"", ""BY"", ""BZ"", ""CC"", ""CD"", ""CF"", ""CG"", ""CH"", ""CI"", ""CK"", ""CL"", ""CM"", ""CN"", ""CO"", ""CR"", ""CS"", ""CU"", ""CV"", ""CW"", ""CX"", ""CY"", ""CZ"", ""DE"", ""DJ"", ""DK"", ""DM"", ""DO"", ""DZ"", ""EC"", ""EE"", ""EG"", ""EH"", ""ER"", ""ES"", ""ET"", ""FI"", ""FJ"", ""FK"", ""FM"", ""FO"", ""FR"", ""FX"", ""GA"", ""GB"", ""GD"", ""GE"", ""GF"", ""GG"", ""GH"", ""GI"", ""GL"", ""GM"", ""GN"", ""GP"", ""GQ"", ""GR"", ""GS"", ""GT"", ""GU"", ""GW"", ""GY"", ""HK"", ""HM"", ""HN"", ""HR"", ""HT"", ""HU"", ""ID"", ""IE"", ""IL"", ""IM"", ""IN"", ""IO"", ""IQ"", ""IR"", ""IS"", ""IT"", ""JE"", ""JM"", ""JO"", ""JP"", ""KE"", ""KG"", ""KH"", ""KI"", ""KM"", ""KN"", ""KP"", ""KR"", ""KW"", ""KY"", ""KZ"", ""LA"", ""LB"", ""LC"", ""LI"", ""LK"", ""LR"", ""LS"", ""LT"", ""LU"", ""LV"", ""LY"", ""MA"", ""MC"", ""MD"", ""ME"", ""MF"", ""MG"", ""MH"", ""MK"", ""ML"", ""MM"", ""MN"", ""MO"", ""MP"", ""MQ"", ""MR"", ""MS"", ""MT"", ""MU"", ""MV"", ""MW"", ""MX"", ""MY"", ""MZ"", ""NA"", ""NC"", ""NE"", ""NF"", ""NG"", ""NI"", ""NL"", ""NO"", ""NP"", ""NR"", ""NU"", ""NZ"", ""OM"", ""PA"", ""PE"", ""PF"", ""PG"", ""PH"", ""PK"", ""PL"", ""PM"", ""PN"", ""PR"", ""PS"", ""PT"", ""PW"", ""PY"", ""QA"", ""RE"", ""RO"", ""RS"", ""RU"", ""RW"", ""SA"", ""SB"", ""SC"", ""SD"", ""SE"", ""SG"", ""SH"", ""SI"", ""SJ"", ""SK"", ""SL"", ""SM"", ""SN"", ""SO"", ""SR"", ""SS"", ""ST"", ""SV"", ""SX"", ""SY"", ""SZ"", ""TC"", ""TD"", ""TF"", ""TG"", ""TH"", ""TJ"", ""TK"", ""TL"", ""TM"", ""TN"", ""TO"", ""TR"", ""TT"", ""TV"", ""TW"", ""TZ"", ""UA"", ""UG"", ""UM"", ""UY"", ""UZ"", ""VA"", ""VC"", ""VE"", ""VG"", ""VI"", ""VN"", ""VU"", ""WF"", ""WS"", ""YE"", ""YT"", ""ZA"", ""ZM"", ""ZW"", ""ZZ""]",#/components/schemas/CountryCode
STR_ADDRESS,country_code,REF_PAYS,F0052,$.definitions[].address.countryCode,PersonDetails; UnstructuredAddress,"[""CA"", ""US"", ""AD"", ""AE"", ""AF"", ""AG"", ""AI"", ""AL"", ""AM"", ""AN"", ""AO"", ""AQ"", ""AR"", ""AS"", ""AT"", ""AU"", ""AW"", ""AX"", ""AZ"", ""BA"", ""BB"", ""BD"", ""BE"", ""BF"", ""BG"", ""BH"", ""BI"", ""BJ"", ""BL"", ""BM"", ""BN"", ""BO"", ""BQ"", ""BR"", ""BS"", ""BT"", ""BV"", ""BW"", ""BY"", ""BZ"", ""CC"", ""CD"", ""CF"", ""CG"", ""CH"", ""CI"", ""CK"", ""CL"", ""CM"", ""CN"", ""CO"", ""CR"", ""CS"", ""CU"", ""CV"", ""CW"", ""CX"", ""CY"", ""CZ"", ""DE"", ""DJ"", ""DK"", ""DM"", ""DO"", ""DZ"", ""EC"", ""EE"", ""EG"", ""EH"", ""ER"", ""ES"", ""ET"", ""FI"", ""FJ"", ""FK"", ""FM"", ""FO"", ""FR"", ""FX"", ""GA"", ""GB"", ""GD"", ""GE"", ""GF"", ""GG"", ""GH"", ""GI"", ""GL"", ""GM"", ""GN"", ""GP"", ""GQ"", ""GR"", ""GS"", ""GT"", ""GU"", ""GW"", ""GY"", ""HK"", ""HM"", ""HN"", ""HR"", ""HT"", ""HU"", ""ID"", ""IE"", ""IL"", ""IM"", ""IN"", ""IO"", ""IQ"", ""IR"", ""IS"", ""IT"", ""JE"", ""JM"", ""JO"", ""JP"", ""KE"", ""KG"", ""KH"", ""KI"", ""KM"", ""KN"", ""KP"", ""KR"", ""KW"", ""KY"", ""KZ"", ""LA"", ""LB"", ""LC"", ""LI"", ""LK"", ""LR"", ""LS"", ""LT"", ""LU"", ""LV"", ""LY"", ""MA"", ""MC"", ""MD"", ""ME"", ""MF"", ""MG"", ""MH"", ""MK"", ""ML"", ""MM"", ""MN"", ""MO"", ""MP"", ""MQ"", ""MR"", ""MS"", ""MT"", ""MU"", ""MV"", ""MW"", ""MX"", ""MY"", ""MZ"", ""NA"", ""NC"", ""NE"", ""NF"", ""NG"", ""NI"", ""NL"", ""NO"", ""NP"", ""NR"", ""NU"", ""NZ"", ""OM"", ""PA"", ""PE"", ""PF"", ""PG"", ""PH"", ""PK"", ""PL"", ""PM"", ""PN"", ""PR"", ""PS"", ""PT"", ""PW"", ""PY"", ""QA"", ""RE"", ""RO"", ""RS"", ""RU"", ""RW"", ""SA"", ""SB"", ""SC"", ""SD"", ""SE"", ""SG"", ""SH"", ""SI"", ""SJ"", ""SK"", ""SL"", ""SM"", ""SN"", ""SO"", ""SR"", ""SS"", ""ST"", ""SV"", ""SX"", ""SY"", ""SZ"", ""TC"", ""TD"", ""TF"", ""TG"", ""TH"", ""TJ"", ""TK"", ""TL"", ""TM"", ""TN"", ""TO"", ""TR"", ""TT"", ""TV"", ""TW"", ""TZ"", ""UA"", ""UG"", ""UM"", ""UY"", ""UZ"", ""VA"", ""VC"", ""VE"", ""VG"", ""VI"", ""VN"", ""VU"", ""WF"", ""WS"", ""YE"", ""YT"", ""ZA"", ""ZM"", ""ZW"", ""ZZ""]",#/components/schemas/CountryCode
STR_ADDRESS,country_code,REF_PAYS,F0083,$.definitions[].address.countryCode,EntityDetails; StructuredAddress,"[""CA"", ""US"", ""AD"", ""AE"", ""AF"", ""AG"", ""AI"", ""AL"", ""AM"", ""AN"", ""AO"", ""AQ"", ""AR"", ""AS"", ""AT"", ""AU"", ""AW"", ""AX"", ""AZ"", ""BA"", ""BB"", ""BD"", ""BE"", ""BF"", ""BG"", ""BH"", ""BI"", ""BJ"", ""BL"", ""BM"", ""BN"", ""BO"", ""BQ"", ""BR"", ""BS"", ""BT"", ""BV"", ""BW"", ""BY"", ""BZ"", ""CC"", ""CD"", ""CF"", ""CG"", ""CH"", ""CI"", ""CK"", ""CL"", ""CM"", ""CN"", ""CO"", ""CR"", ""CS"", ""CU"", ""CV"", ""CW"", ""CX"", ""CY"", ""CZ"", ""DE"", ""DJ"", ""DK"", ""DM"", ""DO"", ""DZ"", ""EC"", ""EE"", ""EG"", ""EH"", ""ER"", ""ES"", ""ET"", ""FI"", ""FJ"", ""FK"", ""FM"", ""FO"", ""FR"", ""FX"", ""GA"", ""GB"", ""GD"", ""GE"", ""GF"", ""GG"", ""GH"", ""GI"", ""GL"", ""GM"", ""GN"", ""GP"", ""GQ"", ""GR"", ""GS"", ""GT"", ""GU"", ""GW"", ""GY"", ""HK"", ""HM"", ""HN"", ""HR"", ""HT"", ""HU"", ""ID"", ""IE"", ""IL"", ""IM"", ""IN"", ""IO"", ""IQ"", ""IR"", ""IS"", ""IT"", ""JE"", ""JM"", ""JO"", ""JP"", ""KE"", ""KG"", ""KH"", ""KI"", ""KM"", ""KN"", ""KP"", ""KR"", ""KW"", ""KY"", ""KZ"", ""LA"", ""LB"", ""LC"", ""LI"", ""LK"", ""LR"", ""LS"", ""LT"", ""LU"", ""LV"", ""LY"", ""MA"", ""MC"", ""MD"", ""ME"", ""MF"", ""MG"", ""MH"", ""MK"", ""ML"", ""MM"", ""MN"", ""MO"", ""MP"", ""MQ"", ""MR"", ""MS"", ""MT"", ""MU"", ""MV"", ""MW"", ""MX"", ""MY"", ""MZ"", ""NA"", ""NC"", ""NE"", ""NF"", ""NG"", ""NI"", ""NL"", ""NO"", ""NP"", ""NR"", ""NU"", ""NZ"", ""OM"", ""PA"", ""PE"", ""PF"", ""PG"", ""PH"", ""PK"", ""PL"", ""PM"", ""PN"", ""PR"", ""PS"", ""PT"", ""PW"", ""PY"", ""QA"", ""RE"", ""RO"", ""RS"", ""RU"", ""RW"", ""SA"", ""SB"", ""SC"", ""SD"", ""SE"", ""SG"", ""SH"", ""SI"", ""SJ"", ""SK"", ""SL"", ""SM"", ""SN"", ""SO"", ""SR"", ""SS"", ""ST"", ""SV"", ""SX"", ""SY"", ""SZ"", ""TC"", ""TD"", ""TF"", ""TG"", ""TH"", ""TJ"", ""TK"", ""TL"", ""TM"", ""TN"", ""TO"", ""TR"", ""TT"", ""TV"", ""TW"", ""TZ"", ""UA"", ""UG"", ""UM"", ""UY"", ""UZ"", ""VA"", ""VC"", ""VE"", ""VG"", ""VI"", ""VN"", ""VU"", ""WF"", ""WS"", ""YE"", ""YT"", ""ZA"", ""ZM"", ""ZW"", ""ZZ""]",#/components/schemas/CountryCode
STR_ADDRESS,country_code,REF_PAYS,F0085,$.definitions[].address.countryCode,EntityDetails; UnstructuredAddress,"[""CA"", ""US"", ""AD"", ""AE"", ""AF"", ""AG"", ""AI"", ""AL"", ""AM"", ""AN"", ""AO"", ""AQ"", ""AR"", ""AS"", ""AT"", ""AU"", ""AW"", ""AX"", ""AZ"", ""BA"", ""BB"", ""BD"", ""BE"", ""BF"", ""BG"", ""BH"", ""BI"", ""BJ"", ""BL"", ""BM"", ""BN"", ""BO"", ""BQ"", ""BR"", ""BS"", ""BT"", ""BV"", ""BW"", ""BY"", ""BZ"", ""CC"", ""CD"", ""CF"", ""CG"", ""CH"", ""CI"", ""CK"", ""CL"", ""CM"", ""CN"", ""CO"", ""CR"", ""CS"", ""CU"", ""CV"", ""CW"", ""CX"", ""CY"", ""CZ"", ""DE"", ""DJ"", ""DK"", ""DM"", ""DO"", ""DZ"", ""EC"", ""EE"", ""EG"", ""EH"", ""ER"", ""ES"", ""ET"", ""FI"", ""FJ"", ""FK"", ""FM"", ""FO"", ""FR"", ""FX"", ""GA"", ""GB"", ""GD"", ""GE"", ""GF"", ""GG"", ""GH"", ""GI"", ""GL"", ""GM"", ""GN"", ""GP"", ""GQ"", ""GR"", ""GS"", ""GT"", ""GU"", ""GW"", ""GY"", ""HK"", ""HM"", ""HN"", ""HR"", ""HT"", ""HU"", ""ID"", ""IE"", ""IL"", ""IM"", ""IN"", ""IO"", ""IQ"", ""IR"", ""IS"", ""IT"", ""JE"", ""JM"", ""JO"", ""JP"", ""KE"", ""KG"", ""KH"", ""KI"", ""KM"", ""KN"", ""KP"", ""KR"", ""KW"", ""KY"", ""KZ"", ""LA"", ""LB"", ""LC"", ""LI"", ""LK"", ""LR"", ""LS"", ""LT"", ""LU"", ""LV"", ""LY"", ""MA"", ""MC"", ""MD"", ""ME"", ""MF"", ""MG"", ""MH"", ""MK"", ""ML"", ""MM"", ""MN"", ""MO"", ""MP"", ""MQ"", ""MR"", ""MS"", ""MT"", ""MU"", ""MV"", ""MW"", ""MX"", ""MY"", ""MZ"", ""NA"", ""NC"", ""NE"", ""NF"", ""NG"", ""NI"", ""NL"", ""NO"", ""NP"", ""NR"", ""NU"", ""NZ"", ""OM"", ""PA"", ""PE"", ""PF"", ""PG"", ""PH"", ""PK"", ""PL"", ""PM"", ""PN"", ""PR"", ""PS"", ""PT"", ""PW"", ""PY"", ""QA"", ""RE"", ""RO"", ""RS"", ""RU"", ""RW"", ""SA"", ""SB"", ""SC"", ""SD"", ""SE"", ""SG"", ""SH"", ""SI"", ""SJ"", ""SK"", ""SL"", ""SM"", ""SN"", ""SO"", ""SR"", ""SS"", ""ST"", ""SV"", ""SX"", ""SY"", ""SZ"", ""TC"", ""TD"", ""TF"", ""TG"", ""TH"", ""TJ"", ""TK"", ""TL"", ""TM"", ""TN"", ""TO"", ""TR"", ""TT"", ""TV"", ""TW"", ""TZ"", ""UA"", ""UG"", ""UM"", ""UY"", ""UZ"", ""VA"", ""VC"", ""VE"", ""VG"", ""VI"", ""VN"", ""VU"", ""WF"", ""WS"", ""YE"", ""YT"", ""ZA"", ""ZM"", ""ZW"", ""ZZ""]",#/components/schemas/CountryCode
STR_ADDRESS,country_code,REF_PAYS,F0128,$.definitions[].address.countryCode,personAndEmployerDetails; StructuredAddress,"[""CA"", ""US"", ""AD"", ""AE"", ""AF"", ""AG"", ""AI"", ""AL"", ""AM"", ""AN"", ""AO"", ""AQ"", ""AR"", ""AS"", ""AT"", ""AU"", ""AW"", ""AX"", ""AZ"", ""BA"", ""BB"", ""BD"", ""BE"", ""BF"", ""BG"", ""BH"", ""BI"", ""BJ"", ""BL"", ""BM"", ""BN"", ""BO"", ""BQ"", ""BR"", ""BS"", ""BT"", ""BV"", ""BW"", ""BY"", ""BZ"", ""CC"", ""CD"", ""CF"", ""CG"", ""CH"", ""CI"", ""CK"", ""CL"", ""CM"", ""CN"", ""CO"", ""CR"", ""CS"", ""CU"", ""CV"", ""CW"", ""CX"", ""CY"", ""CZ"", ""DE"", ""DJ"", ""DK"", ""DM"", ""DO"", ""DZ"", ""EC"", ""EE"", ""EG"", ""EH"", ""ER"", ""ES"", ""ET"", ""FI"", ""FJ"", ""FK"", ""FM"", ""FO"", ""FR"", ""FX"", ""GA"", ""GB"", ""GD"", ""GE"", ""GF"", ""GG"", ""GH"", ""GI"", ""GL"", ""GM"", ""GN"", ""GP"", ""GQ"", ""GR"", ""GS"", ""GT"", ""GU"", ""GW"", ""GY"", ""HK"", ""HM"", ""HN"", ""HR"", ""HT"", ""HU"", ""ID"", ""IE"", ""IL"", ""IM"", ""IN"", ""IO"", ""IQ"", ""IR"", ""IS"", ""IT"", ""JE"", ""JM"", ""JO"", ""JP"", ""KE"", ""KG"", ""KH"", ""KI"", ""KM"", ""KN"", ""KP"", ""KR"", ""KW"", ""KY"", ""KZ"", ""LA"", ""LB"", ""LC"", ""LI"", ""LK"", ""LR"", ""LS"", ""LT"", ""LU"", ""LV"", ""LY"", ""MA"", ""MC"", ""MD"", ""ME"", ""MF"", ""MG"", ""MH"", ""MK"", ""ML"", ""MM"", ""MN"", ""MO"", ""MP"", ""MQ"", ""MR"", ""MS"", ""MT"", ""MU"", ""MV"", ""MW"", ""MX"", ""MY"", ""MZ"", ""NA"", ""NC"", ""NE"", ""NF"", ""NG"", ""NI"", ""NL"", ""NO"", ""NP"", ""NR"", ""NU"", ""NZ"", ""OM"", ""PA"", ""PE"", ""PF"", ""PG"", ""PH"", ""PK"", ""PL"", ""PM"", ""PN"", ""PR"", ""PS"", ""PT"", ""PW"", ""PY"", ""QA"", ""RE"", ""RO"", ""RS"", ""RU"", ""RW"", ""SA"", ""SB"", ""SC"", ""SD"", ""SE"", ""SG"", ""SH"", ""SI"", ""SJ"", ""SK"", ""SL"", ""SM"", ""SN"", ""SO"", ""SR"", ""SS"", ""ST"", ""SV"", ""SX"", ""SY"", ""SZ"", ""TC"", ""TD"", ""TF"", ""TG"", ""TH"", ""TJ"", ""TK"", ""TL"", ""TM"", ""TN"", ""TO"", ""TR"", ""TT"", ""TV"", ""TW"", ""TZ"", ""UA"", ""UG"", ""UM"", ""UY"", ""UZ"", ""VA"", ""VC"", ""VE"", ""VG"", ""VI"", ""VN"", ""VU"", ""WF"", ""WS"", ""YE"", ""YT"", ""ZA"", ""ZM"", ""ZW"", ""ZZ""]",#/components/schemas/CountryCode
STR_ADDRESS,country_code,REF_PAYS,F0130,$.definitions[].address.countryCode,personAndEmployerDetails; UnstructuredAddress,"[""CA"", ""US"", ""AD"", ""AE"", ""AF"", ""AG"", ""AI"", ""AL"", ""AM"", ""AN"", ""AO"", ""AQ"", ""AR"", ""AS"", ""AT"", ""AU"", ""AW"", ""AX"", ""AZ"", ""BA"", ""BB"", ""BD"", ""BE"", ""BF"", ""BG"", ""BH"", ""BI"", ""BJ"", ""BL"", ""BM"", ""BN"", ""BO"", ""BQ"", ""BR"", ""BS"", ""BT"", ""BV"", ""BW"", ""BY"", ""BZ"", ""CC"", ""CD"", ""CF"", ""CG"", ""CH"", ""CI"", ""CK"", ""CL"", ""CM"", ""CN"", ""CO"", ""CR"", ""CS"", ""CU"", ""CV"", ""CW"", ""CX"", ""CY"", ""CZ"", ""DE"", ""DJ"", ""DK"", ""DM"", ""DO"", ""DZ"", ""EC"", ""EE"", ""EG"", ""EH"", ""ER"", ""ES"", ""ET"", ""FI"", ""FJ"", ""FK"", ""FM"", ""FO"", ""FR"", ""FX"", ""GA"", ""GB"", ""GD"", ""GE"", ""GF"", ""GG"", ""GH"", ""GI"", ""GL"", ""GM"", ""GN"", ""GP"", ""GQ"", ""GR"", ""GS"", ""GT"", ""GU"", ""GW"", ""GY"", ""HK"", ""HM"", ""HN"", ""HR"", ""HT"", ""HU"", ""ID"", ""IE"", ""IL"", ""IM"", ""IN"", ""IO"", ""IQ"", ""IR"", ""IS"", ""IT"", ""JE"", ""JM"", ""JO"", ""JP"", ""KE"", ""KG"", ""KH"", ""KI"", ""KM"", ""KN"", ""KP"", ""KR"", ""KW"", ""KY"", ""KZ"", ""LA"", ""LB"", ""LC"", ""LI"", ""LK"", ""LR"", ""LS"", ""LT"", ""LU"", ""LV"", ""LY"", ""MA"", ""MC"", ""MD"", ""ME"", ""MF"", ""MG"", ""MH"", ""MK"", ""ML"", ""MM"", ""MN"", ""MO"", ""MP"", ""MQ"", ""MR"", ""MS"", ""MT"", ""MU"", ""MV"", ""MW"", ""MX"", ""MY"", ""MZ"", ""NA"", ""NC"", ""NE"", ""NF"", ""NG"", ""NI"", ""NL"", ""NO"", ""NP"", ""NR"", ""NU"", ""NZ"", ""OM"", ""PA"", ""PE"", ""PF"", ""PG"", ""PH"", ""PK"", ""PL"", ""PM"", ""PN"", ""PR"", ""PS"", ""PT"", ""PW"", ""PY"", ""QA"", ""RE"", ""RO"", ""RS"", ""RU"", ""RW"", ""SA"", ""SB"", ""SC"", ""SD"", ""SE"", ""SG"", ""SH"", ""SI"", ""SJ"", ""SK"", ""SL"", ""SM"", ""SN"", ""SO"", ""SR"", ""SS"", ""ST"", ""SV"", ""SX"", ""SY"", ""SZ"", ""TC"", ""TD"", ""TF"", ""TG"", ""TH"", ""TJ"", ""TK"", ""TL"", ""TM"", ""TN"", ""TO"", ""TR"", ""TT"", ""TV"", ""TW"", ""TZ"", ""UA"", ""UG"", ""UM"", ""UY"", ""UZ"", ""VA"", ""VC"", ""VE"", ""VG"", ""VI"", ""VN"", ""VU"", ""WF"", ""WS"", ""YE"", ""YT"", ""ZA"", ""ZM"", ""ZW"", ""ZZ""]",#/components/schemas/CountryCode
STR_ADDRESS,country_code,REF_PAYS,F0153,$.definitions[].employerInformation.address.countryCode,personAndEmployerDetails; StructuredAddress,"[""CA"", ""US"", ""AD"", ""AE"", ""AF"", ""AG"", ""AI"", ""AL"", ""AM"", ""AN"", ""AO"", ""AQ"", ""AR"", ""AS"", ""AT"", ""AU"", ""AW"", ""AX"", ""AZ"", ""BA"", ""BB"", ""BD"", ""BE"", ""BF"", ""BG"", ""BH"", ""BI"", ""BJ"", ""BL"", ""BM"", ""BN"", ""BO"", ""BQ"", ""BR"", ""BS"", ""BT"", ""BV"", ""BW"", ""BY"", ""BZ"", ""CC"", ""CD"", ""CF"", ""CG"", ""CH"", ""CI"", ""CK"", ""CL"", ""CM"", ""CN"", ""CO"", ""CR"", ""CS"", ""CU"", ""CV"", ""CW"", ""CX"", ""CY"", ""CZ"", ""DE"", ""DJ"", ""DK"", ""DM"", ""DO"", ""DZ"", ""EC"", ""EE"", ""EG"", ""EH"", ""ER"", ""ES"", ""ET"", ""FI"", ""FJ"", ""FK"", ""FM"", ""FO"", ""FR"", ""FX"", ""GA"", ""GB"", ""GD"", ""GE"", ""GF"", ""GG"", ""GH"", ""GI"", ""GL"", ""GM"", ""GN"", ""GP"", ""GQ"", ""GR"", ""GS"", ""GT"", ""GU"", ""GW"", ""GY"", ""HK"", ""HM"", ""HN"", ""HR"", ""HT"", ""HU"", ""ID"", ""IE"", ""IL"", ""IM"", ""IN"", ""IO"", ""IQ"", ""IR"", ""IS"", ""IT"", ""JE"", ""JM"", ""JO"", ""JP"", ""KE"", ""KG"", ""KH"", ""KI"", ""KM"", ""KN"", ""KP"", ""KR"", ""KW"", ""KY"", ""KZ"", ""LA"", ""LB"", ""LC"", ""LI"", ""LK"", ""LR"", ""LS"", ""LT"", ""LU"", ""LV"", ""LY"", ""MA"", ""MC"", ""MD"", ""ME"", ""MF"", ""MG"", ""MH"", ""MK"", ""ML"", ""MM"", ""MN"", ""MO"", ""MP"", ""MQ"", ""MR"", ""MS"", ""MT"", ""MU"", ""MV"", ""MW"", ""MX"", ""MY"", ""MZ"", ""NA"", ""NC"", ""NE"", ""NF"", ""NG"", ""NI"", ""NL"", ""NO"", ""NP"", ""NR"", ""NU"", ""NZ"", ""OM"", ""PA"", ""PE"", ""PF"", ""PG"", ""PH"", ""PK"", ""PL"", ""PM"", ""PN"", ""PR"", ""PS"", ""PT"", ""PW"", ""PY"", ""QA"", ""RE"", ""RO"", ""RS"", ""RU"", ""RW"", ""SA"", ""SB"", ""SC"", ""SD"", ""SE"", ""SG"", ""SH"", ""SI"", ""SJ"", ""SK"", ""SL"", ""SM"", ""SN"", ""SO"", ""SR"", ""SS"", ""ST"", ""SV"", ""SX"", ""SY"", ""SZ"", ""TC"", ""TD"", ""TF"", ""TG"", ""TH"", ""TJ"", ""TK"", ""TL"", ""TM"", ""TN"", ""TO"", ""TR"", ""TT"", ""TV"", ""TW"", ""TZ"", ""UA"", ""UG"", ""UM"", ""UY"", ""UZ"", ""VA"", ""VC"", ""VE"", ""VG"", ""VI"", ""VN"", ""VU"", ""WF"", ""WS"", ""YE"", ""YT"", ""ZA"", ""ZM"", ""ZW"", ""ZZ""]",#/components/schemas/CountryCode
STR_ADDRESS,country_code,REF_PAYS,F0155,$.definitions[].employerInformation.address.countryCode,personAndEmployerDetails; UnstructuredAddress,"[""CA"", ""US"", ""AD"", ""AE"", ""AF"", ""AG"", ""AI"", ""AL"", ""AM"", ""AN"", ""AO"", ""AQ"", ""AR"", ""AS"", ""AT"", ""AU"", ""AW"", ""AX"", ""AZ"", ""BA"", ""BB"", ""BD"", ""BE"", ""BF"", ""BG"", ""BH"", ""BI"", ""BJ"", ""BL"", ""BM"", ""BN"", ""BO"", ""BQ"", ""BR"", ""BS"", ""BT"", ""BV"", ""BW"", ""BY"", ""BZ"", ""CC"", ""CD"", ""CF"", ""CG"", ""CH"", ""CI"", ""CK"", ""CL"", ""CM"", ""CN"", ""CO"", ""CR"", ""CS"", ""CU"", ""CV"", ""CW"", ""CX"", ""CY"", ""CZ"", ""DE"", ""DJ"", ""DK"", ""DM"", ""DO"", ""DZ"", ""EC"", ""EE"", ""EG"", ""EH"", ""ER"", ""ES"", ""ET"", ""FI"", ""FJ"", ""FK"", ""FM"", ""FO"", ""FR"", ""FX"", ""GA"", ""GB"", ""GD"", ""GE"", ""GF"", ""GG"", ""GH"", ""GI"", ""GL"", ""GM"", ""GN"", ""GP"", ""GQ"", ""GR"", ""GS"", ""GT"", ""GU"", ""GW"", ""GY"", ""HK"", ""HM"", ""HN"", ""HR"", ""HT"", ""HU"", ""ID"", ""IE"", ""IL"", ""IM"", ""IN"", ""IO"", ""IQ"", ""IR"", ""IS"", ""IT"", ""JE"", ""JM"", ""JO"", ""JP"", ""KE"", ""KG"", ""KH"", ""KI"", ""KM"", ""KN"", ""KP"", ""KR"", ""KW"", ""KY"", ""KZ"", ""LA"", ""LB"", ""LC"", ""LI"", ""LK"", ""LR"", ""LS"", ""LT"", ""LU"", ""LV"", ""LY"", ""MA"", ""MC"", ""MD"", ""ME"", ""MF"", ""MG"", ""MH"", ""MK"", ""ML"", ""MM"", ""MN"", ""MO"", ""MP"", ""MQ"", ""MR"", ""MS"", ""MT"", ""MU"", ""MV"", ""MW"", ""MX"", ""MY"", ""MZ"", ""NA"", ""NC"", ""NE"", ""NF"", ""NG"", ""NI"", ""NL"", ""NO"", ""NP"", ""NR"", ""NU"", ""NZ"", ""OM"", ""PA"", ""PE"", ""PF"", ""PG"", ""PH"", ""PK"", ""PL"", ""PM"", ""PN"", ""PR"", ""PS"", ""PT"", ""PW"", ""PY"", ""QA"", ""RE"", ""RO"", ""RS"", ""RU"", ""RW"", ""SA"", ""SB"", ""SC"", ""SD"", ""SE"", ""SG"", ""SH"", ""SI"", ""SJ"", ""SK"", ""SL"", ""SM"", ""SN"", ""SO"", ""SR"", ""SS"", ""ST"", ""SV"", ""SX"", ""SY"", ""SZ"", ""TC"", ""TD"", ""TF"", ""TG"", ""TH"", ""TJ"", ""TK"", ""TL"", ""TM"", ""TN"", ""TO"", ""TR"", ""TT"", ""TV"", ""TW"", ""TZ"", ""UA"", ""UG"", ""UM"", ""UY"", ""UZ"", ""VA"", ""VC"", ""VE"", ""VG"", ""VI"", ""VN"", ""VU"", ""WF"", ""WS"", ""YE"", ""YT"", ""ZA"", ""ZM"", ""ZW"", ""ZZ""]",#/components/schemas/CountryCode
STR_ADDRESS,country_code,REF_PAYS,F0185,$.definitions[].address.countryCode,entityAndBeneficialOwnershipDetails; StructuredAddress,"[""CA"", ""US"", ""AD"", ""AE"", ""AF"", ""AG"", ""AI"", ""AL"", ""AM"", ""AN"", ""AO"", ""AQ"", ""AR"", ""AS"", ""AT"", ""AU"", ""AW"", ""AX"", ""AZ"", ""BA"", ""BB"", ""BD"", ""BE"", ""BF"", ""BG"", ""BH"", ""BI"", ""BJ"", ""BL"", ""BM"", ""BN"", ""BO"", ""BQ"", ""BR"", ""BS"", ""BT"", ""BV"", ""BW"", ""BY"", ""BZ"", ""CC"", ""CD"", ""CF"", ""CG"", ""CH"", ""CI"", ""CK"", ""CL"", ""CM"", ""CN"", ""CO"", ""CR"", ""CS"", ""CU"", ""CV"", ""CW"", ""CX"", ""CY"", ""CZ"", ""DE"", ""DJ"", ""DK"", ""DM"", ""DO"", ""DZ"", ""EC"", ""EE"", ""EG"", ""EH"", ""ER"", ""ES"", ""ET"", ""FI"", ""FJ"", ""FK"", ""FM"", ""FO"", ""FR"", ""FX"", ""GA"", ""GB"", ""GD"", ""GE"", ""GF"", ""GG"", ""GH"", ""GI"", ""GL"", ""GM"", ""GN"", ""GP"", ""GQ"", ""GR"", ""GS"", ""GT"", ""GU"", ""GW"", ""GY"", ""HK"", ""HM"", ""HN"", ""HR"", ""HT"", ""HU"", ""ID"", ""IE"", ""IL"", ""IM"", ""IN"", ""IO"", ""IQ"", ""IR"", ""IS"", ""IT"", ""JE"", ""JM"", ""JO"", ""JP"", ""KE"", ""KG"", ""KH"", ""KI"", ""KM"", ""KN"", ""KP"", ""KR"", ""KW"", ""KY"", ""KZ"", ""LA"", ""LB"", ""LC"", ""LI"", ""LK"", ""LR"", ""LS"", ""LT"", ""LU"", ""LV"", ""LY"", ""MA"", ""MC"", ""MD"", ""ME"", ""MF"", ""MG"", ""MH"", ""MK"", ""ML"", ""MM"", ""MN"", ""MO"", ""MP"", ""MQ"", ""MR"", ""MS"", ""MT"", ""MU"", ""MV"", ""MW"", ""MX"", ""MY"", ""MZ"", ""NA"", ""NC"", ""NE"", ""NF"", ""NG"", ""NI"", ""NL"", ""NO"", ""NP"", ""NR"", ""NU"", ""NZ"", ""OM"", ""PA"", ""PE"", ""PF"", ""PG"", ""PH"", ""PK"", ""PL"", ""PM"", ""PN"", ""PR"", ""PS"", ""PT"", ""PW"", ""PY"", ""QA"", ""RE"", ""RO"", ""RS"", ""RU"", ""RW"", ""SA"", ""SB"", ""SC"", ""SD"", ""SE"", ""SG"", ""SH"", ""SI"", ""SJ"", ""SK"", ""SL"", ""SM"", ""SN"", ""SO"", ""SR"", ""SS"", ""ST"", ""SV"", ""SX"", ""SY"", ""SZ"", ""TC"", ""TD"", ""TF"", ""TG"", ""TH"", ""TJ"", ""TK"", ""TL"", ""TM"", ""TN"", ""TO"", ""TR"", ""TT"", ""TV"", ""TW"", ""TZ"", ""UA"", ""UG"", ""UM"", ""UY"", ""UZ"", ""VA"", ""VC"", ""VE"", ""VG"", ""VI"", ""VN"", ""VU"", ""WF"", ""WS"", ""YE"", ""YT"", ""ZA"", ""ZM"", ""ZW"", ""ZZ""]",#/components/schemas/CountryCode
STR_ADDRESS,country_code,REF_PAYS,F0187,$.definitions[].address.countryCode,entityAndBeneficialOwnershipDetails; UnstructuredAddress,"[""CA"", ""US"", ""AD"", ""AE"", ""AF"", ""AG"", ""AI"", ""AL"", ""AM"", ""AN"", ""AO"", ""AQ"", ""AR"", ""AS"", ""AT"", ""AU"", ""AW"", ""AX"", ""AZ"", ""BA"", ""BB"", ""BD"", ""BE"", ""BF"", ""BG"", ""BH"", ""BI"", ""BJ"", ""BL"", ""BM"", ""BN"", ""BO"", ""BQ"", ""BR"", ""BS"", ""BT"", ""BV"", ""BW"", ""BY"", ""BZ"", ""CC"", ""CD"", ""CF"", ""CG"", ""CH"", ""CI"", ""CK"", ""CL"", ""CM"", ""CN"", ""CO"", ""CR"", ""CS"", ""CU"", ""CV"", ""CW"", ""CX"", ""CY"", ""CZ"", ""DE"", ""DJ"", ""DK"", ""DM"", ""DO"", ""DZ"", ""EC"", ""EE"", ""EG"", ""EH"", ""ER"", ""ES"", ""ET"", ""FI"", ""FJ"", ""FK"", ""FM"", ""FO"", ""FR"", ""FX"", ""GA"", ""GB"", ""GD"", ""GE"", ""GF"", ""GG"", ""GH"", ""GI"", ""GL"", ""GM"", ""GN"", ""GP"", ""GQ"", ""GR"", ""GS"", ""GT"", ""GU"", ""GW"", ""GY"", ""HK"", ""HM"", ""HN"", ""HR"", ""HT"", ""HU"", ""ID"", ""IE"", ""IL"", ""IM"", ""IN"", ""IO"", ""IQ"", ""IR"", ""IS"", ""IT"", ""JE"", ""JM"", ""JO"", ""JP"", ""KE"", ""KG"", ""KH"", ""KI"", ""KM"", ""KN"", ""KP"", ""KR"", ""KW"", ""KY"", ""KZ"", ""LA"", ""LB"", ""LC"", ""LI"", ""LK"", ""LR"", ""LS"", ""LT"", ""LU"", ""LV"", ""LY"", ""MA"", ""MC"", ""MD"", ""ME"", ""MF"", ""MG"", ""MH"", ""MK"", ""ML"", ""MM"", ""MN"", ""MO"", ""MP"", ""MQ"", ""MR"", ""MS"", ""MT"", ""MU"", ""MV"", ""MW"", ""MX"", ""MY"", ""MZ"", ""NA"", ""NC"", ""NE"", ""NF"", ""NG"", ""NI"", ""NL"", ""NO"", ""NP"", ""NR"", ""NU"", ""NZ"", ""OM"", ""PA"", ""PE"", ""PF"", ""PG"", ""PH"", ""PK"", ""PL"", ""PM"", ""PN"", ""PR"", ""PS"", ""PT"", ""PW"", ""PY"", ""QA"", ""RE"", ""RO"", ""RS"", ""RU"", ""RW"", ""SA"", ""SB"", ""SC"", ""SD"", ""SE"", ""SG"", ""SH"", ""SI"", ""SJ"", ""SK"", ""SL"", ""SM"", ""SN"", ""SO"", ""SR"", ""SS"", ""ST"", ""SV"", ""SX"", ""SY"", ""SZ"", ""TC"", ""TD"", ""TF"", ""TG"", ""TH"", ""TJ"", ""TK"", ""TL"", ""TM"", ""TN"", ""TO"", ""TR"", ""TT"", ""TV"", ""TW"", ""TZ"", ""UA"", ""UG"", ""UM"", ""UY"", ""UZ"", ""VA"", ""VC"", ""VE"", ""VG"", ""VI"", ""VN"", ""VU"", ""WF"", ""WS"", ""YE"", ""YT"", ""ZA"", ""ZM"", ""ZW"", ""ZZ""]",#/components/schemas/CountryCode
STR_ADDRESS,country_code,REF_PAYS,F0232,$.definitions[].directorsOfCorporation[].address.countryCode,entityAndBeneficialOwnershipDetails; StructuredAddress,"[""CA"", ""US"", ""AD"", ""AE"", ""AF"", ""AG"", ""AI"", ""AL"", ""AM"", ""AN"", ""AO"", ""AQ"", ""AR"", ""AS"", ""AT"", ""AU"", ""AW"", ""AX"", ""AZ"", ""BA"", ""BB"", ""BD"", ""BE"", ""BF"", ""BG"", ""BH"", ""BI"", ""BJ"", ""BL"", ""BM"", ""BN"", ""BO"", ""BQ"", ""BR"", ""BS"", ""BT"", ""BV"", ""BW"", ""BY"", ""BZ"", ""CC"", ""CD"", ""CF"", ""CG"", ""CH"", ""CI"", ""CK"", ""CL"", ""CM"", ""CN"", ""CO"", ""CR"", ""CS"", ""CU"", ""CV"", ""CW"", ""CX"", ""CY"", ""CZ"", ""DE"", ""DJ"", ""DK"", ""DM"", ""DO"", ""DZ"", ""EC"", ""EE"", ""EG"", ""EH"", ""ER"", ""ES"", ""ET"", ""FI"", ""FJ"", ""FK"", ""FM"", ""FO"", ""FR"", ""FX"", ""GA"", ""GB"", ""GD"", ""GE"", ""GF"", ""GG"", ""GH"", ""GI"", ""GL"", ""GM"", ""GN"", ""GP"", ""GQ"", ""GR"", ""GS"", ""GT"", ""GU"", ""GW"", ""GY"", ""HK"", ""HM"", ""HN"", ""HR"", ""HT"", ""HU"", ""ID"", ""IE"", ""IL"", ""IM"", ""IN"", ""IO"", ""IQ"", ""IR"", ""IS"", ""IT"", ""JE"", ""JM"", ""JO"", ""JP"", ""KE"", ""KG"", ""KH"", ""KI"", ""KM"", ""KN"", ""KP"", ""KR"", ""KW"", ""KY"", ""KZ"", ""LA"", ""LB"", ""LC"", ""LI"", ""LK"", ""LR"", ""LS"", ""LT"", ""LU"", ""LV"", ""LY"", ""MA"", ""MC"", ""MD"", ""ME"", ""MF"", ""MG"", ""MH"", ""MK"", ""ML"", ""MM"", ""MN"", ""MO"", ""MP"", ""MQ"", ""MR"", ""MS"", ""MT"", ""MU"", ""MV"", ""MW"", ""MX"", ""MY"", ""MZ"", ""NA"", ""NC"", ""NE"", ""NF"", ""NG"", ""NI"", ""NL"", ""NO"", ""NP"", ""NR"", ""NU"", ""NZ"", ""OM"", ""PA"", ""PE"", ""PF"", ""PG"", ""PH"", ""PK"", ""PL"", ""PM"", ""PN"", ""PR"", ""PS"", ""PT"", ""PW"", ""PY"", ""QA"", ""RE"", ""RO"", ""RS"", ""RU"", ""RW"", ""SA"", ""SB"", ""SC"", ""SD"", ""SE"", ""SG"", ""SH"", ""SI"", ""SJ"", ""SK"", ""SL"", ""SM"", ""SN"", ""SO"", ""SR"", ""SS"", ""ST"", ""SV"", ""SX"", ""SY"", ""SZ"", ""TC"", ""TD"", ""TF"", ""TG"", ""TH"", ""TJ"", ""TK"", ""TL"", ""TM"", ""TN"", ""TO"", ""TR"", ""TT"", ""TV"", ""TW"", ""TZ"", ""UA"", ""UG"", ""UM"", ""UY"", ""UZ"", ""VA"", ""VC"", ""VE"", ""VG"", ""VI"", ""VN"", ""VU"", ""WF"", ""WS"", ""YE"", ""YT"", ""ZA"", ""ZM"", ""ZW"", ""ZZ""]",#/components/schemas/CountryCode
STR_ADDRESS,country_code,REF_PAYS,F0234,$.definitions[].directorsOfCorporation[].address.countryCode,entityAndBeneficialOwnershipDetails; UnstructuredAddress,"[""CA"", ""US"", ""AD"", ""AE"", ""AF"", ""AG"", ""AI"", ""AL"", ""AM"", ""AN"", ""AO"", ""AQ"", ""AR"", ""AS"", ""AT"", ""AU"", ""AW"", ""AX"", ""AZ"", ""BA"", ""BB"", ""BD"", ""BE"", ""BF"", ""BG"", ""BH"", ""BI"", ""BJ"", ""BL"", ""BM"", ""BN"", ""BO"", ""BQ"", ""BR"", ""BS"", ""BT"", ""BV"", ""BW"", ""BY"", ""BZ"", ""CC"", ""CD"", ""CF"", ""CG"", ""CH"", ""CI"", ""CK"", ""CL"", ""CM"", ""CN"", ""CO"", ""CR"", ""CS"", ""CU"", ""CV"", ""CW"", ""CX"", ""CY"", ""CZ"", ""DE"", ""DJ"", ""DK"", ""DM"", ""DO"", ""DZ"", ""EC"", ""EE"", ""EG"", ""EH"", ""ER"", ""ES"", ""ET"", ""FI"", ""FJ"", ""FK"", ""FM"", ""FO"", ""FR"", ""FX"", ""GA"", ""GB"", ""GD"", ""GE"", ""GF"", ""GG"", ""GH"", ""GI"", ""GL"", ""GM"", ""GN"", ""GP"", ""GQ"", ""GR"", ""GS"", ""GT"", ""GU"", ""GW"", ""GY"", ""HK"", ""HM"", ""HN"", ""HR"", ""HT"", ""HU"", ""ID"", ""IE"", ""IL"", ""IM"", ""IN"", ""IO"", ""IQ"", ""IR"", ""IS"", ""IT"", ""JE"", ""JM"", ""JO"", ""JP"", ""KE"", ""KG"", ""KH"", ""KI"", ""KM"", ""KN"", ""KP"", ""KR"", ""KW"", ""KY"", ""KZ"", ""LA"", ""LB"", ""LC"", ""LI"", ""LK"", ""LR"", ""LS"", ""LT"", ""LU"", ""LV"", ""LY"", ""MA"", ""MC"", ""MD"", ""ME"", ""MF"", ""MG"", ""MH"", ""MK"", ""ML"", ""MM"", ""MN"", ""MO"", ""MP"", ""MQ"", ""MR"", ""MS"", ""MT"", ""MU"", ""MV"", ""MW"", ""MX"", ""MY"", ""MZ"", ""NA"", ""NC"", ""NE"", ""NF"", ""NG"", ""NI"", ""NL"", ""NO"", ""NP"", ""NR"", ""NU"", ""NZ"", ""OM"", ""PA"", ""PE"", ""PF"", ""PG"", ""PH"", ""PK"", ""PL"", ""PM"", ""PN"", ""PR"", ""PS"", ""PT"", ""PW"", ""PY"", ""QA"", ""RE"", ""RO"", ""RS"", ""RU"", ""RW"", ""SA"", ""SB"", ""SC"", ""SD"", ""SE"", ""SG"", ""SH"", ""SI"", ""SJ"", ""SK"", ""SL"", ""SM"", ""SN"", ""SO"", ""SR"", ""SS"", ""ST"", ""SV"", ""SX"", ""SY"", ""SZ"", ""TC"", ""TD"", ""TF"", ""TG"", ""TH"", ""TJ"", ""TK"", ""TL"", ""TM"", ""TN"", ""TO"", ""TR"", ""TT"", ""TV"", ""TW"", ""TZ"", ""UA"", ""UG"", ""UM"", ""UY"", ""UZ"", ""VA"", ""VC"", ""VE"", ""VG"", ""VI"", ""VN"", ""VU"", ""WF"", ""WS"", ""YE"", ""YT"", ""ZA"", ""ZM"", ""ZW"", ""ZZ""]",#/components/schemas/CountryCode
STR_ADDRESS,country_code,REF_PAYS,F0258,$.definitions[].trusteesOfTrust[].address.countryCode,entityAndBeneficialOwnershipDetails; StructuredAddress,"[""CA"", ""US"", ""AD"", ""AE"", ""AF"", ""AG"", ""AI"", ""AL"", ""AM"", ""AN"", ""AO"", ""AQ"", ""AR"", ""AS"", ""AT"", ""AU"", ""AW"", ""AX"", ""AZ"", ""BA"", ""BB"", ""BD"", ""BE"", ""BF"", ""BG"", ""BH"", ""BI"", ""BJ"", ""BL"", ""BM"", ""BN"", ""BO"", ""BQ"", ""BR"", ""BS"", ""BT"", ""BV"", ""BW"", ""BY"", ""BZ"", ""CC"", ""CD"", ""CF"", ""CG"", ""CH"", ""CI"", ""CK"", ""CL"", ""CM"", ""CN"", ""CO"", ""CR"", ""CS"", ""CU"", ""CV"", ""CW"", ""CX"", ""CY"", ""CZ"", ""DE"", ""DJ"", ""DK"", ""DM"", ""DO"", ""DZ"", ""EC"", ""EE"", ""EG"", ""EH"", ""ER"", ""ES"", ""ET"", ""FI"", ""FJ"", ""FK"", ""FM"", ""FO"", ""FR"", ""FX"", ""GA"", ""GB"", ""GD"", ""GE"", ""GF"", ""GG"", ""GH"", ""GI"", ""GL"", ""GM"", ""GN"", ""GP"", ""GQ"", ""GR"", ""GS"", ""GT"", ""GU"", ""GW"", ""GY"", ""HK"", ""HM"", ""HN"", ""HR"", ""HT"", ""HU"", ""ID"", ""IE"", ""IL"", ""IM"", ""IN"", ""IO"", ""IQ"", ""IR"", ""IS"", ""IT"", ""JE"", ""JM"", ""JO"", ""JP"", ""KE"", ""KG"", ""KH"", ""KI"", ""KM"", ""KN"", ""KP"", ""KR"", ""KW"", ""KY"", ""KZ"", ""LA"", ""LB"", ""LC"", ""LI"", ""LK"", ""LR"", ""LS"", ""LT"", ""LU"", ""LV"", ""LY"", ""MA"", ""MC"", ""MD"", ""ME"", ""MF"", ""MG"", ""MH"", ""MK"", ""ML"", ""MM"", ""MN"", ""MO"", ""MP"", ""MQ"", ""MR"", ""MS"", ""MT"", ""MU"", ""MV"", ""MW"", ""MX"", ""MY"", ""MZ"", ""NA"", ""NC"", ""NE"", ""NF"", ""NG"", ""NI"", ""NL"", ""NO"", ""NP"", ""NR"", ""NU"", ""NZ"", ""OM"", ""PA"", ""PE"", ""PF"", ""PG"", ""PH"", ""PK"", ""PL"", ""PM"", ""PN"", ""PR"", ""PS"", ""PT"", ""PW"", ""PY"", ""QA"", ""RE"", ""RO"", ""RS"", ""RU"", ""RW"", ""SA"", ""SB"", ""SC"", ""SD"", ""SE"", ""SG"", ""SH"", ""SI"", ""SJ"", ""SK"", ""SL"", ""SM"", ""SN"", ""SO"", ""SR"", ""SS"", ""ST"", ""SV"", ""SX"", ""SY"", ""SZ"", ""TC"", ""TD"", ""TF"", ""TG"", ""TH"", ""TJ"", ""TK"", ""TL"", ""TM"", ""TN"", ""TO"", ""TR"", ""TT"", ""TV"", ""TW"", ""TZ"", ""UA"", ""UG"", ""UM"", ""UY"", ""UZ"", ""VA"", ""VC"", ""VE"", ""VG"", ""VI"", ""VN"", ""VU"", ""WF"", ""WS"", ""YE"", ""YT"", ""ZA"", ""ZM"", ""ZW"", ""ZZ""]",#/components/schemas/CountryCode
STR_ADDRESS,country_code,REF_PAYS,F0260,$.definitions[].trusteesOfTrust[].address.countryCode,entityAndBeneficialOwnershipDetails; UnstructuredAddress,"[""CA"", ""US"", ""AD"", ""AE"", ""AF"", ""AG"", ""AI"", ""AL"", ""AM"", ""AN"", ""AO"", ""AQ"", ""AR"", ""AS"", ""AT"", ""AU"", ""AW"", ""AX"", ""AZ"", ""BA"", ""BB"", ""BD"", ""BE"", ""BF"", ""BG"", ""BH"", ""BI"", ""BJ"", ""BL"", ""BM"", ""BN"", ""BO"", ""BQ"", ""BR"", ""BS"", ""BT"", ""BV"", ""BW"", ""BY"", ""BZ"", ""CC"", ""CD"", ""CF"", ""CG"", ""CH"", ""CI"", ""CK"", ""CL"", ""CM"", ""CN"", ""CO"", ""CR"", ""CS"", ""CU"", ""CV"", ""CW"", ""CX"", ""CY"", ""CZ"", ""DE"", ""DJ"", ""DK"", ""DM"", ""DO"", ""DZ"", ""EC"", ""EE"", ""EG"", ""EH"", ""ER"", ""ES"", ""ET"", ""FI"", ""FJ"", ""FK"", ""FM"", ""FO"", ""FR"", ""FX"", ""GA"", ""GB"", ""GD"", ""GE"", ""GF"", ""GG"", ""GH"", ""GI"", ""GL"", ""GM"", ""GN"", ""GP"", ""GQ"", ""GR"", ""GS"", ""GT"", ""GU"", ""GW"", ""GY"", ""HK"", ""HM"", ""HN"", ""HR"", ""HT"", ""HU"", ""ID"", ""IE"", ""IL"", ""IM"", ""IN"", ""IO"", ""IQ"", ""IR"", ""IS"", ""IT"", ""JE"", ""JM"", ""JO"", ""JP"", ""KE"", ""KG"", ""KH"", ""KI"", ""KM"", ""KN"", ""KP"", ""KR"", ""KW"", ""KY"", ""KZ"", ""LA"", ""LB"", ""LC"", ""LI"", ""LK"", ""LR"", ""LS"", ""LT"", ""LU"", ""LV"", ""LY"", ""MA"", ""MC"", ""MD"", ""ME"", ""MF"", ""MG"", ""MH"", ""MK"", ""ML"", ""MM"", ""MN"", ""MO"", ""MP"", ""MQ"", ""MR"", ""MS"", ""MT"", ""MU"", ""MV"", ""MW"", ""MX"", ""MY"", ""MZ"", ""NA"", ""NC"", ""NE"", ""NF"", ""NG"", ""NI"", ""NL"", ""NO"", ""NP"", ""NR"", ""NU"", ""NZ"", ""OM"", ""PA"", ""PE"", ""PF"", ""PG"", ""PH"", ""PK"", ""PL"", ""PM"", ""PN"", ""PR"", ""PS"", ""PT"", ""PW"", ""PY"", ""QA"", ""RE"", ""RO"", ""RS"", ""RU"", ""RW"", ""SA"", ""SB"", ""SC"", ""SD"", ""SE"", ""SG"", ""SH"", ""SI"", ""SJ"", ""SK"", ""SL"", ""SM"", ""SN"", ""SO"", ""SR"", ""SS"", ""ST"", ""SV"", ""SX"", ""SY"", ""SZ"", ""TC"", ""TD"", ""TF"", ""TG"", ""TH"", ""TJ"", ""TK"", ""TL"", ""TM"", ""TN"", ""TO"", ""TR"", ""TT"", ""TV"", ""TW"", ""TZ"", ""UA"", ""UG"", ""UM"", ""UY"", ""UZ"", ""VA"", ""VC"", ""VE"", ""VG"", ""VI"", ""VN"", ""VU"", ""WF"", ""WS"", ""YE"", ""YT"", ""ZA"", ""ZM"", ""ZW"", ""ZZ""]",#/components/schemas/CountryCode
STR_ADDRESS,country_code,REF_PAYS,F0281,$.definitions[].settlorsOfTrust[].address.countryCode,entityAndBeneficialOwnershipDetails; StructuredAddress,"[""CA"", ""US"", ""AD"", ""AE"", ""AF"", ""AG"", ""AI"", ""AL"", ""AM"", ""AN"", ""AO"", ""AQ"", ""AR"", ""AS"", ""AT"", ""AU"", ""AW"", ""AX"", ""AZ"", ""BA"", ""BB"", ""BD"", ""BE"", ""BF"", ""BG"", ""BH"", ""BI"", ""BJ"", ""BL"", ""BM"", ""BN"", ""BO"", ""BQ"", ""BR"", ""BS"", ""BT"", ""BV"", ""BW"", ""BY"", ""BZ"", ""CC"", ""CD"", ""CF"", ""CG"", ""CH"", ""CI"", ""CK"", ""CL"", ""CM"", ""CN"", ""CO"", ""CR"", ""CS"", ""CU"", ""CV"", ""CW"", ""CX"", ""CY"", ""CZ"", ""DE"", ""DJ"", ""DK"", ""DM"", ""DO"", ""DZ"", ""EC"", ""EE"", ""EG"", ""EH"", ""ER"", ""ES"", ""ET"", ""FI"", ""FJ"", ""FK"", ""FM"", ""FO"", ""FR"", ""FX"", ""GA"", ""GB"", ""GD"", ""GE"", ""GF"", ""GG"", ""GH"", ""GI"", ""GL"", ""GM"", ""GN"", ""GP"", ""GQ"", ""GR"", ""GS"", ""GT"", ""GU"", ""GW"", ""GY"", ""HK"", ""HM"", ""HN"", ""HR"", ""HT"", ""HU"", ""ID"", ""IE"", ""IL"", ""IM"", ""IN"", ""IO"", ""IQ"", ""IR"", ""IS"", ""IT"", ""JE"", ""JM"", ""JO"", ""JP"", ""KE"", ""KG"", ""KH"", ""KI"", ""KM"", ""KN"", ""KP"", ""KR"", ""KW"", ""KY"", ""KZ"", ""LA"", ""LB"", ""LC"", ""LI"", ""LK"", ""LR"", ""LS"", ""LT"", ""LU"", ""LV"", ""LY"", ""MA"", ""MC"", ""MD"", ""ME"", ""MF"", ""MG"", ""MH"", ""MK"", ""ML"", ""MM"", ""MN"", ""MO"", ""MP"", ""MQ"", ""MR"", ""MS"", ""MT"", ""MU"", ""MV"", ""MW"", ""MX"", ""MY"", ""MZ"", ""NA"", ""NC"", ""NE"", ""NF"", ""NG"", ""NI"", ""NL"", ""NO"", ""NP"", ""NR"", ""NU"", ""NZ"", ""OM"", ""PA"", ""PE"", ""PF"", ""PG"", ""PH"", ""PK"", ""PL"", ""PM"", ""PN"", ""PR"", ""PS"", ""PT"", ""PW"", ""PY"", ""QA"", ""RE"", ""RO"", ""RS"", ""RU"", ""RW"", ""SA"", ""SB"", ""SC"", ""SD"", ""SE"", ""SG"", ""SH"", ""SI"", ""SJ"", ""SK"", ""SL"", ""SM"", ""SN"", ""SO"", ""SR"", ""SS"", ""ST"", ""SV"", ""SX"", ""SY"", ""SZ"", ""TC"", ""TD"", ""TF"", ""TG"", ""TH"", ""TJ"", ""TK"", ""TL"", ""TM"", ""TN"", ""TO"", ""TR"", ""TT"", ""TV"", ""TW"", ""TZ"", ""UA"", ""UG"", ""UM"", ""UY"", ""UZ"", ""VA"", ""VC"", ""VE"", ""VG"", ""VI"", ""VN"", ""VU"", ""WF"", ""WS"", ""YE"", ""YT"", ""ZA"", ""ZM"", ""ZW"", ""ZZ""]",#/components/schemas/CountryCode
STR_ADDRESS,country_code,REF_PAYS,F0283,$.definitions[].settlorsOfTrust[].address.countryCode,entityAndBeneficialOwnershipDetails; UnstructuredAddress,"[""CA"", ""US"", ""AD"", ""AE"", ""AF"", ""AG"", ""AI"", ""AL"", ""AM"", ""AN"", ""AO"", ""AQ"", ""AR"", ""AS"", ""AT"", ""AU"", ""AW"", ""AX"", ""AZ"", ""BA"", ""BB"", ""BD"", ""BE"", ""BF"", ""BG"", ""BH"", ""BI"", ""BJ"", ""BL"", ""BM"", ""BN"", ""BO"", ""BQ"", ""BR"", ""BS"", ""BT"", ""BV"", ""BW"", ""BY"", ""BZ"", ""CC"", ""CD"", ""CF"", ""CG"", ""CH"", ""CI"", ""CK"", ""CL"", ""CM"", ""CN"", ""CO"", ""CR"", ""CS"", ""CU"", ""CV"", ""CW"", ""CX"", ""CY"", ""CZ"", ""DE"", ""DJ"", ""DK"", ""DM"", ""DO"", ""DZ"", ""EC"", ""EE"", ""EG"", ""EH"", ""ER"", ""ES"", ""ET"", ""FI"", ""FJ"", ""FK"", ""FM"", ""FO"", ""FR"", ""FX"", ""GA"", ""GB"", ""GD"", ""GE"", ""GF"", ""GG"", ""GH"", ""GI"", ""GL"", ""GM"", ""GN"", ""GP"", ""GQ"", ""GR"", ""GS"", ""GT"", ""GU"", ""GW"", ""GY"", ""HK"", ""HM"", ""HN"", ""HR"", ""HT"", ""HU"", ""ID"", ""IE"", ""IL"", ""IM"", ""IN"", ""IO"", ""IQ"", ""IR"", ""IS"", ""IT"", ""JE"", ""JM"", ""JO"", ""JP"", ""KE"", ""KG"", ""KH"", ""KI"", ""KM"", ""KN"", ""KP"", ""KR"", ""KW"", ""KY"", ""KZ"", ""LA"", ""LB"", ""LC"", ""LI"", ""LK"", ""LR"", ""LS"", ""LT"", ""LU"", ""LV"", ""LY"", ""MA"", ""MC"", ""MD"", ""ME"", ""MF"", ""MG"", ""MH"", ""MK"", ""ML"", ""MM"", ""MN"", ""MO"", ""MP"", ""MQ"", ""MR"", ""MS"", ""MT"", ""MU"", ""MV"", ""MW"", ""MX"", ""MY"", ""MZ"", ""NA"", ""NC"", ""NE"", ""NF"", ""NG"", ""NI"", ""NL"", ""NO"", ""NP"", ""NR"", ""NU"", ""NZ"", ""OM"", ""PA"", ""PE"", ""PF"", ""PG"", ""PH"", ""PK"", ""PL"", ""PM"", ""PN"", ""PR"", ""PS"", ""PT"", ""PW"", ""PY"", ""QA"", ""RE"", ""RO"", ""RS"", ""RU"", ""RW"", ""SA"", ""SB"", ""SC"", ""SD"", ""SE"", ""SG"", ""SH"", ""SI"", ""SJ"", ""SK"", ""SL"", ""SM"", ""SN"", ""SO"", ""SR"", ""SS"", ""ST"", ""SV"", ""SX"", ""SY"", ""SZ"", ""TC"", ""TD"", ""TF"", ""TG"", ""TH"", ""TJ"", ""TK"", ""TL"", ""TM"", ""TN"", ""TO"", ""TR"", ""TT"", ""TV"", ""TW"", ""TZ"", ""UA"", ""UG"", ""UM"", ""UY"", ""UZ"", ""VA"", ""VC"", ""VE"", ""VG"", ""VI"", ""VN"", ""VU"", ""WF"", ""WS"", ""YE"", ""YT"", ""ZA"", ""ZM"", ""ZW"", ""ZZ""]",#/components/schemas/CountryCode
STR_ADDRESS,country_code,REF_PAYS,F0304,$.definitions[].personsOwningUnitsOfTrust[].address.countryCode,entityAndBeneficialOwnershipDetails; StructuredAddress,"[""CA"", ""US"", ""AD"", ""AE"", ""AF"", ""AG"", ""AI"", ""AL"", ""AM"", ""AN"", ""AO"", ""AQ"", ""AR"", ""AS"", ""AT"", ""AU"", ""AW"", ""AX"", ""AZ"", ""BA"", ""BB"", ""BD"", ""BE"", ""BF"", ""BG"", ""BH"", ""BI"", ""BJ"", ""BL"", ""BM"", ""BN"", ""BO"", ""BQ"", ""BR"", ""BS"", ""BT"", ""BV"", ""BW"", ""BY"", ""BZ"", ""CC"", ""CD"", ""CF"", ""CG"", ""CH"", ""CI"", ""CK"", ""CL"", ""CM"", ""CN"", ""CO"", ""CR"", ""CS"", ""CU"", ""CV"", ""CW"", ""CX"", ""CY"", ""CZ"", ""DE"", ""DJ"", ""DK"", ""DM"", ""DO"", ""DZ"", ""EC"", ""EE"", ""EG"", ""EH"", ""ER"", ""ES"", ""ET"", ""FI"", ""FJ"", ""FK"", ""FM"", ""FO"", ""FR"", ""FX"", ""GA"", ""GB"", ""GD"", ""GE"", ""GF"", ""GG"", ""GH"", ""GI"", ""GL"", ""GM"", ""GN"", ""GP"", ""GQ"", ""GR"", ""GS"", ""GT"", ""GU"", ""GW"", ""GY"", ""HK"", ""HM"", ""HN"", ""HR"", ""HT"", ""HU"", ""ID"", ""IE"", ""IL"", ""IM"", ""IN"", ""IO"", ""IQ"", ""IR"", ""IS"", ""IT"", ""JE"", ""JM"", ""JO"", ""JP"", ""KE"", ""KG"", ""KH"", ""KI"", ""KM"", ""KN"", ""KP"", ""KR"", ""KW"", ""KY"", ""KZ"", ""LA"", ""LB"", ""LC"", ""LI"", ""LK"", ""LR"", ""LS"", ""LT"", ""LU"", ""LV"", ""LY"", ""MA"", ""MC"", ""MD"", ""ME"", ""MF"", ""MG"", ""MH"", ""MK"", ""ML"", ""MM"", ""MN"", ""MO"", ""MP"", ""MQ"", ""MR"", ""MS"", ""MT"", ""MU"", ""MV"", ""MW"", ""MX"", ""MY"", ""MZ"", ""NA"", ""NC"", ""NE"", ""NF"", ""NG"", ""NI"", ""NL"", ""NO"", ""NP"", ""NR"", ""NU"", ""NZ"", ""OM"", ""PA"", ""PE"", ""PF"", ""PG"", ""PH"", ""PK"", ""PL"", ""PM"", ""PN"", ""PR"", ""PS"", ""PT"", ""PW"", ""PY"", ""QA"", ""RE"", ""RO"", ""RS"", ""RU"", ""RW"", ""SA"", ""SB"", ""SC"", ""SD"", ""SE"", ""SG"", ""SH"", ""SI"", ""SJ"", ""SK"", ""SL"", ""SM"", ""SN"", ""SO"", ""SR"", ""SS"", ""ST"", ""SV"", ""SX"", ""SY"", ""SZ"", ""TC"", ""TD"", ""TF"", ""TG"", ""TH"", ""TJ"", ""TK"", ""TL"", ""TM"", ""TN"", ""TO"", ""TR"", ""TT"", ""TV"", ""TW"", ""TZ"", ""UA"", ""UG"", ""UM"", ""UY"", ""UZ"", ""VA"", ""VC"", ""VE"", ""VG"", ""VI"", ""VN"", ""VU"", ""WF"", ""WS"", ""YE"", ""YT"", ""ZA"", ""ZM"", ""ZW"", ""ZZ""]",#/components/schemas/CountryCode
STR_ADDRESS,country_code,REF_PAYS,F0306,$.definitions[].personsOwningUnitsOfTrust[].address.countryCode,entityAndBeneficialOwnershipDetails; UnstructuredAddress,"[""CA"", ""US"", ""AD"", ""AE"", ""AF"", ""AG"", ""AI"", ""AL"", ""AM"", ""AN"", ""AO"", ""AQ"", ""AR"", ""AS"", ""AT"", ""AU"", ""AW"", ""AX"", ""AZ"", ""BA"", ""BB"", ""BD"", ""BE"", ""BF"", ""BG"", ""BH"", ""BI"", ""BJ"", ""BL"", ""BM"", ""BN"", ""BO"", ""BQ"", ""BR"", ""BS"", ""BT"", ""BV"", ""BW"", ""BY"", ""BZ"", ""CC"", ""CD"", ""CF"", ""CG"", ""CH"", ""CI"", ""CK"", ""CL"", ""CM"", ""CN"", ""CO"", ""CR"", ""CS"", ""CU"", ""CV"", ""CW"", ""CX"", ""CY"", ""CZ"", ""DE"", ""DJ"", ""DK"", ""DM"", ""DO"", ""DZ"", ""EC"", ""EE"", ""EG"", ""EH"", ""ER"", ""ES"", ""ET"", ""FI"", ""FJ"", ""FK"", ""FM"", ""FO"", ""FR"", ""FX"", ""GA"", ""GB"", ""GD"", ""GE"", ""GF"", ""GG"", ""GH"", ""GI"", ""GL"", ""GM"", ""GN"", ""GP"", ""GQ"", ""GR"", ""GS"", ""GT"", ""GU"", ""GW"", ""GY"", ""HK"", ""HM"", ""HN"", ""HR"", ""HT"", ""HU"", ""ID"", ""IE"", ""IL"", ""IM"", ""IN"", ""IO"", ""IQ"", ""IR"", ""IS"", ""IT"", ""JE"", ""JM"", ""JO"", ""JP"", ""KE"", ""KG"", ""KH"", ""KI"", ""KM"", ""KN"", ""KP"", ""KR"", ""KW"", ""KY"", ""KZ"", ""LA"", ""LB"", ""LC"", ""LI"", ""LK"", ""LR"", ""LS"", ""LT"", ""LU"", ""LV"", ""LY"", ""MA"", ""MC"", ""MD"", ""ME"", ""MF"", ""MG"", ""MH"", ""MK"", ""ML"", ""MM"", ""MN"", ""MO"", ""MP"", ""MQ"", ""MR"", ""MS"", ""MT"", ""MU"", ""MV"", ""MW"", ""MX"", ""MY"", ""MZ"", ""NA"", ""NC"", ""NE"", ""NF"", ""NG"", ""NI"", ""NL"", ""NO"", ""NP"", ""NR"", ""NU"", ""NZ"", ""OM"", ""PA"", ""PE"", ""PF"", ""PG"", ""PH"", ""PK"", ""PL"", ""PM"", ""PN"", ""PR"", ""PS"", ""PT"", ""PW"", ""PY"", ""QA"", ""RE"", ""RO"", ""RS"", ""RU"", ""RW"", ""SA"", ""SB"", ""SC"", ""SD"", ""SE"", ""SG"", ""SH"", ""SI"", ""SJ"", ""SK"", ""SL"", ""SM"", ""SN"", ""SO"", ""SR"", ""SS"", ""ST"", ""SV"", ""SX"", ""SY"", ""SZ"", ""TC"", ""TD"", ""TF"", ""TG"", ""TH"", ""TJ"", ""TK"", ""TL"", ""TM"", ""TN"", ""TO"", ""TR"", ""TT"", ""TV"", ""TW"", ""TZ"", ""UA"", ""UG"", ""UM"", ""UY"", ""UZ"", ""VA"", ""VC"", ""VE"", ""VG"", ""VI"", ""VN"", ""VU"", ""WF"", ""WS"", ""YE"", ""YT"", ""ZA"", ""ZM"", ""ZW"", ""ZZ""]",#/components/schemas/CountryCode
STR_ADDRESS,country_code,REF_PAYS,F0327,$.definitions[].beneficiariesOfTrust[].address.countryCode,entityAndBeneficialOwnershipDetails; StructuredAddress,"[""CA"", ""US"", ""AD"", ""AE"", ""AF"", ""AG"", ""AI"", ""AL"", ""AM"", ""AN"", ""AO"", ""AQ"", ""AR"", ""AS"", ""AT"", ""AU"", ""AW"", ""AX"", ""AZ"", ""BA"", ""BB"", ""BD"", ""BE"", ""BF"", ""BG"", ""BH"", ""BI"", ""BJ"", ""BL"", ""BM"", ""BN"", ""BO"", ""BQ"", ""BR"", ""BS"", ""BT"", ""BV"", ""BW"", ""BY"", ""BZ"", ""CC"", ""CD"", ""CF"", ""CG"", ""CH"", ""CI"", ""CK"", ""CL"", ""CM"", ""CN"", ""CO"", ""CR"", ""CS"", ""CU"", ""CV"", ""CW"", ""CX"", ""CY"", ""CZ"", ""DE"", ""DJ"", ""DK"", ""DM"", ""DO"", ""DZ"", ""EC"", ""EE"", ""EG"", ""EH"", ""ER"", ""ES"", ""ET"", ""FI"", ""FJ"", ""FK"", ""FM"", ""FO"", ""FR"", ""FX"", ""GA"", ""GB"", ""GD"", ""GE"", ""GF"", ""GG"", ""GH"", ""GI"", ""GL"", ""GM"", ""GN"", ""GP"", ""GQ"", ""GR"", ""GS"", ""GT"", ""GU"", ""GW"", ""GY"", ""HK"", ""HM"", ""HN"", ""HR"", ""HT"", ""HU"", ""ID"", ""IE"", ""IL"", ""IM"", ""IN"", ""IO"", ""IQ"", ""IR"", ""IS"", ""IT"", ""JE"", ""JM"", ""JO"", ""JP"", ""KE"", ""KG"", ""KH"", ""KI"", ""KM"", ""KN"", ""KP"", ""KR"", ""KW"", ""KY"", ""KZ"", ""LA"", ""LB"", ""LC"", ""LI"", ""LK"", ""LR"", ""LS"", ""LT"", ""LU"", ""LV"", ""LY"", ""MA"", ""MC"", ""MD"", ""ME"", ""MF"", ""MG"", ""MH"", ""MK"", ""ML"", ""MM"", ""MN"", ""MO"", ""MP"", ""MQ"", ""MR"", ""MS"", ""MT"", ""MU"", ""MV"", ""MW"", ""MX"", ""MY"", ""MZ"", ""NA"", ""NC"", ""NE"", ""NF"", ""NG"", ""NI"", ""NL"", ""NO"", ""NP"", ""NR"", ""NU"", ""NZ"", ""OM"", ""PA"", ""PE"", ""PF"", ""PG"", ""PH"", ""PK"", ""PL"", ""PM"", ""PN"", ""PR"", ""PS"", ""PT"", ""PW"", ""PY"", ""QA"", ""RE"", ""RO"", ""RS"", ""RU"", ""RW"", ""SA"", ""SB"", ""SC"", ""SD"", ""SE"", ""SG"", ""SH"", ""SI"", ""SJ"", ""SK"", ""SL"", ""SM"", ""SN"", ""SO"", ""SR"", ""SS"", ""ST"", ""SV"", ""SX"", ""SY"", ""SZ"", ""TC"", ""TD"", ""TF"", ""TG"", ""TH"", ""TJ"", ""TK"", ""TL"", ""TM"", ""TN"", ""TO"", ""TR"", ""TT"", ""TV"", ""TW"", ""TZ"", ""UA"", ""UG"", ""UM"", ""UY"", ""UZ"", ""VA"", ""VC"", ""VE"", ""VG"", ""VI"", ""VN"", ""VU"", ""WF"", ""WS"", ""YE"", ""YT"", ""ZA"", ""ZM"", ""ZW"", ""ZZ""]",#/components/schemas/CountryCode
STR_ADDRESS,country_code,REF_PAYS,F0329,$.definitions[].beneficiariesOfTrust[].address.countryCode,entityAndBeneficialOwnershipDetails; UnstructuredAddress,"[""CA"", ""US"", ""AD"", ""AE"", ""AF"", ""AG"", ""AI"", ""AL"", ""AM"", ""AN"", ""AO"", ""AQ"", ""AR"", ""AS"", ""AT"", ""AU"", ""AW"", ""AX"", ""AZ"", ""BA"", ""BB"", ""BD"", ""BE"", ""BF"", ""BG"", ""BH"", ""BI"", ""BJ"", ""BL"", ""BM"", ""BN"", ""BO"", ""BQ"", ""BR"", ""BS"", ""BT"", ""BV"", ""BW"", ""BY"", ""BZ"", ""CC"", ""CD"", ""CF"", ""CG"", ""CH"", ""CI"", ""CK"", ""CL"", ""CM"", ""CN"", ""CO"", ""CR"", ""CS"", ""CU"", ""CV"", ""CW"", ""CX"", ""CY"", ""CZ"", ""DE"", ""DJ"", ""DK"", ""DM"", ""DO"", ""DZ"", ""EC"", ""EE"", ""EG"", ""EH"", ""ER"", ""ES"", ""ET"", ""FI"", ""FJ"", ""FK"", ""FM"", ""FO"", ""FR"", ""FX"", ""GA"", ""GB"", ""GD"", ""GE"", ""GF"", ""GG"", ""GH"", ""GI"", ""GL"", ""GM"", ""GN"", ""GP"", ""GQ"", ""GR"", ""GS"", ""GT"", ""GU"", ""GW"", ""GY"", ""HK"", ""HM"", ""HN"", ""HR"", ""HT"", ""HU"", ""ID"", ""IE"", ""IL"", ""IM"", ""IN"", ""IO"", ""IQ"", ""IR"", ""IS"", ""IT"", ""JE"", ""JM"", ""JO"", ""JP"", ""KE"", ""KG"", ""KH"", ""KI"", ""KM"", ""KN"", ""KP"", ""KR"", ""KW"", ""KY"", ""KZ"", ""LA"", ""LB"", ""LC"", ""LI"", ""LK"", ""LR"", ""LS"", ""LT"", ""LU"", ""LV"", ""LY"", ""MA"", ""MC"", ""MD"", ""ME"", ""MF"", ""MG"", ""MH"", ""MK"", ""ML"", ""MM"", ""MN"", ""MO"", ""MP"", ""MQ"", ""MR"", ""MS"", ""MT"", ""MU"", ""MV"", ""MW"", ""MX"", ""MY"", ""MZ"", ""NA"", ""NC"", ""NE"", ""NF"", ""NG"", ""NI"", ""NL"", ""NO"", ""NP"", ""NR"", ""NU"", ""NZ"", ""OM"", ""PA"", ""PE"", ""PF"", ""PG"", ""PH"", ""PK"", ""PL"", ""PM"", ""PN"", ""PR"", ""PS"", ""PT"", ""PW"", ""PY"", ""QA"", ""RE"", ""RO"", ""RS"", ""RU"", ""RW"", ""SA"", ""SB"", ""SC"", ""SD"", ""SE"", ""SG"", ""SH"", ""SI"", ""SJ"", ""SK"", ""SL"", ""SM"", ""SN"", ""SO"", ""SR"", ""SS"", ""ST"", ""SV"", ""SX"", ""SY"", ""SZ"", ""TC"", ""TD"", ""TF"", ""TG"", ""TH"", ""TJ"", ""TK"", ""TL"", ""TM"", ""TN"", ""TO"", ""TR"", ""TT"", ""TV"", ""TW"", ""TZ"", ""UA"", ""UG"", ""UM"", ""UY"", ""UZ"", ""VA"", ""VC"", ""VE"", ""VG"", ""VI"", ""VN"", ""VU"", ""WF"", ""WS"", ""YE"", ""YT"", ""ZA"", ""ZM"", ""ZW"", ""ZZ""]",#/components/schemas/CountryCode
STR_IDENTIFICATION,identifier_type_code,REF_TYPE_IDENTIFICATION,F0054,$.definitions[].identifications[].identifierTypeCode,PersonDetails,"[1, 2, 3, 4, 5, 14, 15, 27, 32, 33, 34, 35, 36, 37, 38, 39, 40]",#/components/schemas/personIdentificationWithJurisdiction/properties/identifierTypeCode
STR_IDENTIFICATION,identifier_type_code,REF_TYPE_IDENTIFICATION,F0087,$.definitions[].identifications[].identifierTypeCode,EntityDetails,"[1, 2, 3, 4, 5, 6, 7]",#/components/schemas/entityIdentificationWithJurisdiction/properties/identifierTypeCode
STR_IDENTIFICATION,identifier_type_code,REF_TYPE_IDENTIFICATION,F0159,$.definitions[].identifications[].identifierTypeCode,personAndEmployerDetails,"[1, 2, 3, 4, 5, 14, 15, 27, 32, 33, 34, 35, 36, 37, 38, 39, 40]",#/components/schemas/personIdentificationWithJurisdiction/properties/identifierTypeCode
STR_IDENTIFICATION,identifier_type_code,REF_TYPE_IDENTIFICATION,F0191,$.definitions[].identifications[].identifierTypeCode,entityAndBeneficialOwnershipDetails,"[1, 2, 3, 4, 5, 6, 7]",#/components/schemas/entityIdentificationWithJurisdiction/properties/identifierTypeCode
STR_IDENTIFICATION,jurisdiction_country_code,REF_PAYS,F0057,$.definitions[].identifications[].jurisdictionOfIssueCountryCode,PersonDetails,"[""CA"", ""US"", ""AD"", ""AE"", ""AF"", ""AG"", ""AI"", ""AL"", ""AM"", ""AN"", ""AO"", ""AQ"", ""AR"", ""AS"", ""AT"", ""AU"", ""AW"", ""AX"", ""AZ"", ""BA"", ""BB"", ""BD"", ""BE"", ""BF"", ""BG"", ""BH"", ""BI"", ""BJ"", ""BL"", ""BM"", ""BN"", ""BO"", ""BQ"", ""BR"", ""BS"", ""BT"", ""BV"", ""BW"", ""BY"", ""BZ"", ""CC"", ""CD"", ""CF"", ""CG"", ""CH"", ""CI"", ""CK"", ""CL"", ""CM"", ""CN"", ""CO"", ""CR"", ""CS"", ""CU"", ""CV"", ""CW"", ""CX"", ""CY"", ""CZ"", ""DE"", ""DJ"", ""DK"", ""DM"", ""DO"", ""DZ"", ""EC"", ""EE"", ""EG"", ""EH"", ""ER"", ""ES"", ""ET"", ""FI"", ""FJ"", ""FK"", ""FM"", ""FO"", ""FR"", ""FX"", ""GA"", ""GB"", ""GD"", ""GE"", ""GF"", ""GG"", ""GH"", ""GI"", ""GL"", ""GM"", ""GN"", ""GP"", ""GQ"", ""GR"", ""GS"", ""GT"", ""GU"", ""GW"", ""GY"", ""HK"", ""HM"", ""HN"", ""HR"", ""HT"", ""HU"", ""ID"", ""IE"", ""IL"", ""IM"", ""IN"", ""IO"", ""IQ"", ""IR"", ""IS"", ""IT"", ""JE"", ""JM"", ""JO"", ""JP"", ""KE"", ""KG"", ""KH"", ""KI"", ""KM"", ""KN"", ""KP"", ""KR"", ""KW"", ""KY"", ""KZ"", ""LA"", ""LB"", ""LC"", ""LI"", ""LK"", ""LR"", ""LS"", ""LT"", ""LU"", ""LV"", ""LY"", ""MA"", ""MC"", ""MD"", ""ME"", ""MF"", ""MG"", ""MH"", ""MK"", ""ML"", ""MM"", ""MN"", ""MO"", ""MP"", ""MQ"", ""MR"", ""MS"", ""MT"", ""MU"", ""MV"", ""MW"", ""MX"", ""MY"", ""MZ"", ""NA"", ""NC"", ""NE"", ""NF"", ""NG"", ""NI"", ""NL"", ""NO"", ""NP"", ""NR"", ""NU"", ""NZ"", ""OM"", ""PA"", ""PE"", ""PF"", ""PG"", ""PH"", ""PK"", ""PL"", ""PM"", ""PN"", ""PR"", ""PS"", ""PT"", ""PW"", ""PY"", ""QA"", ""RE"", ""RO"", ""RS"", ""RU"", ""RW"", ""SA"", ""SB"", ""SC"", ""SD"", ""SE"", ""SG"", ""SH"", ""SI"", ""SJ"", ""SK"", ""SL"", ""SM"", ""SN"", ""SO"", ""SR"", ""SS"", ""ST"", ""SV"", ""SX"", ""SY"", ""SZ"", ""TC"", ""TD"", ""TF"", ""TG"", ""TH"", ""TJ"", ""TK"", ""TL"", ""TM"", ""TN"", ""TO"", ""TR"", ""TT"", ""TV"", ""TW"", ""TZ"", ""UA"", ""UG"", ""UM"", ""UY"", ""UZ"", ""VA"", ""VC"", ""VE"", ""VG"", ""VI"", ""VN"", ""VU"", ""WF"", ""WS"", ""YE"", ""YT"", ""ZA"", ""ZM"", ""ZW"", ""ZZ""]",#/components/schemas/CountryCode
STR_IDENTIFICATION,jurisdiction_country_code,REF_PAYS,F0090,$.definitions[].identifications[].jurisdictionOfIssueCountryCode,EntityDetails,"[""CA"", ""US"", ""AD"", ""AE"", ""AF"", ""AG"", ""AI"", ""AL"", ""AM"", ""AN"", ""AO"", ""AQ"", ""AR"", ""AS"", ""AT"", ""AU"", ""AW"", ""AX"", ""AZ"", ""BA"", ""BB"", ""BD"", ""BE"", ""BF"", ""BG"", ""BH"", ""BI"", ""BJ"", ""BL"", ""BM"", ""BN"", ""BO"", ""BQ"", ""BR"", ""BS"", ""BT"", ""BV"", ""BW"", ""BY"", ""BZ"", ""CC"", ""CD"", ""CF"", ""CG"", ""CH"", ""CI"", ""CK"", ""CL"", ""CM"", ""CN"", ""CO"", ""CR"", ""CS"", ""CU"", ""CV"", ""CW"", ""CX"", ""CY"", ""CZ"", ""DE"", ""DJ"", ""DK"", ""DM"", ""DO"", ""DZ"", ""EC"", ""EE"", ""EG"", ""EH"", ""ER"", ""ES"", ""ET"", ""FI"", ""FJ"", ""FK"", ""FM"", ""FO"", ""FR"", ""FX"", ""GA"", ""GB"", ""GD"", ""GE"", ""GF"", ""GG"", ""GH"", ""GI"", ""GL"", ""GM"", ""GN"", ""GP"", ""GQ"", ""GR"", ""GS"", ""GT"", ""GU"", ""GW"", ""GY"", ""HK"", ""HM"", ""HN"", ""HR"", ""HT"", ""HU"", ""ID"", ""IE"", ""IL"", ""IM"", ""IN"", ""IO"", ""IQ"", ""IR"", ""IS"", ""IT"", ""JE"", ""JM"", ""JO"", ""JP"", ""KE"", ""KG"", ""KH"", ""KI"", ""KM"", ""KN"", ""KP"", ""KR"", ""KW"", ""KY"", ""KZ"", ""LA"", ""LB"", ""LC"", ""LI"", ""LK"", ""LR"", ""LS"", ""LT"", ""LU"", ""LV"", ""LY"", ""MA"", ""MC"", ""MD"", ""ME"", ""MF"", ""MG"", ""MH"", ""MK"", ""ML"", ""MM"", ""MN"", ""MO"", ""MP"", ""MQ"", ""MR"", ""MS"", ""MT"", ""MU"", ""MV"", ""MW"", ""MX"", ""MY"", ""MZ"", ""NA"", ""NC"", ""NE"", ""NF"", ""NG"", ""NI"", ""NL"", ""NO"", ""NP"", ""NR"", ""NU"", ""NZ"", ""OM"", ""PA"", ""PE"", ""PF"", ""PG"", ""PH"", ""PK"", ""PL"", ""PM"", ""PN"", ""PR"", ""PS"", ""PT"", ""PW"", ""PY"", ""QA"", ""RE"", ""RO"", ""RS"", ""RU"", ""RW"", ""SA"", ""SB"", ""SC"", ""SD"", ""SE"", ""SG"", ""SH"", ""SI"", ""SJ"", ""SK"", ""SL"", ""SM"", ""SN"", ""SO"", ""SR"", ""SS"", ""ST"", ""SV"", ""SX"", ""SY"", ""SZ"", ""TC"", ""TD"", ""TF"", ""TG"", ""TH"", ""TJ"", ""TK"", ""TL"", ""TM"", ""TN"", ""TO"", ""TR"", ""TT"", ""TV"", ""TW"", ""TZ"", ""UA"", ""UG"", ""UM"", ""UY"", ""UZ"", ""VA"", ""VC"", ""VE"", ""VG"", ""VI"", ""VN"", ""VU"", ""WF"", ""WS"", ""YE"", ""YT"", ""ZA"", ""ZM"", ""ZW"", ""ZZ""]",#/components/schemas/CountryCode
STR_IDENTIFICATION,jurisdiction_country_code,REF_PAYS,F0162,$.definitions[].identifications[].jurisdictionOfIssueCountryCode,personAndEmployerDetails,"[""CA"", ""US"", ""AD"", ""AE"", ""AF"", ""AG"", ""AI"", ""AL"", ""AM"", ""AN"", ""AO"", ""AQ"", ""AR"", ""AS"", ""AT"", ""AU"", ""AW"", ""AX"", ""AZ"", ""BA"", ""BB"", ""BD"", ""BE"", ""BF"", ""BG"", ""BH"", ""BI"", ""BJ"", ""BL"", ""BM"", ""BN"", ""BO"", ""BQ"", ""BR"", ""BS"", ""BT"", ""BV"", ""BW"", ""BY"", ""BZ"", ""CC"", ""CD"", ""CF"", ""CG"", ""CH"", ""CI"", ""CK"", ""CL"", ""CM"", ""CN"", ""CO"", ""CR"", ""CS"", ""CU"", ""CV"", ""CW"", ""CX"", ""CY"", ""CZ"", ""DE"", ""DJ"", ""DK"", ""DM"", ""DO"", ""DZ"", ""EC"", ""EE"", ""EG"", ""EH"", ""ER"", ""ES"", ""ET"", ""FI"", ""FJ"", ""FK"", ""FM"", ""FO"", ""FR"", ""FX"", ""GA"", ""GB"", ""GD"", ""GE"", ""GF"", ""GG"", ""GH"", ""GI"", ""GL"", ""GM"", ""GN"", ""GP"", ""GQ"", ""GR"", ""GS"", ""GT"", ""GU"", ""GW"", ""GY"", ""HK"", ""HM"", ""HN"", ""HR"", ""HT"", ""HU"", ""ID"", ""IE"", ""IL"", ""IM"", ""IN"", ""IO"", ""IQ"", ""IR"", ""IS"", ""IT"", ""JE"", ""JM"", ""JO"", ""JP"", ""KE"", ""KG"", ""KH"", ""KI"", ""KM"", ""KN"", ""KP"", ""KR"", ""KW"", ""KY"", ""KZ"", ""LA"", ""LB"", ""LC"", ""LI"", ""LK"", ""LR"", ""LS"", ""LT"", ""LU"", ""LV"", ""LY"", ""MA"", ""MC"", ""MD"", ""ME"", ""MF"", ""MG"", ""MH"", ""MK"", ""ML"", ""MM"", ""MN"", ""MO"", ""MP"", ""MQ"", ""MR"", ""MS"", ""MT"", ""MU"", ""MV"", ""MW"", ""MX"", ""MY"", ""MZ"", ""NA"", ""NC"", ""NE"", ""NF"", ""NG"", ""NI"", ""NL"", ""NO"", ""NP"", ""NR"", ""NU"", ""NZ"", ""OM"", ""PA"", ""PE"", ""PF"", ""PG"", ""PH"", ""PK"", ""PL"", ""PM"", ""PN"", ""PR"", ""PS"", ""PT"", ""PW"", ""PY"", ""QA"", ""RE"", ""RO"", ""RS"", ""RU"", ""RW"", ""SA"", ""SB"", ""SC"", ""SD"", ""SE"", ""SG"", ""SH"", ""SI"", ""SJ"", ""SK"", ""SL"", ""SM"", ""SN"", ""SO"", ""SR"", ""SS"", ""ST"", ""SV"", ""SX"", ""SY"", ""SZ"", ""TC"", ""TD"", ""TF"", ""TG"", ""TH"", ""TJ"", ""TK"", ""TL"", ""TM"", ""TN"", ""TO"", ""TR"", ""TT"", ""TV"", ""TW"", ""TZ"", ""UA"", ""UG"", ""UM"", ""UY"", ""UZ"", ""VA"", ""VC"", ""VE"", ""VG"", ""VI"", ""VN"", ""VU"", ""WF"", ""WS"", ""YE"", ""YT"", ""ZA"", ""ZM"", ""ZW"", ""ZZ""]",#/components/schemas/CountryCode
STR_IDENTIFICATION,jurisdiction_country_code,REF_PAYS,F0194,$.definitions[].identifications[].jurisdictionOfIssueCountryCode,entityAndBeneficialOwnershipDetails,"[""CA"", ""US"", ""AD"", ""AE"", ""AF"", ""AG"", ""AI"", ""AL"", ""AM"", ""AN"", ""AO"", ""AQ"", ""AR"", ""AS"", ""AT"", ""AU"", ""AW"", ""AX"", ""AZ"", ""BA"", ""BB"", ""BD"", ""BE"", ""BF"", ""BG"", ""BH"", ""BI"", ""BJ"", ""BL"", ""BM"", ""BN"", ""BO"", ""BQ"", ""BR"", ""BS"", ""BT"", ""BV"", ""BW"", ""BY"", ""BZ"", ""CC"", ""CD"", ""CF"", ""CG"", ""CH"", ""CI"", ""CK"", ""CL"", ""CM"", ""CN"", ""CO"", ""CR"", ""CS"", ""CU"", ""CV"", ""CW"", ""CX"", ""CY"", ""CZ"", ""DE"", ""DJ"", ""DK"", ""DM"", ""DO"", ""DZ"", ""EC"", ""EE"", ""EG"", ""EH"", ""ER"", ""ES"", ""ET"", ""FI"", ""FJ"", ""FK"", ""FM"", ""FO"", ""FR"", ""FX"", ""GA"", ""GB"", ""GD"", ""GE"", ""GF"", ""GG"", ""GH"", ""GI"", ""GL"", ""GM"", ""GN"", ""GP"", ""GQ"", ""GR"", ""GS"", ""GT"", ""GU"", ""GW"", ""GY"", ""HK"", ""HM"", ""HN"", ""HR"", ""HT"", ""HU"", ""ID"", ""IE"", ""IL"", ""IM"", ""IN"", ""IO"", ""IQ"", ""IR"", ""IS"", ""IT"", ""JE"", ""JM"", ""JO"", ""JP"", ""KE"", ""KG"", ""KH"", ""KI"", ""KM"", ""KN"", ""KP"", ""KR"", ""KW"", ""KY"", ""KZ"", ""LA"", ""LB"", ""LC"", ""LI"", ""LK"", ""LR"", ""LS"", ""LT"", ""LU"", ""LV"", ""LY"", ""MA"", ""MC"", ""MD"", ""ME"", ""MF"", ""MG"", ""MH"", ""MK"", ""ML"", ""MM"", ""MN"", ""MO"", ""MP"", ""MQ"", ""MR"", ""MS"", ""MT"", ""MU"", ""MV"", ""MW"", ""MX"", ""MY"", ""MZ"", ""NA"", ""NC"", ""NE"", ""NF"", ""NG"", ""NI"", ""NL"", ""NO"", ""NP"", ""NR"", ""NU"", ""NZ"", ""OM"", ""PA"", ""PE"", ""PF"", ""PG"", ""PH"", ""PK"", ""PL"", ""PM"", ""PN"", ""PR"", ""PS"", ""PT"", ""PW"", ""PY"", ""QA"", ""RE"", ""RO"", ""RS"", ""RU"", ""RW"", ""SA"", ""SB"", ""SC"", ""SD"", ""SE"", ""SG"", ""SH"", ""SI"", ""SJ"", ""SK"", ""SL"", ""SM"", ""SN"", ""SO"", ""SR"", ""SS"", ""ST"", ""SV"", ""SX"", ""SY"", ""SZ"", ""TC"", ""TD"", ""TF"", ""TG"", ""TH"", ""TJ"", ""TK"", ""TL"", ""TM"", ""TN"", ""TO"", ""TR"", ""TT"", ""TV"", ""TW"", ""TZ"", ""UA"", ""UG"", ""UM"", ""UY"", ""UZ"", ""VA"", ""VC"", ""VE"", ""VG"", ""VI"", ""VN"", ""VU"", ""WF"", ""WS"", ""YE"", ""YT"", ""ZA"", ""ZM"", ""ZW"", ""ZZ""]",#/components/schemas/CountryCode
STR_ENTITY,address_type_code,REF_TYPE_ADRESSE,F0069,$.definitions[].addressTypeCode,EntityDetails,"[1, 2]",#/components/schemas/addressTypeCode
STR_ENTITY,address_type_code,REF_TYPE_ADRESSE,F0171,$.definitions[].addressTypeCode,entityAndBeneficialOwnershipDetails,"[1, 2]",#/components/schemas/addressTypeCode
STR_REGISTRATION_INCORPORATION,type_code,REF_TYPE_ENREGISTREMENT,F0100,$.definitions[].registrationsIncorporations[].typeCode,EntityDetails,"[1, 2, 4, 5]",#/components/schemas/IncorporationRegistrationTypeCode
STR_REGISTRATION_INCORPORATION,type_code,REF_TYPE_ENREGISTREMENT,F0207,$.definitions[].registrationsIncorporations[].typeCode,entityAndBeneficialOwnershipDetails,"[1, 2, 4, 5]",#/components/schemas/IncorporationRegistrationTypeCode
STR_REGISTRATION_INCORPORATION,jurisdiction_country_code,REF_PAYS,F0102,$.definitions[].registrationsIncorporations[].jurisdictionOfIssueCountryCode,EntityDetails,"[""CA"", ""US"", ""AD"", ""AE"", ""AF"", ""AG"", ""AI"", ""AL"", ""AM"", ""AN"", ""AO"", ""AQ"", ""AR"", ""AS"", ""AT"", ""AU"", ""AW"", ""AX"", ""AZ"", ""BA"", ""BB"", ""BD"", ""BE"", ""BF"", ""BG"", ""BH"", ""BI"", ""BJ"", ""BL"", ""BM"", ""BN"", ""BO"", ""BQ"", ""BR"", ""BS"", ""BT"", ""BV"", ""BW"", ""BY"", ""BZ"", ""CC"", ""CD"", ""CF"", ""CG"", ""CH"", ""CI"", ""CK"", ""CL"", ""CM"", ""CN"", ""CO"", ""CR"", ""CS"", ""CU"", ""CV"", ""CW"", ""CX"", ""CY"", ""CZ"", ""DE"", ""DJ"", ""DK"", ""DM"", ""DO"", ""DZ"", ""EC"", ""EE"", ""EG"", ""EH"", ""ER"", ""ES"", ""ET"", ""FI"", ""FJ"", ""FK"", ""FM"", ""FO"", ""FR"", ""FX"", ""GA"", ""GB"", ""GD"", ""GE"", ""GF"", ""GG"", ""GH"", ""GI"", ""GL"", ""GM"", ""GN"", ""GP"", ""GQ"", ""GR"", ""GS"", ""GT"", ""GU"", ""GW"", ""GY"", ""HK"", ""HM"", ""HN"", ""HR"", ""HT"", ""HU"", ""ID"", ""IE"", ""IL"", ""IM"", ""IN"", ""IO"", ""IQ"", ""IR"", ""IS"", ""IT"", ""JE"", ""JM"", ""JO"", ""JP"", ""KE"", ""KG"", ""KH"", ""KI"", ""KM"", ""KN"", ""KP"", ""KR"", ""KW"", ""KY"", ""KZ"", ""LA"", ""LB"", ""LC"", ""LI"", ""LK"", ""LR"", ""LS"", ""LT"", ""LU"", ""LV"", ""LY"", ""MA"", ""MC"", ""MD"", ""ME"", ""MF"", ""MG"", ""MH"", ""MK"", ""ML"", ""MM"", ""MN"", ""MO"", ""MP"", ""MQ"", ""MR"", ""MS"", ""MT"", ""MU"", ""MV"", ""MW"", ""MX"", ""MY"", ""MZ"", ""NA"", ""NC"", ""NE"", ""NF"", ""NG"", ""NI"", ""NL"", ""NO"", ""NP"", ""NR"", ""NU"", ""NZ"", ""OM"", ""PA"", ""PE"", ""PF"", ""PG"", ""PH"", ""PK"", ""PL"", ""PM"", ""PN"", ""PR"", ""PS"", ""PT"", ""PW"", ""PY"", ""QA"", ""RE"", ""RO"", ""RS"", ""RU"", ""RW"", ""SA"", ""SB"", ""SC"", ""SD"", ""SE"", ""SG"", ""SH"", ""SI"", ""SJ"", ""SK"", ""SL"", ""SM"", ""SN"", ""SO"", ""SR"", ""SS"", ""ST"", ""SV"", ""SX"", ""SY"", ""SZ"", ""TC"", ""TD"", ""TF"", ""TG"", ""TH"", ""TJ"", ""TK"", ""TL"", ""TM"", ""TN"", ""TO"", ""TR"", ""TT"", ""TV"", ""TW"", ""TZ"", ""UA"", ""UG"", ""UM"", ""UY"", ""UZ"", ""VA"", ""VC"", ""VE"", ""VG"", ""VI"", ""VN"", ""VU"", ""WF"", ""WS"", ""YE"", ""YT"", ""ZA"", ""ZM"", ""ZW"", ""ZZ""]",#/components/schemas/CountryCode
STR_REGISTRATION_INCORPORATION,jurisdiction_country_code,REF_PAYS,F0209,$.definitions[].registrationsIncorporations[].jurisdictionOfIssueCountryCode,entityAndBeneficialOwnershipDetails,"[""CA"", ""US"", ""AD"", ""AE"", ""AF"", ""AG"", ""AI"", ""AL"", ""AM"", ""AN"", ""AO"", ""AQ"", ""AR"", ""AS"", ""AT"", ""AU"", ""AW"", ""AX"", ""AZ"", ""BA"", ""BB"", ""BD"", ""BE"", ""BF"", ""BG"", ""BH"", ""BI"", ""BJ"", ""BL"", ""BM"", ""BN"", ""BO"", ""BQ"", ""BR"", ""BS"", ""BT"", ""BV"", ""BW"", ""BY"", ""BZ"", ""CC"", ""CD"", ""CF"", ""CG"", ""CH"", ""CI"", ""CK"", ""CL"", ""CM"", ""CN"", ""CO"", ""CR"", ""CS"", ""CU"", ""CV"", ""CW"", ""CX"", ""CY"", ""CZ"", ""DE"", ""DJ"", ""DK"", ""DM"", ""DO"", ""DZ"", ""EC"", ""EE"", ""EG"", ""EH"", ""ER"", ""ES"", ""ET"", ""FI"", ""FJ"", ""FK"", ""FM"", ""FO"", ""FR"", ""FX"", ""GA"", ""GB"", ""GD"", ""GE"", ""GF"", ""GG"", ""GH"", ""GI"", ""GL"", ""GM"", ""GN"", ""GP"", ""GQ"", ""GR"", ""GS"", ""GT"", ""GU"", ""GW"", ""GY"", ""HK"", ""HM"", ""HN"", ""HR"", ""HT"", ""HU"", ""ID"", ""IE"", ""IL"", ""IM"", ""IN"", ""IO"", ""IQ"", ""IR"", ""IS"", ""IT"", ""JE"", ""JM"", ""JO"", ""JP"", ""KE"", ""KG"", ""KH"", ""KI"", ""KM"", ""KN"", ""KP"", ""KR"", ""KW"", ""KY"", ""KZ"", ""LA"", ""LB"", ""LC"", ""LI"", ""LK"", ""LR"", ""LS"", ""LT"", ""LU"", ""LV"", ""LY"", ""MA"", ""MC"", ""MD"", ""ME"", ""MF"", ""MG"", ""MH"", ""MK"", ""ML"", ""MM"", ""MN"", ""MO"", ""MP"", ""MQ"", ""MR"", ""MS"", ""MT"", ""MU"", ""MV"", ""MW"", ""MX"", ""MY"", ""MZ"", ""NA"", ""NC"", ""NE"", ""NF"", ""NG"", ""NI"", ""NL"", ""NO"", ""NP"", ""NR"", ""NU"", ""NZ"", ""OM"", ""PA"", ""PE"", ""PF"", ""PG"", ""PH"", ""PK"", ""PL"", ""PM"", ""PN"", ""PR"", ""PS"", ""PT"", ""PW"", ""PY"", ""QA"", ""RE"", ""RO"", ""RS"", ""RU"", ""RW"", ""SA"", ""SB"", ""SC"", ""SD"", ""SE"", ""SG"", ""SH"", ""SI"", ""SJ"", ""SK"", ""SL"", ""SM"", ""SN"", ""SO"", ""SR"", ""SS"", ""ST"", ""SV"", ""SX"", ""SY"", ""SZ"", ""TC"", ""TD"", ""TF"", ""TG"", ""TH"", ""TJ"", ""TK"", ""TL"", ""TM"", ""TN"", ""TO"", ""TR"", ""TT"", ""TV"", ""TW"", ""TZ"", ""UA"", ""UG"", ""UM"", ""UY"", ""UZ"", ""VA"", ""VC"", ""VE"", ""VG"", ""VI"", ""VN"", ""VU"", ""WF"", ""WS"", ""YE"", ""YT"", ""ZA"", ""ZM"", ""ZW"", ""ZZ""]",#/components/schemas/CountryCode
STR_PERSON,country_of_citizenship_code,REF_PAYS,F0136,$.definitions[].countryOfCitizenshipCode,personAndEmployerDetails,"[""CA"", ""US"", ""AD"", ""AE"", ""AF"", ""AG"", ""AI"", ""AL"", ""AM"", ""AN"", ""AO"", ""AQ"", ""AR"", ""AS"", ""AT"", ""AU"", ""AW"", ""AX"", ""AZ"", ""BA"", ""BB"", ""BD"", ""BE"", ""BF"", ""BG"", ""BH"", ""BI"", ""BJ"", ""BL"", ""BM"", ""BN"", ""BO"", ""BQ"", ""BR"", ""BS"", ""BT"", ""BV"", ""BW"", ""BY"", ""BZ"", ""CC"", ""CD"", ""CF"", ""CG"", ""CH"", ""CI"", ""CK"", ""CL"", ""CM"", ""CN"", ""CO"", ""CR"", ""CS"", ""CU"", ""CV"", ""CW"", ""CX"", ""CY"", ""CZ"", ""DE"", ""DJ"", ""DK"", ""DM"", ""DO"", ""DZ"", ""EC"", ""EE"", ""EG"", ""EH"", ""ER"", ""ES"", ""ET"", ""FI"", ""FJ"", ""FK"", ""FM"", ""FO"", ""FR"", ""FX"", ""GA"", ""GB"", ""GD"", ""GE"", ""GF"", ""GG"", ""GH"", ""GI"", ""GL"", ""GM"", ""GN"", ""GP"", ""GQ"", ""GR"", ""GS"", ""GT"", ""GU"", ""GW"", ""GY"", ""HK"", ""HM"", ""HN"", ""HR"", ""HT"", ""HU"", ""ID"", ""IE"", ""IL"", ""IM"", ""IN"", ""IO"", ""IQ"", ""IR"", ""IS"", ""IT"", ""JE"", ""JM"", ""JO"", ""JP"", ""KE"", ""KG"", ""KH"", ""KI"", ""KM"", ""KN"", ""KP"", ""KR"", ""KW"", ""KY"", ""KZ"", ""LA"", ""LB"", ""LC"", ""LI"", ""LK"", ""LR"", ""LS"", ""LT"", ""LU"", ""LV"", ""LY"", ""MA"", ""MC"", ""MD"", ""ME"", ""MF"", ""MG"", ""MH"", ""MK"", ""ML"", ""MM"", ""MN"", ""MO"", ""MP"", ""MQ"", ""MR"", ""MS"", ""MT"", ""MU"", ""MV"", ""MW"", ""MX"", ""MY"", ""MZ"", ""NA"", ""NC"", ""NE"", ""NF"", ""NG"", ""NI"", ""NL"", ""NO"", ""NP"", ""NR"", ""NU"", ""NZ"", ""OM"", ""PA"", ""PE"", ""PF"", ""PG"", ""PH"", ""PK"", ""PL"", ""PM"", ""PN"", ""PR"", ""PS"", ""PT"", ""PW"", ""PY"", ""QA"", ""RE"", ""RO"", ""RS"", ""RU"", ""RW"", ""SA"", ""SB"", ""SC"", ""SD"", ""SE"", ""SG"", ""SH"", ""SI"", ""SJ"", ""SK"", ""SL"", ""SM"", ""SN"", ""SO"", ""SR"", ""SS"", ""ST"", ""SV"", ""SX"", ""SY"", ""SZ"", ""TC"", ""TD"", ""TF"", ""TG"", ""TH"", ""TJ"", ""TK"", ""TL"", ""TM"", ""TN"", ""TO"", ""TR"", ""TT"", ""TV"", ""TW"", ""TZ"", ""UA"", ""UG"", ""UM"", ""UY"", ""UZ"", ""VA"", ""VC"", ""VE"", ""VG"", ""VI"", ""VN"", ""VU"", ""WF"", ""WS"", ""YE"", ""YT"", ""ZA"", ""ZM"", ""ZW"", ""ZZ""]",#/components/schemas/CountryCode
STR_EMPLOYER_INFO,address_type_code,REF_TYPE_ADRESSE,F0139,$.definitions[].employerInformation.addressTypeCode,personAndEmployerDetails,"[1, 2]",#/components/schemas/addressTypeCode
STR_ENTITY,structure_type_code,REF_STRUCTURE_ENTITE,F0203,$.definitions[].structureTypeCode,entityAndBeneficialOwnershipDetails,"[1, 2, 3, 4]",#/components/schemas/entityAndBeneficialOwnershipDetails/properties/structureTypeCode
STR_DIRECTOR,address_type_code,REF_TYPE_ADRESSE,F0218,$.definitions[].directorsOfCorporation[].addressTypeCode,entityAndBeneficialOwnershipDetails,"[1, 2]",#/components/schemas/addressTypeCode
STR_TRUSTEE,address_type_code,REF_TYPE_ADRESSE,F0244,$.definitions[].trusteesOfTrust[].addressTypeCode,entityAndBeneficialOwnershipDetails,"[1, 2]",#/components/schemas/addressTypeCode
STR_SETTLOR,address_type_code,REF_TYPE_ADRESSE,F0267,$.definitions[].settlorsOfTrust[].addressTypeCode,entityAndBeneficialOwnershipDetails,"[1, 2]",#/components/schemas/addressTypeCode
STR_TRUST_UNIT_OWNER,address_type_code,REF_TYPE_ADRESSE,F0290,$.definitions[].personsOwningUnitsOfTrust[].addressTypeCode,entityAndBeneficialOwnershipDetails,"[1, 2]",#/components/schemas/addressTypeCode
STR_TRUST_BENEFICIARY,address_type_code,REF_TYPE_ADRESSE,F0313,$.definitions[].beneficiariesOfTrust[].addressTypeCode,entityAndBeneficialOwnershipDetails,"[1, 2]",#/components/schemas/addressTypeCode
STR_TRANSACTION,method_code,REF_METHODE_OPERATION,F0341,$.transactions[].suspiciousTransactionDetails.methodCode,,"[1, 2, 3, 4, 5, 6, 7, 8, 9, 10, 11, 12]",#/components/schemas/STRReport/properties/transactions/items/properties/suspiciousTransactionDetails/properties/methodCode
STR_STARTING_ACTION,direction,REF_SENS_ACTION,F0347,$.transactions[].startingActions[].details.direction,,"[1, 2]",#/components/schemas/STRReport/properties/transactions/items/properties/startingActions/items/properties/details/properties/direction
STR_STARTING_ACTION,fund_type_code,REF_NATURE_FONDS,F0348,$.transactions[].startingActions[].details.fundAssetVirtualCurrencyTypeCode,,"[1, 2, 3, 4, 5, 6, 7, 8, 9, 10, 11, 12, 13, 14, 16, 17]",#/components/schemas/STRReport/properties/transactions/items/properties/startingActions/items/properties/details/properties/fundAssetVirtualCurrencyTypeCode
STR_STARTING_ACTION,currency_code,REF_DEVISE,F0351,$.transactions[].startingActions[].details.currencyCode,,"[""CAD"", ""USD"", ""ADP"", ""AED"", ""AFA"", ""AFN"", ""ALL"", ""AMD"", ""AOA"", ""AOK"", ""AON"", ""ARP"", ""ARS"", ""ATS"", ""AUD"", ""AWF"", ""AWG"", ""AZM"", ""AZN"", ""BAK"", ""BAM"", ""BBD"", ""BDT"", ""BEC"", ""BEF"", ""BEL"", ""BGL"", ""BGN"", ""BHD"", ""BIF"", ""BMD"", ""BND"", ""BOB"", ""BOP"", ""BOV"", ""BRC"", ""BRL"", ""BSD"", ""BTN"", ""BTR"", ""BUK"", ""BWP"", ""BYN"", ""BYR"", ""BZD"", ""CDF"", ""CDZ"", ""CHE"", ""CHF"", ""CHW"", ""CLF"", ""CLP"", ""CNY"", ""COP"", ""COU"", ""CRC"", ""CSD"", ""CSK"", ""CUC"", ""CUP"", ""CVE"", ""CYP"", ""CZK"", ""DDM"", ""DEM"", ""DJF"", ""DKK"", ""DOP"", ""DZD"", ""ECS"", ""EEK"", ""EGP"", ""ERN"", ""ESP"", ""ETB"", ""EUR"", ""FIM"", ""FJD"", ""FKP"", ""FRF"", ""GBP"", ""GEL"", ""GHC"", ""GHS"", ""GIP"", ""GMD"", ""GNF"", ""GNS"", ""GQE"", ""GRD"", ""GTQ"", ""GWP"", ""GYD"", ""HKD"", ""HNL"", ""HRK"", ""HTG"", ""HUF"", ""IDR"", ""IEP"", ""ILS"", ""INR"", ""IQD"", ""IRR"", ""ISK"", ""ITL"", ""JMD"", ""JOD"", ""JPY"", ""KES"", ""KGS"", ""KHR"", ""KMF"", ""KPW"", ""KRW"", ""KWD"", ""KYD"", ""KZT"", ""LAK"", ""LBP"", ""LKR"", ""LRD"", ""LSL"", ""LSM"", ""LTL"", ""LUF"", ""LVL"", ""LYD"", ""MAD"", ""MDL"", ""MGA"", ""MGF"", ""MKD"", ""MLF"", ""MMK"", ""MNT"", ""MOP"", ""MRO"", ""MRU"", ""MTL"", ""MTP"", ""MUR"", ""MVR"", ""MWK"", ""MXN"", ""MXP"", ""MXV"", ""MYR"", ""MZM"", ""MZN"", ""NAD"", ""NGN"", ""NIC"", ""NIO"", ""NLG"", ""NOK"", ""NPR"", ""NZD"", ""OMR"", ""PAB"", ""PEN"", ""PES"", ""PGK"", ""PHP"", ""PKR"", ""PLN"", ""PLZ"", ""PTE"", ""PYG"", ""QAR"", ""ROL"", ""RON"", ""RSD"", ""RUB"", ""RUR"", ""RWF"", ""SAR"", ""SBD"", ""SBL"", ""SCR"", ""SDD"", ""SDG"", ""SDP"", ""SEK"", ""SGD"", ""SHP"", ""SIT"", ""SKK"", ""SLE"", ""SLL"", ""SOS"", ""SRD"", ""SRG"", ""SSP"", ""STD"", ""STN"", ""SUR"", ""SVC"", ""SYP"", ""SZL"", ""THB"", ""TJR"", ""TJS"", ""TMM"", ""TMT"", ""TND"", ""TOP"", ""TPE"", ""TRL"", ""TRY"", ""TTD"", ""TWD"", ""TZS"", ""UAH"", ""UGS"", ""UGX"", ""USN"", ""USS"", ""UYI"", ""UYP"", ""UYU"", ""UYW"", ""UZS"", ""VEB"", ""VEF"", ""VES"", ""VND"", ""VUV"", ""WST"", ""XAF"", ""XAG"", ""XAU"", ""XBA"", ""XBB"", ""XBC"", ""XBD"", ""XBT"", ""XCD"", ""XCG"", ""XDR"", ""XEU"", ""XFO"", ""XFU"", ""XOF"", ""XPD"", ""XPF"", ""XPT"", ""XSU"", ""XXX"", ""YDD"", ""YER"", ""YUD"", ""YUM"", ""YUN"", ""ZAL"", ""ZAR"", ""ZMK"", ""ZMW"", ""ZWD"", ""ZWL"", ""ZZZ""]",#/components/schemas/CurrencyCode
STR_STARTING_ACTION,vc_type_code,REF_MONNAIE_VIRTUELLE,F0352,$.transactions[].startingActions[].details.virtualCurrencyTypeCode,,"[""1INCH"", ""AAVE"", ""ABBC"", ""ADA"", ""ADX"", ""AE"", ""AERGO"", ""AGI"", ""AGVC"", ""AIB"", ""AION"", ""AKRO"", ""ALGO"", ""AMO"", ""AMP"", ""AMPL"", ""ANC"", ""ANCT"", ""ANKR"", ""ANT"", ""AOA"", ""APL"", ""APM"", ""AR"", ""ARDR"", ""ARK"", ""ARPA"", ""ARRR"", ""AST"", ""ATOM"", ""ATT"", ""AUDIO"", ""AVA"", ""AVAX"", ""AXC"", ""AXEL"", ""AXS"", ""B2B"", ""BAL"", ""BAND"", ""BASIC"", ""BASID"", ""BAT"", ""BCD"", ""BCH"", ""BCN"", ""BCZERO"", ""BDCC"", ""BDX"", ""BEAM"", ""BEL"", ""BHAO"", ""BHD"", ""BHP"", ""BHT"", ""BICO"", ""BIGONE"", ""BIKI"", ""BLCT"", ""BLOCK"", ""BLZ"", ""BNANA"", ""BNB"", ""BNK"", ""BNT"", ""BOA"", ""BONO"", ""BORA"", ""BOT"", ""BOTX"", ""BPS"", ""BRC"", ""BRG"", ""BRZE"", ""BSV"", ""BTC"", ""BTC2"", ""BTCB"", ""BTG"", ""BTM"", ""BTMX"", ""BTRS"", ""BTS"", ""BTT"", ""BTU"", ""BUSD"", ""BWF"", ""BXK"", ""BZ"", ""BZRX"", ""C20"", ""CADC"", ""CAKE"", ""CCA"", ""CCXX"", ""CEL"", ""CELO"", ""CELR"", ""CENNZ"", ""CHR"", ""CHSB"", ""CHZ"", ""CIPHC"", ""CIX100"", ""CKB"", ""CND"", ""CNX"", ""COCOS"", ""COMP"", ""CON"", ""CORE"", ""COS"", ""COTI"", ""CRE"", ""CRO"", ""CRPT"", ""CRV"", ""CTC"", ""CTCN"", ""CTK"", ""CTSI"", ""CTXC"", ""CUSD"", ""CVA"", ""CVC"", ""CVNT"", ""CVT"", ""CVX"", ""DAC"", ""DAD"", ""DAG"", ""DAI"", ""DASH"", ""DATA"", ""DCR"", ""DCY"", ""DEC"", ""DENT"", ""DFI"", ""DGB"", ""DGD"", ""DGTX"", ""DIA"", ""DIP"", ""DIVI"", ""DMCH"", ""DMG"", ""DNA"", ""DNT"", ""DOGE"", ""DOT"", ""DREP"", ""DRGN"", ""DRS"", ""DTR"", ""DUSK"", ""DX"", ""ECOREAL"", ""EDC"", ""EGLD"", ""ELA"", ""ELF"", ""ELON"", ""EMC2"", ""ENG"", ""ENJ"", ""ENS"", ""EOS"", ""ERC20"", ""ERG"", ""ETC"", ""ETH"", ""ETN"", ""EUM"", ""EURS"", ""EVN"", ""EVR"", ""EWT"", ""FAB"", ""FARM"", ""FET"", ""FIL"", ""FLG"", ""FLM"", ""FLOW"", ""FNB"", ""FSN"", ""FST"", ""FTM"", ""FTT"", ""FUN"", ""FX"", ""FXC"", ""GALA"", ""GARD"", ""GAS"", ""GBYTE"", ""GLEEC"", ""GNO"", ""GNT"", ""GRIN"", ""GRN"", ""GRS"", ""GRT"", ""GT"", ""GUSD"", ""GXC"", ""HBAR"", ""HBTC"", ""HC"", ""HEDG"", ""HEX"", ""HIVE"", ""HMR"", ""HNC"", ""HNS"", ""HNT"", ""HOD"", ""HOT"", ""HPT"", ""HSN"", ""HT"", ""HUSD"", ""HXRO"", ""HYN"", ""ICH"", ""ICP"", ""ICX"", ""IDEX"", ""IGNIS"", ""IHF"", ""ILV"", ""IMX"", ""INB"", ""INJ"", ""INO"", ""INSTAR"", ""IOST"", ""IOTX"", ""IPX"", ""IQ"", ""IRIS"", ""IZE"", ""JST"", ""JUL"", ""JWL"", ""KAI"", ""KAN"", ""KAVA"", ""KBC"", ""KCASH"", ""KCS"", ""KDA"", ""KDAG"", ""KEEP"", ""KIN"", ""KLAY"", ""KMD"", ""KNC"", ""KP3R"", ""KRT"", ""KSM"", ""LA"", ""LAMB"", ""LBC"", ""LCX"", ""LEO"", ""LEVL"", ""LINK"", ""LOKI"", ""LOOM"", ""LPT"", ""LRC"", ""LRG"", ""LSK"", ""LTC"", ""LTO"", ""LUNA"", ""LVX"", ""MAID"", ""MANA"", ""MASS"", ""MATH"", ""MATIC"", ""MBL"", ""MBN"", ""MCO"", ""MDA"", ""MED"", ""MFT"", ""MIN"", ""MIOTA"", ""MKR"", ""MLK"", ""MLN"", ""MOF"", ""MONA"", ""MRPH"", ""MTA"", ""MTC"", ""MTL"", ""MTXLT"", ""MUSD"", ""MVL"", ""MWC"", ""MX"", ""MXC"", ""NANO"", ""NAS"", ""NEAR"", ""NEC"", ""NEO"", ""NEST"", ""NEX"", ""NEXO"", ""NEXXO"", ""NIM"", ""NKN"", ""NMR"", ""NOIA"", ""NPXS"", ""NRG"", ""NU"", ""NULS"", ""NUT"", ""NVT"", ""NWC"", ""NXM"", ""NXS"", ""NYE"", ""OCEAN"", ""OCTO"", ""OGN"", ""OKB"", ""OMG"", ""ONE"", ""ONOT"", ""ONT"", ""ORBS"", ""ORC"", ""ORN"", ""OTH"", ""OXT"", ""PAI"", ""PAX"", ""PAXG"", ""PCN"", ""PCX"", ""PERL"", ""PERP"", ""PHA"", ""PIVX"", ""PLC"", ""PLF"", ""PNK"", ""POLS"", ""POLY"", ""POWR"", ""PPT"", ""PROM"", ""PRQ"", ""PZM"", ""QASH"", ""QC"", ""QKC"", ""QNT"", ""QQQ"", ""QRK"", ""QRL"", ""QSP"", ""QTUM"", ""RCHAINREV"", ""RCN"", ""RDD"", ""RDN"", ""REN"", ""RENBTC"", ""REP"", ""REPO"", ""REQ"", ""REV"", ""RIF"", ""RING"", ""RKN"", ""RLC"", ""RNDR"", ""ROSE"", ""RPL"", ""RSR"", ""RUNE"", ""RVN"", ""S4F"", ""SAFE"", ""SAND"", ""SAPP"", ""SC"", ""SCC"", ""SCRT"", ""SEELE"", ""SERO"", ""SFP"", ""SHIB"", ""SHPING"", ""SHR"", ""SLS"", ""SNB"", ""SNL"", ""SNT"", ""SNTVT"", ""SNX"", ""SOL"", ""SOLO"", ""SOLVE"", ""SPND"", ""SRM"", ""STAKE"", ""STEEM"", ""STMX"", ""STORJ"", ""STP"", ""STPT"", ""STRAT"", ""STRONG"", ""STX"", ""SUKU"", ""SUN"", ""SUSD"", ""SUSHI"", ""SWAP"", ""SWINGBY"", ""SWTH"", ""SXP"", ""SYS"", ""TCAD"", ""TEL"", ""TFUEL"", ""THETA"", ""THR"", ""THX"", ""TITAN"", ""TMTG"", ""TNC"", ""TOMO"", ""TONIC"", ""TRAC"", ""TRAT"", ""TRB"", ""TROY"", ""TRUE"", ""TRX"", ""TSHP"", ""TT"", ""TTT"", ""TUSD"", ""TWT"", ""UBT"", ""ULT"", ""UMA"", ""UNI"", ""UNICOIN"", ""UNO"", ""UOS"", ""UQC"", ""USDC"", ""USDJ"", ""USDK"", ""USDN"", ""USDP"", ""USDT"", ""UST"", ""UTK"", ""VEST"", ""VET"", ""VGX"", ""VIDT"", ""VITAE"", ""VLX"", ""VRSC"", ""VSYS"", ""VTHO"", ""VVS"", ""WAN"", ""WAVES"", ""WAXP"", ""WBNB"", ""WBTC"", ""WET"", ""WICC"", ""WIN"", ""WIX"", ""WOM"", ""WRX"", ""WTC"", ""WXT"", ""XCM"", ""XDC"", ""XEC"", ""XEM"", ""XHV"", ""XIN"", ""XLM"", ""XLT"", ""XMR"", ""XNC"", ""XOR"", ""XPR"", ""XRP"", ""XSN"", ""XSR"", ""XT"", ""XTP"", ""XTZ"", ""XVG"", ""XVS"", ""XWC"", ""XYM"", ""XYO"", ""XZC"", ""YEP"", ""YF-DAI"", ""YFI"", ""YFII"", ""YFL"", ""YGG"", ""YUSRA"", ""ZAP"", ""ZB"", ""ZCN"", ""ZEC"", ""ZEN"", ""ZIL"", ""ZLW"", ""ZNN"", ""ZRX"", ""ZT"", ""ZYN""]",#/components/schemas/VirtualCurrencyCode
STR_ACCOUNT,type_code,REF_TYPE_COMPTE,F0363,$.transactions[].startingActions[].details.account.typeCode,,"[1, 2, 3, 4, 5]",#/components/schemas/strAccount/properties/typeCode
STR_ACCOUNT,type_code,REF_TYPE_COMPTE,F0416,$.transactions[].completingActions[].details.account.typeCode,,"[1, 2, 3, 4, 5]",#/components/schemas/strAccount/properties/typeCode
STR_ACCOUNT,currency_code,REF_DEVISE,F0365,$.transactions[].startingActions[].details.account.currencyCode,,"[""CAD"", ""USD"", ""ADP"", ""AED"", ""AFA"", ""AFN"", ""ALL"", ""AMD"", ""AOA"", ""AOK"", ""AON"", ""ARP"", ""ARS"", ""ATS"", ""AUD"", ""AWF"", ""AWG"", ""AZM"", ""AZN"", ""BAK"", ""BAM"", ""BBD"", ""BDT"", ""BEC"", ""BEF"", ""BEL"", ""BGL"", ""BGN"", ""BHD"", ""BIF"", ""BMD"", ""BND"", ""BOB"", ""BOP"", ""BOV"", ""BRC"", ""BRL"", ""BSD"", ""BTN"", ""BTR"", ""BUK"", ""BWP"", ""BYN"", ""BYR"", ""BZD"", ""CDF"", ""CDZ"", ""CHE"", ""CHF"", ""CHW"", ""CLF"", ""CLP"", ""CNY"", ""COP"", ""COU"", ""CRC"", ""CSD"", ""CSK"", ""CUC"", ""CUP"", ""CVE"", ""CYP"", ""CZK"", ""DDM"", ""DEM"", ""DJF"", ""DKK"", ""DOP"", ""DZD"", ""ECS"", ""EEK"", ""EGP"", ""ERN"", ""ESP"", ""ETB"", ""EUR"", ""FIM"", ""FJD"", ""FKP"", ""FRF"", ""GBP"", ""GEL"", ""GHC"", ""GHS"", ""GIP"", ""GMD"", ""GNF"", ""GNS"", ""GQE"", ""GRD"", ""GTQ"", ""GWP"", ""GYD"", ""HKD"", ""HNL"", ""HRK"", ""HTG"", ""HUF"", ""IDR"", ""IEP"", ""ILS"", ""INR"", ""IQD"", ""IRR"", ""ISK"", ""ITL"", ""JMD"", ""JOD"", ""JPY"", ""KES"", ""KGS"", ""KHR"", ""KMF"", ""KPW"", ""KRW"", ""KWD"", ""KYD"", ""KZT"", ""LAK"", ""LBP"", ""LKR"", ""LRD"", ""LSL"", ""LSM"", ""LTL"", ""LUF"", ""LVL"", ""LYD"", ""MAD"", ""MDL"", ""MGA"", ""MGF"", ""MKD"", ""MLF"", ""MMK"", ""MNT"", ""MOP"", ""MRO"", ""MRU"", ""MTL"", ""MTP"", ""MUR"", ""MVR"", ""MWK"", ""MXN"", ""MXP"", ""MXV"", ""MYR"", ""MZM"", ""MZN"", ""NAD"", ""NGN"", ""NIC"", ""NIO"", ""NLG"", ""NOK"", ""NPR"", ""NZD"", ""OMR"", ""PAB"", ""PEN"", ""PES"", ""PGK"", ""PHP"", ""PKR"", ""PLN"", ""PLZ"", ""PTE"", ""PYG"", ""QAR"", ""ROL"", ""RON"", ""RSD"", ""RUB"", ""RUR"", ""RWF"", ""SAR"", ""SBD"", ""SBL"", ""SCR"", ""SDD"", ""SDG"", ""SDP"", ""SEK"", ""SGD"", ""SHP"", ""SIT"", ""SKK"", ""SLE"", ""SLL"", ""SOS"", ""SRD"", ""SRG"", ""SSP"", ""STD"", ""STN"", ""SUR"", ""SVC"", ""SYP"", ""SZL"", ""THB"", ""TJR"", ""TJS"", ""TMM"", ""TMT"", ""TND"", ""TOP"", ""TPE"", ""TRL"", ""TRY"", ""TTD"", ""TWD"", ""TZS"", ""UAH"", ""UGS"", ""UGX"", ""USN"", ""USS"", ""UYI"", ""UYP"", ""UYU"", ""UYW"", ""UZS"", ""VEB"", ""VEF"", ""VES"", ""VND"", ""VUV"", ""WST"", ""XAF"", ""XAG"", ""XAU"", ""XBA"", ""XBB"", ""XBC"", ""XBD"", ""XBT"", ""XCD"", ""XCG"", ""XDR"", ""XEU"", ""XFO"", ""XFU"", ""XOF"", ""XPD"", ""XPF"", ""XPT"", ""XSU"", ""XXX"", ""YDD"", ""YER"", ""YUD"", ""YUM"", ""YUN"", ""ZAL"", ""ZAR"", ""ZMK"", ""ZMW"", ""ZWD"", ""ZWL"", ""ZZZ""]",#/components/schemas/CurrencyCode
STR_ACCOUNT,currency_code,REF_DEVISE,F0418,$.transactions[].completingActions[].details.account.currencyCode,,"[""CAD"", ""USD"", ""ADP"", ""AED"", ""AFA"", ""AFN"", ""ALL"", ""AMD"", ""AOA"", ""AOK"", ""AON"", ""ARP"", ""ARS"", ""ATS"", ""AUD"", ""AWF"", ""AWG"", ""AZM"", ""AZN"", ""BAK"", ""BAM"", ""BBD"", ""BDT"", ""BEC"", ""BEF"", ""BEL"", ""BGL"", ""BGN"", ""BHD"", ""BIF"", ""BMD"", ""BND"", ""BOB"", ""BOP"", ""BOV"", ""BRC"", ""BRL"", ""BSD"", ""BTN"", ""BTR"", ""BUK"", ""BWP"", ""BYN"", ""BYR"", ""BZD"", ""CDF"", ""CDZ"", ""CHE"", ""CHF"", ""CHW"", ""CLF"", ""CLP"", ""CNY"", ""COP"", ""COU"", ""CRC"", ""CSD"", ""CSK"", ""CUC"", ""CUP"", ""CVE"", ""CYP"", ""CZK"", ""DDM"", ""DEM"", ""DJF"", ""DKK"", ""DOP"", ""DZD"", ""ECS"", ""EEK"", ""EGP"", ""ERN"", ""ESP"", ""ETB"", ""EUR"", ""FIM"", ""FJD"", ""FKP"", ""FRF"", ""GBP"", ""GEL"", ""GHC"", ""GHS"", ""GIP"", ""GMD"", ""GNF"", ""GNS"", ""GQE"", ""GRD"", ""GTQ"", ""GWP"", ""GYD"", ""HKD"", ""HNL"", ""HRK"", ""HTG"", ""HUF"", ""IDR"", ""IEP"", ""ILS"", ""INR"", ""IQD"", ""IRR"", ""ISK"", ""ITL"", ""JMD"", ""JOD"", ""JPY"", ""KES"", ""KGS"", ""KHR"", ""KMF"", ""KPW"", ""KRW"", ""KWD"", ""KYD"", ""KZT"", ""LAK"", ""LBP"", ""LKR"", ""LRD"", ""LSL"", ""LSM"", ""LTL"", ""LUF"", ""LVL"", ""LYD"", ""MAD"", ""MDL"", ""MGA"", ""MGF"", ""MKD"", ""MLF"", ""MMK"", ""MNT"", ""MOP"", ""MRO"", ""MRU"", ""MTL"", ""MTP"", ""MUR"", ""MVR"", ""MWK"", ""MXN"", ""MXP"", ""MXV"", ""MYR"", ""MZM"", ""MZN"", ""NAD"", ""NGN"", ""NIC"", ""NIO"", ""NLG"", ""NOK"", ""NPR"", ""NZD"", ""OMR"", ""PAB"", ""PEN"", ""PES"", ""PGK"", ""PHP"", ""PKR"", ""PLN"", ""PLZ"", ""PTE"", ""PYG"", ""QAR"", ""ROL"", ""RON"", ""RSD"", ""RUB"", ""RUR"", ""RWF"", ""SAR"", ""SBD"", ""SBL"", ""SCR"", ""SDD"", ""SDG"", ""SDP"", ""SEK"", ""SGD"", ""SHP"", ""SIT"", ""SKK"", ""SLE"", ""SLL"", ""SOS"", ""SRD"", ""SRG"", ""SSP"", ""STD"", ""STN"", ""SUR"", ""SVC"", ""SYP"", ""SZL"", ""THB"", ""TJR"", ""TJS"", ""TMM"", ""TMT"", ""TND"", ""TOP"", ""TPE"", ""TRL"", ""TRY"", ""TTD"", ""TWD"", ""TZS"", ""UAH"", ""UGS"", ""UGX"", ""USN"", ""USS"", ""UYI"", ""UYP"", ""UYU"", ""UYW"", ""UZS"", ""VEB"", ""VEF"", ""VES"", ""VND"", ""VUV"", ""WST"", ""XAF"", ""XAG"", ""XAU"", ""XBA"", ""XBB"", ""XBC"", ""XBD"", ""XBT"", ""XCD"", ""XCG"", ""XDR"", ""XEU"", ""XFO"", ""XFU"", ""XOF"", ""XPD"", ""XPF"", ""XPT"", ""XSU"", ""XXX"", ""YDD"", ""YER"", ""YUD"", ""YUM"", ""YUN"", ""ZAL"", ""ZAR"", ""ZMK"", ""ZMW"", ""ZWD"", ""ZWL"", ""ZZZ""]",#/components/schemas/CurrencyCode
STR_ACCOUNT,vc_type_code,REF_MONNAIE_VIRTUELLE,F0366,$.transactions[].startingActions[].details.account.virtualCurrencyTypeCode,,"[""1INCH"", ""AAVE"", ""ABBC"", ""ADA"", ""ADX"", ""AE"", ""AERGO"", ""AGI"", ""AGVC"", ""AIB"", ""AION"", ""AKRO"", ""ALGO"", ""AMO"", ""AMP"", ""AMPL"", ""ANC"", ""ANCT"", ""ANKR"", ""ANT"", ""AOA"", ""APL"", ""APM"", ""AR"", ""ARDR"", ""ARK"", ""ARPA"", ""ARRR"", ""AST"", ""ATOM"", ""ATT"", ""AUDIO"", ""AVA"", ""AVAX"", ""AXC"", ""AXEL"", ""AXS"", ""B2B"", ""BAL"", ""BAND"", ""BASIC"", ""BASID"", ""BAT"", ""BCD"", ""BCH"", ""BCN"", ""BCZERO"", ""BDCC"", ""BDX"", ""BEAM"", ""BEL"", ""BHAO"", ""BHD"", ""BHP"", ""BHT"", ""BICO"", ""BIGONE"", ""BIKI"", ""BLCT"", ""BLOCK"", ""BLZ"", ""BNANA"", ""BNB"", ""BNK"", ""BNT"", ""BOA"", ""BONO"", ""BORA"", ""BOT"", ""BOTX"", ""BPS"", ""BRC"", ""BRG"", ""BRZE"", ""BSV"", ""BTC"", ""BTC2"", ""BTCB"", ""BTG"", ""BTM"", ""BTMX"", ""BTRS"", ""BTS"", ""BTT"", ""BTU"", ""BUSD"", ""BWF"", ""BXK"", ""BZ"", ""BZRX"", ""C20"", ""CADC"", ""CAKE"", ""CCA"", ""CCXX"", ""CEL"", ""CELO"", ""CELR"", ""CENNZ"", ""CHR"", ""CHSB"", ""CHZ"", ""CIPHC"", ""CIX100"", ""CKB"", ""CND"", ""CNX"", ""COCOS"", ""COMP"", ""CON"", ""CORE"", ""COS"", ""COTI"", ""CRE"", ""CRO"", ""CRPT"", ""CRV"", ""CTC"", ""CTCN"", ""CTK"", ""CTSI"", ""CTXC"", ""CUSD"", ""CVA"", ""CVC"", ""CVNT"", ""CVT"", ""CVX"", ""DAC"", ""DAD"", ""DAG"", ""DAI"", ""DASH"", ""DATA"", ""DCR"", ""DCY"", ""DEC"", ""DENT"", ""DFI"", ""DGB"", ""DGD"", ""DGTX"", ""DIA"", ""DIP"", ""DIVI"", ""DMCH"", ""DMG"", ""DNA"", ""DNT"", ""DOGE"", ""DOT"", ""DREP"", ""DRGN"", ""DRS"", ""DTR"", ""DUSK"", ""DX"", ""ECOREAL"", ""EDC"", ""EGLD"", ""ELA"", ""ELF"", ""ELON"", ""EMC2"", ""ENG"", ""ENJ"", ""ENS"", ""EOS"", ""ERC20"", ""ERG"", ""ETC"", ""ETH"", ""ETN"", ""EUM"", ""EURS"", ""EVN"", ""EVR"", ""EWT"", ""FAB"", ""FARM"", ""FET"", ""FIL"", ""FLG"", ""FLM"", ""FLOW"", ""FNB"", ""FSN"", ""FST"", ""FTM"", ""FTT"", ""FUN"", ""FX"", ""FXC"", ""GALA"", ""GARD"", ""GAS"", ""GBYTE"", ""GLEEC"", ""GNO"", ""GNT"", ""GRIN"", ""GRN"", ""GRS"", ""GRT"", ""GT"", ""GUSD"", ""GXC"", ""HBAR"", ""HBTC"", ""HC"", ""HEDG"", ""HEX"", ""HIVE"", ""HMR"", ""HNC"", ""HNS"", ""HNT"", ""HOD"", ""HOT"", ""HPT"", ""HSN"", ""HT"", ""HUSD"", ""HXRO"", ""HYN"", ""ICH"", ""ICP"", ""ICX"", ""IDEX"", ""IGNIS"", ""IHF"", ""ILV"", ""IMX"", ""INB"", ""INJ"", ""INO"", ""INSTAR"", ""IOST"", ""IOTX"", ""IPX"", ""IQ"", ""IRIS"", ""IZE"", ""JST"", ""JUL"", ""JWL"", ""KAI"", ""KAN"", ""KAVA"", ""KBC"", ""KCASH"", ""KCS"", ""KDA"", ""KDAG"", ""KEEP"", ""KIN"", ""KLAY"", ""KMD"", ""KNC"", ""KP3R"", ""KRT"", ""KSM"", ""LA"", ""LAMB"", ""LBC"", ""LCX"", ""LEO"", ""LEVL"", ""LINK"", ""LOKI"", ""LOOM"", ""LPT"", ""LRC"", ""LRG"", ""LSK"", ""LTC"", ""LTO"", ""LUNA"", ""LVX"", ""MAID"", ""MANA"", ""MASS"", ""MATH"", ""MATIC"", ""MBL"", ""MBN"", ""MCO"", ""MDA"", ""MED"", ""MFT"", ""MIN"", ""MIOTA"", ""MKR"", ""MLK"", ""MLN"", ""MOF"", ""MONA"", ""MRPH"", ""MTA"", ""MTC"", ""MTL"", ""MTXLT"", ""MUSD"", ""MVL"", ""MWC"", ""MX"", ""MXC"", ""NANO"", ""NAS"", ""NEAR"", ""NEC"", ""NEO"", ""NEST"", ""NEX"", ""NEXO"", ""NEXXO"", ""NIM"", ""NKN"", ""NMR"", ""NOIA"", ""NPXS"", ""NRG"", ""NU"", ""NULS"", ""NUT"", ""NVT"", ""NWC"", ""NXM"", ""NXS"", ""NYE"", ""OCEAN"", ""OCTO"", ""OGN"", ""OKB"", ""OMG"", ""ONE"", ""ONOT"", ""ONT"", ""ORBS"", ""ORC"", ""ORN"", ""OTH"", ""OXT"", ""PAI"", ""PAX"", ""PAXG"", ""PCN"", ""PCX"", ""PERL"", ""PERP"", ""PHA"", ""PIVX"", ""PLC"", ""PLF"", ""PNK"", ""POLS"", ""POLY"", ""POWR"", ""PPT"", ""PROM"", ""PRQ"", ""PZM"", ""QASH"", ""QC"", ""QKC"", ""QNT"", ""QQQ"", ""QRK"", ""QRL"", ""QSP"", ""QTUM"", ""RCHAINREV"", ""RCN"", ""RDD"", ""RDN"", ""REN"", ""RENBTC"", ""REP"", ""REPO"", ""REQ"", ""REV"", ""RIF"", ""RING"", ""RKN"", ""RLC"", ""RNDR"", ""ROSE"", ""RPL"", ""RSR"", ""RUNE"", ""RVN"", ""S4F"", ""SAFE"", ""SAND"", ""SAPP"", ""SC"", ""SCC"", ""SCRT"", ""SEELE"", ""SERO"", ""SFP"", ""SHIB"", ""SHPING"", ""SHR"", ""SLS"", ""SNB"", ""SNL"", ""SNT"", ""SNTVT"", ""SNX"", ""SOL"", ""SOLO"", ""SOLVE"", ""SPND"", ""SRM"", ""STAKE"", ""STEEM"", ""STMX"", ""STORJ"", ""STP"", ""STPT"", ""STRAT"", ""STRONG"", ""STX"", ""SUKU"", ""SUN"", ""SUSD"", ""SUSHI"", ""SWAP"", ""SWINGBY"", ""SWTH"", ""SXP"", ""SYS"", ""TCAD"", ""TEL"", ""TFUEL"", ""THETA"", ""THR"", ""THX"", ""TITAN"", ""TMTG"", ""TNC"", ""TOMO"", ""TONIC"", ""TRAC"", ""TRAT"", ""TRB"", ""TROY"", ""TRUE"", ""TRX"", ""TSHP"", ""TT"", ""TTT"", ""TUSD"", ""TWT"", ""UBT"", ""ULT"", ""UMA"", ""UNI"", ""UNICOIN"", ""UNO"", ""UOS"", ""UQC"", ""USDC"", ""USDJ"", ""USDK"", ""USDN"", ""USDP"", ""USDT"", ""UST"", ""UTK"", ""VEST"", ""VET"", ""VGX"", ""VIDT"", ""VITAE"", ""VLX"", ""VRSC"", ""VSYS"", ""VTHO"", ""VVS"", ""WAN"", ""WAVES"", ""WAXP"", ""WBNB"", ""WBTC"", ""WET"", ""WICC"", ""WIN"", ""WIX"", ""WOM"", ""WRX"", ""WTC"", ""WXT"", ""XCM"", ""XDC"", ""XEC"", ""XEM"", ""XHV"", ""XIN"", ""XLM"", ""XLT"", ""XMR"", ""XNC"", ""XOR"", ""XPR"", ""XRP"", ""XSN"", ""XSR"", ""XT"", ""XTP"", ""XTZ"", ""XVG"", ""XVS"", ""XWC"", ""XYM"", ""XYO"", ""XZC"", ""YEP"", ""YF-DAI"", ""YFI"", ""YFII"", ""YFL"", ""YGG"", ""YUSRA"", ""ZAP"", ""ZB"", ""ZCN"", ""ZEC"", ""ZEN"", ""ZIL"", ""ZLW"", ""ZNN"", ""ZRX"", ""ZT"", ""ZYN""]",#/components/schemas/VirtualCurrencyCode
STR_ACCOUNT,vc_type_code,REF_MONNAIE_VIRTUELLE,F0419,$.transactions[].completingActions[].details.account.virtualCurrencyTypeCode,,"[""1INCH"", ""AAVE"", ""ABBC"", ""ADA"", ""ADX"", ""AE"", ""AERGO"", ""AGI"", ""AGVC"", ""AIB"", ""AION"", ""AKRO"", ""ALGO"", ""AMO"", ""AMP"", ""AMPL"", ""ANC"", ""ANCT"", ""ANKR"", ""ANT"", ""AOA"", ""APL"", ""APM"", ""AR"", ""ARDR"", ""ARK"", ""ARPA"", ""ARRR"", ""AST"", ""ATOM"", ""ATT"", ""AUDIO"", ""AVA"", ""AVAX"", ""AXC"", ""AXEL"", ""AXS"", ""B2B"", ""BAL"", ""BAND"", ""BASIC"", ""BASID"", ""BAT"", ""BCD"", ""BCH"", ""BCN"", ""BCZERO"", ""BDCC"", ""BDX"", ""BEAM"", ""BEL"", ""BHAO"", ""BHD"", ""BHP"", ""BHT"", ""BICO"", ""BIGONE"", ""BIKI"", ""BLCT"", ""BLOCK"", ""BLZ"", ""BNANA"", ""BNB"", ""BNK"", ""BNT"", ""BOA"", ""BONO"", ""BORA"", ""BOT"", ""BOTX"", ""BPS"", ""BRC"", ""BRG"", ""BRZE"", ""BSV"", ""BTC"", ""BTC2"", ""BTCB"", ""BTG"", ""BTM"", ""BTMX"", ""BTRS"", ""BTS"", ""BTT"", ""BTU"", ""BUSD"", ""BWF"", ""BXK"", ""BZ"", ""BZRX"", ""C20"", ""CADC"", ""CAKE"", ""CCA"", ""CCXX"", ""CEL"", ""CELO"", ""CELR"", ""CENNZ"", ""CHR"", ""CHSB"", ""CHZ"", ""CIPHC"", ""CIX100"", ""CKB"", ""CND"", ""CNX"", ""COCOS"", ""COMP"", ""CON"", ""CORE"", ""COS"", ""COTI"", ""CRE"", ""CRO"", ""CRPT"", ""CRV"", ""CTC"", ""CTCN"", ""CTK"", ""CTSI"", ""CTXC"", ""CUSD"", ""CVA"", ""CVC"", ""CVNT"", ""CVT"", ""CVX"", ""DAC"", ""DAD"", ""DAG"", ""DAI"", ""DASH"", ""DATA"", ""DCR"", ""DCY"", ""DEC"", ""DENT"", ""DFI"", ""DGB"", ""DGD"", ""DGTX"", ""DIA"", ""DIP"", ""DIVI"", ""DMCH"", ""DMG"", ""DNA"", ""DNT"", ""DOGE"", ""DOT"", ""DREP"", ""DRGN"", ""DRS"", ""DTR"", ""DUSK"", ""DX"", ""ECOREAL"", ""EDC"", ""EGLD"", ""ELA"", ""ELF"", ""ELON"", ""EMC2"", ""ENG"", ""ENJ"", ""ENS"", ""EOS"", ""ERC20"", ""ERG"", ""ETC"", ""ETH"", ""ETN"", ""EUM"", ""EURS"", ""EVN"", ""EVR"", ""EWT"", ""FAB"", ""FARM"", ""FET"", ""FIL"", ""FLG"", ""FLM"", ""FLOW"", ""FNB"", ""FSN"", ""FST"", ""FTM"", ""FTT"", ""FUN"", ""FX"", ""FXC"", ""GALA"", ""GARD"", ""GAS"", ""GBYTE"", ""GLEEC"", ""GNO"", ""GNT"", ""GRIN"", ""GRN"", ""GRS"", ""GRT"", ""GT"", ""GUSD"", ""GXC"", ""HBAR"", ""HBTC"", ""HC"", ""HEDG"", ""HEX"", ""HIVE"", ""HMR"", ""HNC"", ""HNS"", ""HNT"", ""HOD"", ""HOT"", ""HPT"", ""HSN"", ""HT"", ""HUSD"", ""HXRO"", ""HYN"", ""ICH"", ""ICP"", ""ICX"", ""IDEX"", ""IGNIS"", ""IHF"", ""ILV"", ""IMX"", ""INB"", ""INJ"", ""INO"", ""INSTAR"", ""IOST"", ""IOTX"", ""IPX"", ""IQ"", ""IRIS"", ""IZE"", ""JST"", ""JUL"", ""JWL"", ""KAI"", ""KAN"", ""KAVA"", ""KBC"", ""KCASH"", ""KCS"", ""KDA"", ""KDAG"", ""KEEP"", ""KIN"", ""KLAY"", ""KMD"", ""KNC"", ""KP3R"", ""KRT"", ""KSM"", ""LA"", ""LAMB"", ""LBC"", ""LCX"", ""LEO"", ""LEVL"", ""LINK"", ""LOKI"", ""LOOM"", ""LPT"", ""LRC"", ""LRG"", ""LSK"", ""LTC"", ""LTO"", ""LUNA"", ""LVX"", ""MAID"", ""MANA"", ""MASS"", ""MATH"", ""MATIC"", ""MBL"", ""MBN"", ""MCO"", ""MDA"", ""MED"", ""MFT"", ""MIN"", ""MIOTA"", ""MKR"", ""MLK"", ""MLN"", ""MOF"", ""MONA"", ""MRPH"", ""MTA"", ""MTC"", ""MTL"", ""MTXLT"", ""MUSD"", ""MVL"", ""MWC"", ""MX"", ""MXC"", ""NANO"", ""NAS"", ""NEAR"", ""NEC"", ""NEO"", ""NEST"", ""NEX"", ""NEXO"", ""NEXXO"", ""NIM"", ""NKN"", ""NMR"", ""NOIA"", ""NPXS"", ""NRG"", ""NU"", ""NULS"", ""NUT"", ""NVT"", ""NWC"", ""NXM"", ""NXS"", ""NYE"", ""OCEAN"", ""OCTO"", ""OGN"", ""OKB"", ""OMG"", ""ONE"", ""ONOT"", ""ONT"", ""ORBS"", ""ORC"", ""ORN"", ""OTH"", ""OXT"", ""PAI"", ""PAX"", ""PAXG"", ""PCN"", ""PCX"", ""PERL"", ""PERP"", ""PHA"", ""PIVX"", ""PLC"", ""PLF"", ""PNK"", ""POLS"", ""POLY"", ""POWR"", ""PPT"", ""PROM"", ""PRQ"", ""PZM"", ""QASH"", ""QC"", ""QKC"", ""QNT"", ""QQQ"", ""QRK"", ""QRL"", ""QSP"", ""QTUM"", ""RCHAINREV"", ""RCN"", ""RDD"", ""RDN"", ""REN"", ""RENBTC"", ""REP"", ""REPO"", ""REQ"", ""REV"", ""RIF"", ""RING"", ""RKN"", ""RLC"", ""RNDR"", ""ROSE"", ""RPL"", ""RSR"", ""RUNE"", ""RVN"", ""S4F"", ""SAFE"", ""SAND"", ""SAPP"", ""SC"", ""SCC"", ""SCRT"", ""SEELE"", ""SERO"", ""SFP"", ""SHIB"", ""SHPING"", ""SHR"", ""SLS"", ""SNB"", ""SNL"", ""SNT"", ""SNTVT"", ""SNX"", ""SOL"", ""SOLO"", ""SOLVE"", ""SPND"", ""SRM"", ""STAKE"", ""STEEM"", ""STMX"", ""STORJ"", ""STP"", ""STPT"", ""STRAT"", ""STRONG"", ""STX"", ""SUKU"", ""SUN"", ""SUSD"", ""SUSHI"", ""SWAP"", ""SWINGBY"", ""SWTH"", ""SXP"", ""SYS"", ""TCAD"", ""TEL"", ""TFUEL"", ""THETA"", ""THR"", ""THX"", ""TITAN"", ""TMTG"", ""TNC"", ""TOMO"", ""TONIC"", ""TRAC"", ""TRAT"", ""TRB"", ""TROY"", ""TRUE"", ""TRX"", ""TSHP"", ""TT"", ""TTT"", ""TUSD"", ""TWT"", ""UBT"", ""ULT"", ""UMA"", ""UNI"", ""UNICOIN"", ""UNO"", ""UOS"", ""UQC"", ""USDC"", ""USDJ"", ""USDK"", ""USDN"", ""USDP"", ""USDT"", ""UST"", ""UTK"", ""VEST"", ""VET"", ""VGX"", ""VIDT"", ""VITAE"", ""VLX"", ""VRSC"", ""VSYS"", ""VTHO"", ""VVS"", ""WAN"", ""WAVES"", ""WAXP"", ""WBNB"", ""WBTC"", ""WET"", ""WICC"", ""WIN"", ""WIX"", ""WOM"", ""WRX"", ""WTC"", ""WXT"", ""XCM"", ""XDC"", ""XEC"", ""XEM"", ""XHV"", ""XIN"", ""XLM"", ""XLT"", ""XMR"", ""XNC"", ""XOR"", ""XPR"", ""XRP"", ""XSN"", ""XSR"", ""XT"", ""XTP"", ""XTZ"", ""XVG"", ""XVS"", ""XWC"", ""XYM"", ""XYO"", ""XZC"", ""YEP"", ""YF-DAI"", ""YFI"", ""YFII"", ""YFL"", ""YGG"", ""YUSRA"", ""ZAP"", ""ZB"", ""ZCN"", ""ZEC"", ""ZEN"", ""ZIL"", ""ZLW"", ""ZNN"", ""ZRX"", ""ZT"", ""ZYN""]",#/components/schemas/VirtualCurrencyCode
STR_ACCOUNT_HOLDER,type_code,REF_TYPE_DEFINITION,F0370,$.transactions[].startingActions[].details.account.holders[].typeCode,,"[1, 2]",#/components/schemas/definitionType12
STR_ACCOUNT_HOLDER,type_code,REF_TYPE_DEFINITION,F0423,$.transactions[].completingActions[].details.account.holders[].typeCode,,"[1, 2]",#/components/schemas/definitionType12
STR_STARTING_ACTION,account_status_code,REF_STATUT_COMPTE,F0372,$.transactions[].startingActions[].details.accountStatusAtTimeOfTransaction,,"[1, 2, 3, 4]",#/components/schemas/accountStatusAtTimeOfTransaction
STR_SOURCE_OF_FUNDS,type_code,REF_TYPE_DEFINITION,F0376,$.transactions[].startingActions[].sourcesOfFundsOrVirtualCurrency[].typeCode,,"[1, 2]",#/components/schemas/definitionType12
STR_CONDUCTOR,type_code,REF_TYPE_DEFINITION,F0381,$.transactions[].startingActions[].conductors[].typeCode,,"[5, 6]",#/components/schemas/definitionType56
STR_CONDUCTOR,device_type_code,REF_TYPE_APPAREIL,F0386,$.transactions[].startingActions[].conductors[].details.typeOfDeviceCode,,"[1, 2, 3, 4]",#/components/schemas/typeOfDeviceCode
STR_ON_BEHALF_OF,type_code,REF_TYPE_DEFINITION,F0393,$.transactions[].startingActions[].conductors[].onBehalfOfs[].typeCode,,"[5, 6]",#/components/schemas/definitionType56
STR_ON_BEHALF_OF,relationship_code,REF_RELATION_TIERS,F0398,$.transactions[].startingActions[].conductors[].onBehalfOfs[].details.relationshipOfConductorCode,,"[1, 2, 3, 4, 5, 6, 7, 8, 9, 10, 11, 12, 13, 14]",#/components/schemas/relationshipOfConductorCodeWithVendor
STR_COMPLETING_ACTION,disposition_code,REF_DISPOSITION,F0400,$.transactions[].completingActions[].details.dispositionCode,,"[1, 3, 4, 5, 6, 7, 8, 9, 10, 11, 14, 15, 17, 18, 19, 20, 21, 22, 23, 24, 25, 26, 27, 28, 29, 30, 31, 32]",#/components/schemas/STRReport/properties/transactions/items/properties/completingActions/items/properties/details/properties/dispositionCode
STR_COMPLETING_ACTION,currency_code,REF_DEVISE,F0403,$.transactions[].completingActions[].details.currencyCode,,"[""CAD"", ""USD"", ""ADP"", ""AED"", ""AFA"", ""AFN"", ""ALL"", ""AMD"", ""AOA"", ""AOK"", ""AON"", ""ARP"", ""ARS"", ""ATS"", ""AUD"", ""AWF"", ""AWG"", ""AZM"", ""AZN"", ""BAK"", ""BAM"", ""BBD"", ""BDT"", ""BEC"", ""BEF"", ""BEL"", ""BGL"", ""BGN"", ""BHD"", ""BIF"", ""BMD"", ""BND"", ""BOB"", ""BOP"", ""BOV"", ""BRC"", ""BRL"", ""BSD"", ""BTN"", ""BTR"", ""BUK"", ""BWP"", ""BYN"", ""BYR"", ""BZD"", ""CDF"", ""CDZ"", ""CHE"", ""CHF"", ""CHW"", ""CLF"", ""CLP"", ""CNY"", ""COP"", ""COU"", ""CRC"", ""CSD"", ""CSK"", ""CUC"", ""CUP"", ""CVE"", ""CYP"", ""CZK"", ""DDM"", ""DEM"", ""DJF"", ""DKK"", ""DOP"", ""DZD"", ""ECS"", ""EEK"", ""EGP"", ""ERN"", ""ESP"", ""ETB"", ""EUR"", ""FIM"", ""FJD"", ""FKP"", ""FRF"", ""GBP"", ""GEL"", ""GHC"", ""GHS"", ""GIP"", ""GMD"", ""GNF"", ""GNS"", ""GQE"", ""GRD"", ""GTQ"", ""GWP"", ""GYD"", ""HKD"", ""HNL"", ""HRK"", ""HTG"", ""HUF"", ""IDR"", ""IEP"", ""ILS"", ""INR"", ""IQD"", ""IRR"", ""ISK"", ""ITL"", ""JMD"", ""JOD"", ""JPY"", ""KES"", ""KGS"", ""KHR"", ""KMF"", ""KPW"", ""KRW"", ""KWD"", ""KYD"", ""KZT"", ""LAK"", ""LBP"", ""LKR"", ""LRD"", ""LSL"", ""LSM"", ""LTL"", ""LUF"", ""LVL"", ""LYD"", ""MAD"", ""MDL"", ""MGA"", ""MGF"", ""MKD"", ""MLF"", ""MMK"", ""MNT"", ""MOP"", ""MRO"", ""MRU"", ""MTL"", ""MTP"", ""MUR"", ""MVR"", ""MWK"", ""MXN"", ""MXP"", ""MXV"", ""MYR"", ""MZM"", ""MZN"", ""NAD"", ""NGN"", ""NIC"", ""NIO"", ""NLG"", ""NOK"", ""NPR"", ""NZD"", ""OMR"", ""PAB"", ""PEN"", ""PES"", ""PGK"", ""PHP"", ""PKR"", ""PLN"", ""PLZ"", ""PTE"", ""PYG"", ""QAR"", ""ROL"", ""RON"", ""RSD"", ""RUB"", ""RUR"", ""RWF"", ""SAR"", ""SBD"", ""SBL"", ""SCR"", ""SDD"", ""SDG"", ""SDP"", ""SEK"", ""SGD"", ""SHP"", ""SIT"", ""SKK"", ""SLE"", ""SLL"", ""SOS"", ""SRD"", ""SRG"", ""SSP"", ""STD"", ""STN"", ""SUR"", ""SVC"", ""SYP"", ""SZL"", ""THB"", ""TJR"", ""TJS"", ""TMM"", ""TMT"", ""TND"", ""TOP"", ""TPE"", ""TRL"", ""TRY"", ""TTD"", ""TWD"", ""TZS"", ""UAH"", ""UGS"", ""UGX"", ""USN"", ""USS"", ""UYI"", ""UYP"", ""UYU"", ""UYW"", ""UZS"", ""VEB"", ""VEF"", ""VES"", ""VND"", ""VUV"", ""WST"", ""XAF"", ""XAG"", ""XAU"", ""XBA"", ""XBB"", ""XBC"", ""XBD"", ""XBT"", ""XCD"", ""XCG"", ""XDR"", ""XEU"", ""XFO"", ""XFU"", ""XOF"", ""XPD"", ""XPF"", ""XPT"", ""XSU"", ""XXX"", ""YDD"", ""YER"", ""YUD"", ""YUM"", ""YUN"", ""ZAL"", ""ZAR"", ""ZMK"", ""ZMW"", ""ZWD"", ""ZWL"", ""ZZZ""]",#/components/schemas/CurrencyCode
STR_COMPLETING_ACTION,vc_type_code,REF_MONNAIE_VIRTUELLE,F0404,$.transactions[].completingActions[].details.virtualCurrencyTypeCode,,"[""1INCH"", ""AAVE"", ""ABBC"", ""ADA"", ""ADX"", ""AE"", ""AERGO"", ""AGI"", ""AGVC"", ""AIB"", ""AION"", ""AKRO"", ""ALGO"", ""AMO"", ""AMP"", ""AMPL"", ""ANC"", ""ANCT"", ""ANKR"", ""ANT"", ""AOA"", ""APL"", ""APM"", ""AR"", ""ARDR"", ""ARK"", ""ARPA"", ""ARRR"", ""AST"", ""ATOM"", ""ATT"", ""AUDIO"", ""AVA"", ""AVAX"", ""AXC"", ""AXEL"", ""AXS"", ""B2B"", ""BAL"", ""BAND"", ""BASIC"", ""BASID"", ""BAT"", ""BCD"", ""BCH"", ""BCN"", ""BCZERO"", ""BDCC"", ""BDX"", ""BEAM"", ""BEL"", ""BHAO"", ""BHD"", ""BHP"", ""BHT"", ""BICO"", ""BIGONE"", ""BIKI"", ""BLCT"", ""BLOCK"", ""BLZ"", ""BNANA"", ""BNB"", ""BNK"", ""BNT"", ""BOA"", ""BONO"", ""BORA"", ""BOT"", ""BOTX"", ""BPS"", ""BRC"", ""BRG"", ""BRZE"", ""BSV"", ""BTC"", ""BTC2"", ""BTCB"", ""BTG"", ""BTM"", ""BTMX"", ""BTRS"", ""BTS"", ""BTT"", ""BTU"", ""BUSD"", ""BWF"", ""BXK"", ""BZ"", ""BZRX"", ""C20"", ""CADC"", ""CAKE"", ""CCA"", ""CCXX"", ""CEL"", ""CELO"", ""CELR"", ""CENNZ"", ""CHR"", ""CHSB"", ""CHZ"", ""CIPHC"", ""CIX100"", ""CKB"", ""CND"", ""CNX"", ""COCOS"", ""COMP"", ""CON"", ""CORE"", ""COS"", ""COTI"", ""CRE"", ""CRO"", ""CRPT"", ""CRV"", ""CTC"", ""CTCN"", ""CTK"", ""CTSI"", ""CTXC"", ""CUSD"", ""CVA"", ""CVC"", ""CVNT"", ""CVT"", ""CVX"", ""DAC"", ""DAD"", ""DAG"", ""DAI"", ""DASH"", ""DATA"", ""DCR"", ""DCY"", ""DEC"", ""DENT"", ""DFI"", ""DGB"", ""DGD"", ""DGTX"", ""DIA"", ""DIP"", ""DIVI"", ""DMCH"", ""DMG"", ""DNA"", ""DNT"", ""DOGE"", ""DOT"", ""DREP"", ""DRGN"", ""DRS"", ""DTR"", ""DUSK"", ""DX"", ""ECOREAL"", ""EDC"", ""EGLD"", ""ELA"", ""ELF"", ""ELON"", ""EMC2"", ""ENG"", ""ENJ"", ""ENS"", ""EOS"", ""ERC20"", ""ERG"", ""ETC"", ""ETH"", ""ETN"", ""EUM"", ""EURS"", ""EVN"", ""EVR"", ""EWT"", ""FAB"", ""FARM"", ""FET"", ""FIL"", ""FLG"", ""FLM"", ""FLOW"", ""FNB"", ""FSN"", ""FST"", ""FTM"", ""FTT"", ""FUN"", ""FX"", ""FXC"", ""GALA"", ""GARD"", ""GAS"", ""GBYTE"", ""GLEEC"", ""GNO"", ""GNT"", ""GRIN"", ""GRN"", ""GRS"", ""GRT"", ""GT"", ""GUSD"", ""GXC"", ""HBAR"", ""HBTC"", ""HC"", ""HEDG"", ""HEX"", ""HIVE"", ""HMR"", ""HNC"", ""HNS"", ""HNT"", ""HOD"", ""HOT"", ""HPT"", ""HSN"", ""HT"", ""HUSD"", ""HXRO"", ""HYN"", ""ICH"", ""ICP"", ""ICX"", ""IDEX"", ""IGNIS"", ""IHF"", ""ILV"", ""IMX"", ""INB"", ""INJ"", ""INO"", ""INSTAR"", ""IOST"", ""IOTX"", ""IPX"", ""IQ"", ""IRIS"", ""IZE"", ""JST"", ""JUL"", ""JWL"", ""KAI"", ""KAN"", ""KAVA"", ""KBC"", ""KCASH"", ""KCS"", ""KDA"", ""KDAG"", ""KEEP"", ""KIN"", ""KLAY"", ""KMD"", ""KNC"", ""KP3R"", ""KRT"", ""KSM"", ""LA"", ""LAMB"", ""LBC"", ""LCX"", ""LEO"", ""LEVL"", ""LINK"", ""LOKI"", ""LOOM"", ""LPT"", ""LRC"", ""LRG"", ""LSK"", ""LTC"", ""LTO"", ""LUNA"", ""LVX"", ""MAID"", ""MANA"", ""MASS"", ""MATH"", ""MATIC"", ""MBL"", ""MBN"", ""MCO"", ""MDA"", ""MED"", ""MFT"", ""MIN"", ""MIOTA"", ""MKR"", ""MLK"", ""MLN"", ""MOF"", ""MONA"", ""MRPH"", ""MTA"", ""MTC"", ""MTL"", ""MTXLT"", ""MUSD"", ""MVL"", ""MWC"", ""MX"", ""MXC"", ""NANO"", ""NAS"", ""NEAR"", ""NEC"", ""NEO"", ""NEST"", ""NEX"", ""NEXO"", ""NEXXO"", ""NIM"", ""NKN"", ""NMR"", ""NOIA"", ""NPXS"", ""NRG"", ""NU"", ""NULS"", ""NUT"", ""NVT"", ""NWC"", ""NXM"", ""NXS"", ""NYE"", ""OCEAN"", ""OCTO"", ""OGN"", ""OKB"", ""OMG"", ""ONE"", ""ONOT"", ""ONT"", ""ORBS"", ""ORC"", ""ORN"", ""OTH"", ""OXT"", ""PAI"", ""PAX"", ""PAXG"", ""PCN"", ""PCX"", ""PERL"", ""PERP"", ""PHA"", ""PIVX"", ""PLC"", ""PLF"", ""PNK"", ""POLS"", ""POLY"", ""POWR"", ""PPT"", ""PROM"", ""PRQ"", ""PZM"", ""QASH"", ""QC"", ""QKC"", ""QNT"", ""QQQ"", ""QRK"", ""QRL"", ""QSP"", ""QTUM"", ""RCHAINREV"", ""RCN"", ""RDD"", ""RDN"", ""REN"", ""RENBTC"", ""REP"", ""REPO"", ""REQ"", ""REV"", ""RIF"", ""RING"", ""RKN"", ""RLC"", ""RNDR"", ""ROSE"", ""RPL"", ""RSR"", ""RUNE"", ""RVN"", ""S4F"", ""SAFE"", ""SAND"", ""SAPP"", ""SC"", ""SCC"", ""SCRT"", ""SEELE"", ""SERO"", ""SFP"", ""SHIB"", ""SHPING"", ""SHR"", ""SLS"", ""SNB"", ""SNL"", ""SNT"", ""SNTVT"", ""SNX"", ""SOL"", ""SOLO"", ""SOLVE"", ""SPND"", ""SRM"", ""STAKE"", ""STEEM"", ""STMX"", ""STORJ"", ""STP"", ""STPT"", ""STRAT"", ""STRONG"", ""STX"", ""SUKU"", ""SUN"", ""SUSD"", ""SUSHI"", ""SWAP"", ""SWINGBY"", ""SWTH"", ""SXP"", ""SYS"", ""TCAD"", ""TEL"", ""TFUEL"", ""THETA"", ""THR"", ""THX"", ""TITAN"", ""TMTG"", ""TNC"", ""TOMO"", ""TONIC"", ""TRAC"", ""TRAT"", ""TRB"", ""TROY"", ""TRUE"", ""TRX"", ""TSHP"", ""TT"", ""TTT"", ""TUSD"", ""TWT"", ""UBT"", ""ULT"", ""UMA"", ""UNI"", ""UNICOIN"", ""UNO"", ""UOS"", ""UQC"", ""USDC"", ""USDJ"", ""USDK"", ""USDN"", ""USDP"", ""USDT"", ""UST"", ""UTK"", ""VEST"", ""VET"", ""VGX"", ""VIDT"", ""VITAE"", ""VLX"", ""VRSC"", ""VSYS"", ""VTHO"", ""VVS"", ""WAN"", ""WAVES"", ""WAXP"", ""WBNB"", ""WBTC"", ""WET"", ""WICC"", ""WIN"", ""WIX"", ""WOM"", ""WRX"", ""WTC"", ""WXT"", ""XCM"", ""XDC"", ""XEC"", ""XEM"", ""XHV"", ""XIN"", ""XLM"", ""XLT"", ""XMR"", ""XNC"", ""XOR"", ""XPR"", ""XRP"", ""XSN"", ""XSR"", ""XT"", ""XTP"", ""XTZ"", ""XVG"", ""XVS"", ""XWC"", ""XYM"", ""XYO"", ""XZC"", ""YEP"", ""YF-DAI"", ""YFI"", ""YFII"", ""YFL"", ""YGG"", ""YUSRA"", ""ZAP"", ""ZB"", ""ZCN"", ""ZEC"", ""ZEN"", ""ZIL"", ""ZLW"", ""ZNN"", ""ZRX"", ""ZT"", ""ZYN""]",#/components/schemas/VirtualCurrencyCode
STR_COMPLETING_ACTION,account_status_code,REF_STATUT_COMPTE,F0425,$.transactions[].completingActions[].details.accountStatusAtTimeOfTransaction,,"[1, 2, 3, 4]",#/components/schemas/accountStatusAtTimeOfTransaction
STR_INVOLVEMENT,type_code,REF_TYPE_DEFINITION,F0428,$.transactions[].completingActions[].involvements[].typeCode,,"[1, 2]",#/components/schemas/definitionType12
STR_BENEFICIARY,type_code,REF_TYPE_DEFINITION,F0433,$.transactions[].completingActions[].beneficiaries[].typeCode,,"[3, 4]",#/components/schemas/definitionType34
